time,x,y,yaw,vx,vy,yaw_rate,lat_accel_g,FL,FR,RL,RR
0,0.0299988,0,0,29.9988,0,0,0,2935.3,2935.3,2418.89,2418.89
0.01,0.329922,0,0,29.9874,0,0,0,2929.71,2929.71,2423.37,2423.37
0.02,0.62974,0,0,29.9774,0,0,0,2924.2,2924.2,2427.91,2427.91
0.03,0.929467,0,0,29.969,0,0,0,2918.77,2918.77,2432.52,2432.52
0.04,1.22912,0,0,29.9622,0,0,0,2913.41,2913.41,2437.21,2437.21
0.05,1.52871,0,0,29.9568,0,0,0,2908.13,2908.13,2441.96,2441.96
0.06,1.82825,0,0,29.9529,0,0,0,2902.93,2902.93,2446.77,2446.77
0.07,2.12777,0,0,29.9505,0,0,0,2897.8,2897.8,2451.66,2451.66
0.08,2.42727,0,0,29.9497,0,0,0,2892.75,2892.75,2456.62,2456.62
0.09,2.72677,0,0,29.9503,0,0,0,2887.77,2887.77,2461.64,2461.64
0.1,3.02628,0,0,29.9525,0,0,0,2882.88,2882.88,2466.73,2466.73
0.11,3.32582,0,0,29.9561,0,0,0,2878.05,2878.05,2471.89,2471.89
0.12,3.62541,0,0,29.9613,0,0,0,2873.31,2873.31,2477.11,2477.11
0.13,3.92506,0,0,29.9679,0,0,0,2868.63,2868.63,2482.41,2482.41
0.14,4.22478,0,0,29.976,0,0,0,2864.04,2864.04,2487.77,2487.77
0.15,4.5246,0,0,29.9857,0,0,0,2859.52,2859.52,2493.2,2493.2
0.16,4.82451,0,0,29.9968,0,0,0,2855.08,2855.08,2498.69,2498.69
0.17,5.12455,0,0,30.0095,0,0,0,2850.71,2850.71,2504.26,2504.26
0.18,5.42472,0,0,30.0236,0,0,0,2846.42,2846.42,2509.89,2509.89
0.19,5.72504,0,0,30.0392,0,0,0,2842.21,2842.21,2515.59,2515.59
0.2,6.02552,0,0,30.0563,0,0,0,2838.07,2838.07,2521.36,2521.36
0.21,6.32619,0,0,30.0749,0,0,0,2834.01,2834.01,2527.2,2527.2
0.22,6.62705,0,0,30.095,0,0,0,2830.02,2830.02,2533.1,2533.1
0.23,6.92811,0,0,30.1165,0,0,0,2826.11,2826.11,2539.07,2539.07
0.24,7.2294,0,0,30.1396,0,0,0,2822.28,2822.28,2545.11,2545.11
0.25,7.53093,0,0,30.1641,0,0,0,2818.52,2818.52,2551.22,2551.22
0.26,7.83272,0,0,30.1901,0,0,0,2814.84,2814.84,2557.4,2557.4
0.27,8.13477,0,0,30.2176,0,0,0,2811.24,2811.24,2563.65,2563.65
0.28,8.4371,0,0,30.2466,0,0,0,2807.72,2807.72,2569.96,2569.96
0.29,8.73974,0,0,30.2771,0,0,0,2804.27,2804.27,2576.34,2576.34
0.3,9.04268,0,0,30.309,0,0,0,2800.9,2800.9,2582.8,2582.8
0.31,9.34595,0,0,30.3424,0,0,0,2797.6,2797.6,2589.32,2589.32
0.32,9.64957,0,0,30.3773,0,0,0,2794.39,2794.39,2595.91,2595.91
0.33,9.95354,0,0,30.4137,0,0,0,2791.25,2791.25,2602.57,2602.57
0.34,10.2579,0,0,30.4515,0,0,0,2788.19,2788.19,2609.3,2609.3
0.35,10.5626,0,0,30.4908,0,0,0,2785.21,2785.21,2616.1,2616.1
0.36,10.8677,0,0,30.5316,0,0,0,2782.3,2782.3,2622.97,2622.97
0.37,11.1733,0,0,30.5739,0,0,0,2779.48,2779.48,2629.91,2629.91
0.38,11.4793,0,0,30.6176,0,0,0,2776.73,2776.73,2636.92,2636.92
0.39,11.7857,0,0,30.6628,0,0,0,2774.07,2774.07,2644,2644
0.4,12.0926,0,0,30.7094,0,0,0,2771.48,2771.48,2651.15,2651.15
0.41,12.3999,0,0,30.7575,0,0,0,2768.98,2768.98,2658.37,2658.37
0.42,12.7078,0,0,30.8071,0,0,0,2766.55,2766.55,2665.67,2665.67
0.43,13.0161,0,0,30.8581,0,0,0,2764.2,2764.2,2673.03,2673.03
0.44,13.325,0,0,30.9106,0,0,0,2761.94,2761.94,2680.47,2680.47
0.45,13.6344,0,0,30.9646,0,0,0,2759.75,2759.75,2687.98,2687.98
0.46,13.9444,0,0,31.02,0,0,0,2757.65,2757.65,2695.57,2695.57
0.47,14.2549,0,0,31.0768,0,0,0,2755.63,2755.63,2703.22,2703.22
0.48,14.566,0,0,31.1352,0,0,0,2753.69,2753.69,2710.95,2710.95
0.49,14.8776,0,0,31.1949,0,0,0,2751.83,2751.83,2718.75,2718.75
0.5,15.1899,0,0,31.2562,0,0,0,2750.06,2750.06,2726.63,2726.63
0.51,15.5028,0,0,31.3188,0,0,0,2748.37,2748.37,2734.58,2734.58
0.52,15.8164,0,0,31.383,0,0,0,2746.76,2746.76,2742.6,2742.6
0.53,16.1305,0,0,31.4485,0,0,0,2745.24,2745.24,2750.7,2750.7
0.54,16.4454,0,0,31.5155,0,0,0,2743.8,2743.8,2758.88,2758.88
0.55,16.7609,0,0,31.584,0,0,0,2742.44,2742.44,2767.13,2767.13
0.56,17.0772,0,0,31.6539,0,0,0,2741.17,2741.17,2775.46,2775.46
0.57,17.3941,0,0,31.7253,0,0,0,2739.99,2739.99,2783.86,2783.86
0.58,17.7117,0,0,31.798,0,0,0,2738.89,2738.89,2792.34,2792.34
0.59,18.0301,0,0,31.8723,0,0,0,2737.88,2737.88,2800.89,2800.89
0.6,18.3493,0,0,31.9479,0,0,0,2736.96,2736.96,2809.53,2809.53
0.61,18.6692,0,0,32.025,0,0,0,2736.12,2736.12,2818.24,2818.24
0.62,18.9898,0,0,32.1036,0,0,0,2735.37,2735.37,2827.03,2827.03
0.63,19.3113,0,0,32.1836,0,0,0,2734.71,2734.71,2835.9,2835.9
0.64,19.6336,0,0,32.265,0,0,0,2734.14,2734.14,2844.85,2844.85
0.65,19.9567,0,0,32.3478,0,0,0,2733.66,2733.66,2853.88,2853.88
0.66,20.2806,0,0,32.4321,0,0,0,2733.26,2733.26,2862.99,2862.99
0.67,20.6054,0,0,32.5178,0,0,0,2732.96,2732.96,2872.18,2872.18
0.68,20.9311,0,0,32.6049,0,0,0,2732.75,2732.75,2881.45,2881.45
0.69,21.2576,0,0,32.6934,0,0,0,2732.63,2732.63,2890.8,2890.8
0.7,21.5851,0,0,32.7834,0,0,0,2732.61,2732.61,2900.23,2900.23
0.71,21.9134,0,0,32.8748,0,0,0,2732.67,2732.67,2909.75,2909.75
0.72,22.2426,0,0,32.9676,0,0,0,2732.83,2732.83,2919.35,2919.35
0.73,22.5728,0,0,33.0618,0,0,0,2733.09,2733.09,2929.03,2929.03
0.74,22.904,0,0,33.1575,0,0,0,2733.43,2733.43,2938.8,2938.8
0.75,23.2361,0,0,33.2545,0,0,0,2733.88,2733.88,2948.65,2948.65
0.76,23.5692,0,0,33.353,0,0,0,2734.41,2734.41,2958.59,2958.59
0.77,23.9033,0,0,33.4529,0,0,0,2735.05,2735.05,2968.62,2968.62
0.78,24.2383,0,0,33.5542,0,0,0,2735.78,2735.78,2978.73,2978.73
0.79,24.5744,0,0,33.6569,0,0,0,2736.61,2736.61,2988.92,2988.92
0.8,24.9116,0,0,33.761,0,0,0,2737.54,2737.54,2999.21,2999.21
0.81,25.2498,0,0,33.8657,0,0,0,2738.52,2738.52,3009.55,3009.55
0.82,25.589,0,0,33.9708,0,0,0,2739.55,2739.55,3019.92,3019.92
0.83,25.9293,0,0,34.0762,0,0,0,2740.61,2740.61,3030.32,3030.32
0.84,26.2706,0,0,34.1818,0,0,0,2741.71,2741.71,3040.76,3040.76
0.85,26.613,0,0,34.2879,0,0,0,2742.84,2742.84,3051.23,3051.23
0.86,26.9565,0,0,34.3942,0,0,0,2744.02,2744.02,3061.74,3061.74
0.87,27.301,0,0,34.5009,0,0,0,2745.23,2745.23,3072.28,3072.28
0.88,27.6466,0,0,34.6078,0,0,0,2746.48,2746.48,3082.85,3082.85
0.89,27.9933,0,0,34.7151,0,0,0,2747.77,2747.77,3093.45,3093.45
0.9,28.341,0,0,34.8228,0,0,0,2749.09,2749.09,3104.1,3104.1
0.91,28.6899,0,0,34.9307,0,0,0,2750.46,2750.46,3114.77,3114.77
0.92,29.0398,0,0,35.039,0,0,0,2751.86,2751.86,3125.48,3125.48
0.93,29.3907,0,0,35.1476,0,0,0,2753.31,2753.31,3136.23,3136.23
0.94,29.7428,0,0,35.2565,0,0,0,2754.79,2754.79,3147.01,3147.01
0.95,30.096,0,0,35.3658,0,0,0,2756.31,2756.31,3157.82,3157.82
0.96,30.4502,0,0,35.4753,0,0,0,2757.87,2757.87,3168.67,3168.67
0.97,30.8056,0,0,35.5852,0,0,0,2759.47,2759.47,3179.56,3179.56
0.98,31.1621,0,0,35.6955,0,0,0,2761.12,2761.12,3190.48,3190.48
0.99,31.5196,0,0,35.806,0,0,0,2762.8,2762.8,3201.44,3201.44
1,31.8783,0,0,35.9169,0,0,0,2765.02,2765.02,3211.93,3211.93
1.01,32.2381,0,0,36.028,0,0,0,2771.78,2771.78,3217.96,3217.96
1.02,32.599,0,0,36.1393,0,0,0,2778.57,2778.57,3224.01,3224.01
1.03,32.961,0,0,36.2506,0,0,0,2785.38,2785.38,3230.09,3230.09
1.04,33.3241,0,0,36.3621,0,0,0,2792.23,2792.23,3236.19,3236.19
1.05,33.6883,0,0,36.4738,0,0,0,2799.1,2799.1,3242.32,3242.32
1.06,34.0537,0,0,36.5855,0,0,0,2806.01,2806.01,3248.48,3248.48
1.07,34.4202,0,0,36.6974,0,0,0,2812.94,2812.94,3254.66,3254.66
1.08,34.7877,0,0,36.8095,0,0,0,2819.9,2819.9,3260.87,3260.87
1.09,35.1565,0,0,36.9216,0,0,0,2826.9,2826.9,3267.1,3267.1
1.1,35.5263,0,0,37.0339,0,0,0,2833.92,2833.92,3273.36,3273.36
1.11,35.8972,0,0,37.1464,0,0,0,2840.97,2840.97,3279.65,3279.65
1.12,36.2693,0,0,37.259,0,0,0,2848.05,2848.05,3285.96,3285.96
1.13,36.6425,0,0,37.3717,0,0,0,2855.16,2855.16,3292.31,3292.31
1.14,37.0169,0,0,37.4846,0,0,0,2862.31,2862.31,3298.67,3298.67
1.15,37.3923,0,0,37.5975,0,0,0,2869.48,2869.48,3305.07,3305.07
1.16,37.7689,0,0,37.7107,0,0,0,2876.68,2876.68,3311.49,3311.49
1.17,38.1467,0,0,37.824,0,0,0,2883.92,2883.92,3317.94,3317.94
1.18,38.5255,0,0,37.9374,0,0,0,2891.18,2891.18,3324.42,3324.42
1.19,38.9055,0,0,38.0509,0,0,0,2898.48,2898.48,3330.93,3330.93
1.2,39.2867,0,0,38.1646,0,0,0,2905.81,2905.81,3337.46,3337.46
1.21,39.6689,0,0,38.2785,0,0,0,2913.16,2913.16,3344.02,3344.02
1.22,40.0524,0,0,38.3925,0,0,0,2920.55,2920.55,3350.61,3350.61
1.23,40.4369,0,0,38.5066,0,0,0,2927.97,2927.97,3357.22,3357.22
1.24,40.8226,0,0,38.6209,0,0,0,2935.43,2935.43,3363.87,3363.87
1.25,41.2094,0,0,38.7353,0,0,0,2942.91,2942.91,3370.54,3370.54
1.26,41.5974,0,0,38.8499,0,0,0,2950.42,2950.42,3377.24,3377.24
1.27,41.9865,0,0,38.9646,0,0,0,2957.97,2957.97,3383.97,3383.97
1.28,42.3768,0,0,39.0795,0,0,0,2965.55,2965.55,3390.73,3390.73
1.29,42.7683,0,0,39.1945,0,0,0,2973.16,2973.16,3397.52,3397.52
1.3,43.1608,0,0,39.3096,0,0,0,2980.81,2980.81,3404.33,3404.33
1.31,43.5546,0,0,39.4249,0,0,0,2988.48,2988.48,3411.18,3411.18
1.32,43.9494,0,0,39.5404,0,0,0,2996.19,2996.19,3418.05,3418.05
1.33,44.3455,0,0,39.656,0,0,0,3003.93,3003.93,3424.95,3424.95
1.34,44.7427,0,0,39.7718,0,0,0,3011.7,3011.7,3431.88,3431.88
1.35,45.141,0,0,39.8877,0,0,0,3019.51,3019.51,3438.84,3438.84
1.36,45.5406,0,0,40.0038,0,0,0,3027.35,3027.35,3445.83,3445.83
1.37,45.9412,0,0,40.12,0,0,0,3035.22,3035.22,3452.85,3452.85
1.38,46.3431,0,0,40.2363,0,0,0,3043.13,3043.13,3459.9,3459.9
1.39,46.7461,0,0,40.3529,0,0,0,3051.07,3051.07,3466.98,3466.98
1.4,47.1502,0,0,40.4695,0,0,0,3059.04,3059.04,3474.09,3474.09
1.41,47.5556,0,0,40.5864,0,0,0,3067.05,3067.05,3481.23,3481.23
1.42,47.9621,0,0,40.7034,0,0,0,3075.09,3075.09,3488.4,3488.4
1.43,48.3698,0,0,40.8205,0,0,0,3083.16,3083.16,3495.6,3495.6
1.44,48.7786,0,0,40.9378,0,0,0,3091.27,3091.27,3502.83,3502.83
1.45,49.1886,0,0,41.0553,0,0,0,3099.42,3099.42,3510.09,3510.09
1.46,49.5998,0,0,41.1729,0,0,0,3107.59,3107.59,3517.38,3517.38
1.47,50.0122,0,0,41.2907,0,0,0,3115.81,3115.81,3524.7,3524.7
1.48,50.4258,0,0,41.4086,0,0,0,3124.05,3124.05,3532.05,3532.05
1.49,50.8405,0,0,41.5267,0,0,0,3132.33,3132.33,3539.44,3539.44
1.5,51.2564,0,0,41.645,0,0,0,3140.65,3140.65,3546.85,3546.85
1.51,51.6735,0,0,41.7634,0,0,0,3149,3149,3554.3,3554.3
1.52,52.0918,0,0,41.882,0,0,0,3157.39,3157.39,3561.78,3561.78
1.53,52.5113,0,0,42.0008,0,0,0,3165.81,3165.81,3569.29,3569.29
1.54,52.9319,0,0,42.1197,0,0,0,3174.27,3174.27,3576.83,3576.83
1.55,53.3538,0,0,42.2388,0,0,0,3182.76,3182.76,3584.4,3584.4
1.56,53.7768,0,0,42.358,0,0,0,3191.29,3191.29,3592,3592
1.57,54.2011,0,0,42.4774,0,0,0,3199.85,3199.85,3599.64,3599.64
1.58,54.6265,0,0,42.597,0,0,0,3208.46,3208.46,3607.31,3607.31
1.59,55.0531,0,0,42.7167,0,0,0,3217.09,3217.09,3615.01,3615.01
1.6,55.481,0,0,42.8367,0,0,0,3225.77,3225.77,3622.75,3622.75
1.61,55.91,0,0,42.9568,0,0,0,3234.48,3234.48,3630.51,3630.51
1.62,56.3402,0,0,43.077,0,0,0,3243.23,3243.23,3638.31,3638.31
1.63,56.7717,0,0,43.1974,0,0,0,3252.01,3252.01,3646.14,3646.14
1.64,57.2043,0,0,43.318,0,0,0,3260.83,3260.83,3654.01,3654.01
1.65,57.6381,0,0,43.4388,0,0,0,3269.69,3269.69,3661.91,3661.91
1.66,58.0732,0,0,43.5597,0,0,0,3278.59,3278.59,3669.84,3669.84
1.67,58.5095,0,0,43.6809,0,0,0,3287.52,3287.52,3677.8,3677.8
1.68,58.9469,0,0,43.8022,0,0,0,3296.49,3296.49,3685.8,3685.8
1.69,59.3856,0,0,43.9236,0,0,0,3305.5,3305.5,3693.84,3693.84
1.7,59.8255,0,0,44.0453,0,0,0,3314.55,3314.55,3701.9,3701.9
1.71,60.2666,0,0,44.1671,0,0,0,3323.63,3323.63,3710,3710
1.72,60.709,0,0,44.2891,0,0,0,3332.76,3332.76,3718.14,3718.14
1.73,61.1525,0,0,44.4112,0,0,0,3341.92,3341.92,3726.31,3726.31
1.74,61.5973,0,0,44.5336,0,0,0,3351.12,3351.12,3734.51,3734.51
1.75,62.0433,0,0,44.6561,0,0,0,3360.36,3360.36,3742.75,3742.75
1.76,62.4906,0,0,44.7788,0,0,0,3369.64,3369.64,3751.02,3751.02
1.77,62.939,0,0,44.9015,0,0,0,3378.94,3378.94,3759.32,3759.32
1.78,63.3887,0,0,45.024,0,0,0,3388.26,3388.26,3767.63,3767.63
1.79,63.8396,0,0,45.1464,0,0,0,3397.59,3397.59,3775.95,3775.95
1.8,64.2918,0,0,45.2686,0,0,0,3406.93,3406.93,3784.28,3784.28
1.81,64.7451,0,0,45.3907,0,0,0,3416.29,3416.29,3792.62,3792.62
1.82,65.1997,0,0,45.5126,0,0,0,3425.67,3425.67,3800.98,3800.98
1.83,65.6555,0,0,45.6343,0,0,0,3435.05,3435.05,3809.35,3809.35
1.84,66.1125,0,0,45.7559,0,0,0,3444.45,3444.45,3817.73,3817.73
1.85,66.5708,0,0,45.8774,0,0,0,3453.86,3453.86,3826.12,3826.12
1.86,67.0302,0,0,45.9987,0,0,0,3463.29,3463.29,3834.52,3834.52
1.87,67.4908,0,0,46.1198,0,0,0,3472.72,3472.72,3842.94,3842.94
1.88,67.9527,0,0,46.2408,0,0,0,3482.17,3482.17,3851.36,3851.36
1.89,68.4158,0,0,46.3616,0,0,0,3491.64,3491.64,3859.8,3859.8
1.9,68.8801,0,0,46.4823,0,0,0,3501.11,3501.11,3868.25,3868.25
1.91,69.3455,0,0,46.6028,0,0,0,3510.6,3510.6,3876.71,3876.71
1.92,69.8122,0,0,46.7232,0,0,0,3520.1,3520.1,3885.18,3885.18
1.93,70.2801,0,0,46.8434,0,0,0,3529.61,3529.61,3893.66,3893.66
1.94,70.7492,0,0,46.9635,0,0,0,3539.14,3539.14,3902.15,3902.15
1.95,71.2195,0,0,47.0834,0,0,0,3548.68,3548.68,3910.66,3910.66
1.96,71.691,0,0,47.2031,0,0,0,3558.22,3558.22,3919.17,3919.17
1.97,72.1637,0,0,47.3227,0,0,0,3567.78,3567.78,3927.7,3927.7
1.98,72.6376,0,0,47.4421,0,0,0,3577.36,3577.36,3936.23,3936.23
1.99,73.1127,0,0,47.5614,0,0,0,3586.94,3586.94,3944.78,3944.78
2,73.5889,0,0,47.6805,0,0,0,3596.54,3596.54,3953.33,3953.33
2.01,74.0664,0,0,47.7995,0,0,0,3606.14,3606.14,3961.9,3961.9
2.02,74.545,0,0,47.9183,0,0,0,3615.76,3615.76,3970.47,3970.47
2.03,75.0224,0,0,47.5835,0,0,0,5472.36,5472.36,2069.61,2069.61
2.04,75.4965,0,0,47.3409,0,0,0,3577.26,3577.26,3921.01,3921.01
2.05,75.9681,0,0,47.0103,0,0,0,5434.44,5434.44,2020.66,2020.66
2.06,76.4364,0,0,46.6822,0,0,0,5413.39,5413.39,1992.44,1992.44
2.07,76.9018,0,0,46.4003,0,0,0,5395.17,5395.17,1968.63,1968.63
2.08,77.364,0,0,46.0766,0,0,0,5374.81,5374.81,1941.02,1941.02
2.09,77.823,0,0,45.7552,0,0,0,5354.81,5354.81,1913.73,1913.73
2.1,78.2788,0,0,45.4361,0,0,0,5335.17,5335.17,1886.75,1886.75
2.11,78.7317,0,0,45.1618,0,0,0,5318.12,5318.12,1863.98,1863.98
2.12,79.1816,0,0,44.8469,0,0,0,5299.11,5299.11,1837.58,1837.58
2.13,79.6285,0,0,44.5761,0,0,0,5282.6,5282.6,1815.29,1815.29
2.14,80.0726,0,0,44.2652,0,0,0,5264.21,5264.21,1789.43,1789.43
2.15,80.5136,0,0,43.9979,0,0,0,3370.14,3370.14,3639.86,3639.86
2.16,80.9518,0,0,43.691,0,0,0,5230.43,5230.43,1742.29,1742.29
2.17,81.3871,0,0,43.3862,0,0,0,5212.94,5212.94,1717.24,1717.24
2.18,81.8196,0,0,43.1239,0,0,0,5197.73,5197.73,1696.11,1696.11
2.19,82.2492,0,0,42.8229,0,0,0,5180.81,5180.81,1671.57,1671.57
2.2,82.6758,0,0,42.5239,0,0,0,5164.2,5164.2,1647.3,1647.3
2.21,83.0994,0,0,42.2269,0,0,0,5147.88,5147.88,1623.29,1623.29
2.22,83.5201,0,0,41.9711,0,0,0,5133.64,5133.64,1603.02,1603.02
2.23,83.9382,0,0,41.6777,0,0,0,5117.85,5117.85,1579.49,1579.49
2.24,84.3534,0,0,41.3862,0,0,0,5102.34,5102.34,1556.2,1556.2
2.25,84.7659,0,0,41.135,0,0,0,5088.79,5088.79,1536.55,1536.55
2.26,85.1757,0,0,40.847,0,0,0,5073.79,5073.79,1513.72,1513.72
2.27,85.5827,0,0,40.5986,0,0,0,5060.66,5060.66,1494.44,1494.44
2.28,85.9871,0,0,40.314,0,0,0,5046.15,5046.15,1472.05,1472.05
2.29,86.3887,0,0,40.0312,0,0,0,5031.9,5031.9,1449.89,1449.89
2.3,86.7878,0,0,39.7871,0,0,0,5019.41,5019.41,1431.18,1431.18
2.31,87.1841,0,0,39.5076,0,0,0,5005.63,5005.63,1409.44,1409.44
2.32,87.5778,0,0,39.3027,0,0,0,4994.96,4994.96,1394.25,1394.25
2.33,87.9693,0,0,39.0261,0,0,0,4981.61,4981.61,1372.89,1372.89
2.34,88.3581,0,0,38.7512,0,0,0,4968.5,4968.5,1351.74,1351.74
2.35,88.7441,0,0,38.478,0,0,0,4955.63,4955.63,1330.81,1330.81
2.36,89.1274,0,0,38.2063,0,0,0,4942.98,4942.98,1310.08,1310.08
2.37,89.5081,0,0,38.0066,0,0,0,3055.83,3055.83,3168.57,3168.57
2.38,89.8866,0,0,37.7378,0,0,0,4920.85,4920.85,1275.21,1275.21
2.39,90.2625,0,0,37.4705,0,0,0,4908.83,4908.83,1255.03,1255.03
2.4,90.6359,0,0,37.2393,0,0,0,4898.19,4898.19,1237.98,1237.98
2.41,91.0069,0,0,36.9749,0,0,0,4886.58,4886.58,1218.16,1218.16
2.42,91.3752,0,0,36.7121,0,0,0,4875.17,4875.17,1198.54,1198.54
2.43,91.7411,0,0,36.4844,0,0,0,4865.06,4865.06,1181.96,1181.96
2.44,92.1045,0,0,36.2243,0,0,0,4854.05,4854.05,1162.68,1162.68
2.45,92.4654,0,0,35.9989,0,0,0,2967.24,2967.24,3019.58,3019.58
2.46,92.8243,0,0,35.7745,0,0,0,4834.62,4834.62,1130.22,1130.22
2.47,93.1806,0,0,35.5185,0,0,0,4824.16,4824.16,1111.44,1111.44
2.48,93.5345,0,0,35.3287,0,0,0,2938.83,2938.83,2971.55,2971.55
2.49,93.8864,0,0,35.0751,0,0,0,4805.65,4805.65,1079.8,1079.8
2.5,94.2358,0,0,34.8228,0,0,0,4795.71,4795.71,1061.49,1061.49
2.51,94.5827,0,0,34.6037,0,0,0,4786.83,4786.83,1046,1046
2.52,94.9274,0,0,34.354,0,0,0,4777.25,4777.25,1028,1028
2.53,95.2695,0,0,34.1056,0,0,0,4767.85,4767.85,1010.16,1010.16
2.54,95.6095,0,0,33.9207,0,0,0,4760.19,4760.19,997.656,997.656
2.55,95.9474,0,0,33.6746,0,0,0,4751.11,4751.11,980.096,980.096
2.56,96.2828,0,0,33.4298,0,0,0,4742.2,4742.2,962.693,962.693
2.57,96.616,0,0,33.247,0,0,0,4734.87,4734.87,950.49,950.49
2.58,96.9472,0,0,33.0045,0,0,0,4726.26,4726.26,933.356,933.356
2.59,97.2759,0,0,32.7632,0,0,0,4717.82,4717.82,916.372,916.372
2.6,97.6025,0,0,32.5825,0,0,0,4710.82,4710.82,904.455,904.455
2.61,97.927,0,0,32.3433,0,0,0,4702.67,4702.67,887.729,887.729
2.62,98.2491,0,0,32.1053,0,0,0,4694.68,4694.68,871.149,871.149
2.63,98.5692,0,0,31.9557,0,0,0,4688.56,4688.56,861.909,861.909
2.64,98.8874,0,0,31.7196,0,0,0,4680.84,4680.84,845.561,845.561
2.65,99.2033,0,0,31.4848,0,0,0,4673.27,4673.27,829.352,829.352
2.66,99.5171,0,0,31.3363,0,0,0,2790.86,2790.86,2693.96,2693.96
2.67,99.8292,0,0,31.1033,0,0,0,4660.04,4660.04,804.322,804.322
2.68,100.139,0,0,30.8714,0,0,0,4652.87,4652.87,788.472,788.472
2.69,100.446,0,0,30.6684,0,0,0,2769.85,2769.85,2648.75,2648.75
2.7,100.752,0,0,30.4663,0,0,0,4639.83,4639.83,761.707,761.707
2.71,101.055,0,0,30.2374,0,0,0,4633.07,4633.07,746.218,746.218
2.72,101.357,0,0,30.0097,0,0,0,4626.45,4626.45,730.858,730.858
2.73,101.656,0,0,29.864,0,0,0,4621.06,4621.06,722.27,722.27
2.74,101.953,0,0,29.638,0,0,0,4614.67,4614.67,707.116,707.116
2.75,102.249,0,0,29.413,0,0,0,4608.42,4608.42,692.085,692.085
2.76,102.542,0,0,29.2946,0,0,0,4603.53,4603.53,685.836,685.836
2.77,102.834,0,0,29.0712,0,0,0,4597.49,4597.49,670.991,670.991
2.78,103.123,0,0,28.8488,0,0,0,4591.58,4591.58,656.265,656.265
2.79,103.41,0,0,28.6532,0,0,0,2709.81,2709.81,2517.66,2517.66
2.8,103.697,0,0,28.5355,0,0,0,4581.35,4581.35,637.688,637.688
2.81,103.981,0,0,28.3155,0,0,0,4575.76,4575.76,623.244,623.244
2.82,104.263,0,0,28.0965,0,0,0,4570.3,4570.3,608.915,608.915
2.83,104.543,0,0,27.9789,0,0,0,4565.71,4565.71,602.935,602.935
2.84,104.821,0,0,27.7613,0,0,0,4560.45,4560.45,588.778,588.778
2.85,105.098,0,0,27.5447,0,0,0,4555.3,4555.3,574.732,574.732
2.86,105.372,0,0,27.329,0,0,0,4550.28,4550.28,560.796,560.796
2.87,105.645,0,0,27.2119,0,0,0,4545.87,4545.87,554.973,554.973
2.88,105.916,0,0,26.9976,0,0,0,4541.03,4541.03,541.202,541.202
2.89,106.185,0,0,26.7843,0,0,0,4536.31,4536.31,527.537,527.537
2.9,106.452,0,0,26.6671,0,0,0,2655.93,2655.93,2395.85,2395.85
2.91,106.717,0,0,26.4789,0,0,0,4527.54,4527.54,510.256,510.256
2.92,106.981,0,0,26.2677,0,0,0,4523.1,4523.1,496.843,496.843
2.93,107.243,0,0,26.0573,0,0,0,4518.78,4518.78,483.532,483.532
2.94,107.503,0,0,25.9869,0,0,0,2638.66,2638.66,2355.86,2355.86
2.95,107.761,0,0,25.7777,0,0,0,4510.51,4510.51,468.59,468.59
2.96,108.018,0,0,25.5694,0,0,0,4506.45,4506.45,455.511,455.511
2.97,108.272,0,0,25.3618,0,0,0,4502.5,4502.5,442.529,442.529
2.98,108.526,0,0,25.3131,0,0,0,4498.41,4498.41,442.665,442.665
2.99,108.778,0,0,25.1065,0,0,0,4494.59,4494.59,429.802,429.802
3,109.028,0,0,24.9008,0,0,0,4490.88,4490.88,417.033,417.033
3.01,109.275,0,0,24.6959,0,0,0,4487.27,4487.27,404.359,404.359
3.02,109.522,0,0,24.6676,0,0,0,2607.16,2607.16,2280.48,2280.48
3.03,109.768,0,0,24.4636,0,0,0,4479.6,4479.6,393.735,393.735
3.04,110.011,0,0,24.2603,0,0,0,4476.21,4476.21,381.257,381.257
3.05,110.253,0,0,24.0578,0,0,0,4472.92,4472.92,368.869,368.869
3.06,110.493,0,0,23.9844,0,0,0,2593.06,2593.06,2241.43,2241.43
3.07,110.732,0,0,23.8043,0,0,0,4465.65,4465.65,356.706,356.706
3.08,110.969,0,0,23.6035,0,0,0,4462.58,4462.58,344.518,344.518
3.09,111.203,0,0,23.4034,0,0,0,4459.62,4459.62,332.418,332.418
3.1,111.437,0,0,23.3288,0,0,0,2579.84,2579.84,2205.05,2205.05
3.11,111.67,0,0,23.1922,0,0,0,4452.29,4452.29,323.986,323.986
3.12,111.9,0,0,22.9936,0,0,0,4449.52,4449.52,312.061,312.061
3.13,112.129,0,0,22.7958,0,0,0,4446.85,4446.85,300.22,300.22
3.14,112.356,0,0,22.6592,0,0,0,2567.81,2567.81,2167.84,2167.84
3.15,112.583,0,0,22.6042,0,0,0,4439.48,4439.48,293.654,293.654
3.16,112.808,0,0,22.4078,0,0,0,4436.99,4436.99,281.977,281.977
3.17,113.031,0,0,22.212,0,0,0,4434.6,4434.6,270.38,270.38
3.18,113.252,0,0,22.0169,0,0,0,4432.29,4432.29,258.864,258.864
3.19,113.472,0,0,21.9995,0,0,0,2551.9,2551.9,2136.63,2136.63
3.2,113.691,0,0,21.8446,0,0,0,4424.89,4424.89,254.158,254.158
3.21,113.908,0,0,21.6507,0,0,0,4422.75,4422.75,242.791,242.791
3.22,114.124,0,0,21.4575,0,0,0,4420.69,4420.69,231.502,231.502
3.23,114.338,0,0,21.3223,0,0,0,2542.1,2542.1,2099.52,2099.52
3.24,114.551,0,0,21.2834,0,0,0,4413.39,4413.39,226.883,226.883
3.25,114.762,0,0,21.0914,0,0,0,4411.5,4411.5,215.74,215.74
3.26,114.972,0,0,20.9001,0,0,0,4409.7,4409.7,204.673,204.673
3.27,115.18,0,0,20.7094,0,0,0,4407.98,4407.98,193.68,193.68
3.28,115.387,0,0,20.6493,0,0,0,2528.22,2528.22,2068.22,2068.22
3.29,115.593,0,0,20.5713,0,0,0,4400.15,4400.15,192.377,192.377
3.3,115.798,0,0,20.3816,0,0,0,4398.57,4398.57,181.512,181.512
3.31,116.001,0,0,20.1926,0,0,0,4395.08,4395.08,172.719,172.719
3.32,116.201,0,0,20.0041,0,0,0,4329.11,4329.11,226.551,226.551
3.33,116.401,0,0,19.981,0,0,0,2507.76,2507.76,2045.25,2045.25
3.34,116.601,0,0,19.8852,0,0,0,4275.98,4275.98,272.077,272.077
3.35,116.799,0,0,19.6977,0,0,0,4203.85,4203.85,332.314,332.314
3.36,116.995,0,0,19.5107,0,0,0,4127.52,4127.52,396.905,396.905
3.37,117.189,0,0,19.3243,0,0,0,4051.48,4051.48,461.352,461.352
3.38,117.382,0,0,19.32,0,0,0,2485.28,2485.28,2026.15,2026.15
3.39,117.575,0,0,19.2621,0,0,0,4019.09,4019.09,489.887,489.887
3.4,117.767,0,0,19.0765,0,0,0,3948.44,3948.44,549.145,549.145
3.41,117.956,0,0,18.8914,0,0,0,3875.06,3875.06,611.263,611.263
3.42,118.144,0,0,18.7069,0,0,0,3799.96,3799.96,675.245,675.245
3.43,118.331,0,0,18.6487,0,0,0,2465.22,2465.22,2005.43,2005.43
3.44,118.517,0,0,18.6457,0,0,0,2460.12,2460.12,2010.34,2010.34
3.45,118.703,0,0,18.4619,0,0,0,3696.88,3696.88,763.743,763.743
3.46,118.886,0,0,18.2786,0,0,0,3625.92,3625.92,823.911,823.911
3.47,119.068,0,0,18.0959,0,0,0,3551.74,3551.74,887.448,887.448
3.48,119.248,0,0,17.9848,0,0,0,2446.15,2446.15,1985.59,1985.59
3.49,119.428,0,0,17.9818,0,0,0,2441.05,2441.05,1990.5,1990.5
3.5,119.608,0,0,17.8898,0,0,0,3461.16,3461.16,966.141,966.141
3.51,119.785,0,0,17.7081,0,0,0,3392.54,3392.54,1024.41,1024.41
3.52,119.962,0,0,17.527,0,0,0,3321.17,3321.17,1085.55,1085.55
3.53,120.136,0,0,17.3501,0,0,0,3249.33,3249.33,1147.46,1147.46
3.54,120.309,0,0,17.3298,0,0,0,2424.08,2424.08,1970.64,1970.64
3.55,120.482,0,0,17.3279,0,0,0,2419.02,2419.02,1975.59,1975.59
3.56,120.655,0,0,17.1921,0,0,0,3178.67,3178.67,1209.35,1209.35
3.57,120.826,0,0,17.0292,0,0,0,3117.57,3117.57,1261.48,1261.48
3.58,120.996,0,0,16.8733,0,0,0,3055.86,3055.86,1314.69,1314.69
3.59,121.163,0,0,16.7239,0,0,0,2995.35,2995.35,1367.13,1367.13
3.6,121.33,0,0,16.664,0,0,0,2406.44,2406.44,1952.07,1952.07
3.61,121.497,0,0,16.6619,0,0,0,2401.37,2401.37,1957.01,1957.01
3.62,121.663,0,0,16.5348,0,0,0,2914.81,2914.81,1437.56,1437.56
3.63,121.827,0,0,16.3997,0,0,0,2864.1,2864.1,1481.1,1481.1
3.64,121.991,0,0,16.2702,0,0,0,2811.75,2811.75,1526.65,1526.65
3.65,122.153,0,0,16.1501,0,0,0,2762.88,2762.88,1569.22,1569.22
3.66,122.314,0,0,16.0428,0,0,0,2719.25,2719.25,1607.26,1607.26
3.67,122.474,0,0,15.9921,0,0,0,2388.38,2388.38,1935.02,1935.02
3.68,122.633,0,0,15.9189,0,0,0,2668.86,2668.86,1651.23,1651.23
3.69,122.792,0,0,15.8366,0,0,0,2635.39,2635.39,1680.47,1680.47
3.7,122.95,0,0,15.7631,0,0,0,2605.53,2605.53,1706.57,1706.57
3.71,123.107,0,0,15.6975,0,0,0,2578.89,2578.89,1729.87,1729.87
3.72,123.264,0,0,15.639,0,0,0,2555.12,2555.12,1750.67,1750.67
3.73,123.42,0,0,15.5868,0,0,0,2533.92,2533.92,1769.23,1769.23
3.74,123.576,0,0,15.5401,0,0,0,2515,2515,1785.8,1785.8
3.75,123.731,0,0,15.4986,0,0,0,2498.12,2498.12,1800.59,1800.59
3.76,123.885,0,0,15.4614,0,0,0,2483.06,2483.06,1813.79,1813.79
3.77,124.04,0,0,15.4283,0,0,0,2469.62,2469.62,1825.58,1825.58
3.78,124.194,0,0,15.3988,0,0,0,2457.63,2457.63,1836.09,1836.09
3.79,124.348,0,0,15.3724,0,0,0,2446.93,2446.93,1845.48,1845.48
3.8,124.501,0,0,15.3489,0,0,0,2437.39,2437.39,1853.85,1853.85
3.81,124.655,0,0,15.3279,0,0,0,2428.87,2428.87,1861.33,1861.33
3.82,124.808,0,0,15.3091,0,0,0,2421.27,2421.27,1868,1868
3.83,124.961,0,0,15.2924,0,0,0,2414.49,2414.49,1873.95,1873.95
3.84,125.114,0,0,15.2775,0,0,0,2408.43,2408.43,1879.27,1879.27
3.85,125.267,0,0,15.2641,0,0,0,2403.03,2403.03,1884.01,1884.01
3.86,125.419,0,0,15.2522,0,0,0,2398.21,2398.21,1888.24,1888.24
3.87,125.572,0,0,15.2416,0,0,0,2393.91,2393.91,1892.02,1892.02
3.88,125.724,0,0,15.2322,0,0,0,2390.08,2390.08,1895.39,1895.39
3.89,125.876,0,0,15.2237,0,0,0,2386.65,2386.65,1898.4,1898.4
3.9,126.028,0,0,15.2162,0,0,0,2383.6,2383.6,1901.08,1901.08
3.91,126.181,0,0,15.2095,0,0,0,2380.87,2380.87,1903.48,1903.48
3.92,126.333,0,0,15.2035,0,0,0,2378.44,2378.44,1905.61,1905.61
3.93,126.485,0,0,15.1981,0,0,0,2376.26,2376.26,1907.52,1907.52
3.94,126.637,0,0,15.1933,0,0,0,2374.33,2374.33,1909.22,1909.22
3.95,126.788,0,0,15.189,0,0,0,2372.6,2372.6,1910.74,1910.74
3.96,126.94,0,0,15.1852,0,0,0,2371.05,2371.05,1912.1,1912.1
3.97,127.092,0,0,15.1818,0,0,0,2369.68,2369.68,1913.31,1913.31
3.98,127.244,0,0,15.1787,0,0,0,2369.16,2369.16,1913.67,1913.67
3.99,127.396,0,0,15.1757,0,0,0,2368.78,2368.78,1913.91,1913.91
4,127.547,0,0,15.1727,0,0,0,2368.4,2368.4,1914.14,1914.14
4.01,127.699,0,0,15.1698,0,0,0,2368.04,2368.04,1914.36,1914.36
4.02,127.851,0,0,15.1671,0,0,0,2367.69,2367.69,1914.57,1914.57
4.03,128.003,0,0,15.1644,0,0,0,2367.35,2367.35,1914.78,1914.78
4.04,128.154,0,0,15.1618,0,0,0,2367.03,2367.03,1914.98,1914.98
4.05,128.306,0,0,15.1592,0,0,0,2366.71,2366.71,1915.18,1915.18
4.06,128.457,0,0,15.1568,0,0,0,2366.4,2366.4,1915.37,1915.37
4.07,128.609,0,0,15.1544,0,0,0,2366.1,2366.1,1915.55,1915.55
4.08,128.76,0,0,15.1521,0,0,0,2365.8,2365.8,1915.73,1915.73
4.09,128.912,0,0,15.1498,0,0,0,2365.52,2365.52,1915.91,1915.91
4.1,129.063,0,0,15.1477,0,0,0,2365.25,2365.25,1916.07,1916.07
4.11,129.215,0,0,15.1456,0,0,0,2364.98,2364.98,1916.24,1916.24
4.12,129.366,0,0,15.1435,0,0,0,2364.72,2364.72,1916.4,1916.4
4.13,129.518,0,0,15.1415,0,0,0,2364.47,2364.47,1916.55,1916.55
4.14,129.669,0,0,15.1396,0,0,0,2364.23,2364.23,1916.7,1916.7
4.15,129.821,0,0,15.1377,0,0,0,2364,2364,1916.84,1916.84
4.16,129.972,0,0,15.1359,0,0,0,2363.77,2363.77,1916.98,1916.98
4.17,130.123,0,0,15.1342,0,0,0,2363.55,2363.55,1917.12,1917.12
4.18,130.275,0,0,15.1325,0,0,0,2363.33,2363.33,1917.25,1917.25
4.19,130.426,0,0,15.1308,0,0,0,2363.12,2363.12,1917.38,1917.38
4.2,130.577,0,0,15.1292,0,0,0,2362.92,2362.92,1917.5,1917.5
4.21,130.728,0,0,15.1277,0,0,0,2362.73,2362.73,1917.62,1917.62
4.22,130.88,0,0,15.1261,0,0,0,2362.54,2362.54,1917.74,1917.74
4.23,131.031,0,0,15.1247,0,0,0,2362.35,2362.35,1917.85,1917.85
4.24,131.182,0,0,15.1233,0,0,0,2362.17,2362.17,1917.96,1917.96
4.25,131.333,0,0,15.1219,0,0,0,2362,2362,1918.07,1918.07
4.26,131.485,0,0,15.1206,0,0,0,2361.83,2361.83,1918.17,1918.17
4.27,131.636,0,0,15.1193,0,0,0,2361.67,2361.67,1918.27,1918.27
4.28,131.787,0,0,15.118,0,0,0,2361.51,2361.51,1918.37,1918.37
4.29,131.938,0,0,15.1168,0,0,0,2361.36,2361.36,1918.46,1918.46
4.3,132.089,0,0,15.1156,0,0,0,2361.21,2361.21,1918.56,1918.56
4.31,132.241,0,0,15.1145,0,0,0,2361.07,2361.07,1918.64,1918.64
4.32,132.392,0,0,15.1134,0,0,0,2360.93,2360.93,1918.73,1918.73
4.33,132.543,0,0,15.1123,0,0,0,2360.79,2360.79,1918.81,1918.81
4.34,132.694,0,0,15.1112,0,0,0,2360.66,2360.66,1918.9,1918.9
4.35,132.845,0,0,15.1102,0,0,0,2360.53,2360.53,1918.97,1918.97
4.36,132.996,0,0,15.1092,0,0,0,2360.41,2360.41,1919.05,1919.05
4.37,133.147,0,0,15.1083,0,0,0,2360.29,2360.29,1919.12,1919.12
4.38,133.298,0,0,15.1074,0,0,0,2360.17,2360.17,1919.2,1919.2
4.39,133.449,0,0,15.1065,0,0,0,2360.06,2360.06,1919.26,1919.26
4.4,133.6,0,0,15.1056,0,0,0,2359.95,2359.95,1919.33,1919.33
4.41,133.751,0,0,15.1047,0,0,0,2359.84,2359.84,1919.4,1919.4
4.42,133.903,0,0,15.1039,0,0,0,2359.74,2359.74,1919.46,1919.46
4.43,134.054,0,0,15.1031,0,0,0,2359.64,2359.64,1919.52,1919.52
4.44,134.205,0,0,15.1024,0,0,0,2359.54,2359.54,1919.58,1919.58
4.45,134.356,0,0,15.1016,0,0,0,2359.45,2359.45,1919.64,1919.64
4.46,134.507,0,0,15.1009,0,0,0,2359.36,2359.36,1919.7,1919.7
4.47,134.658,0,0,15.1002,0,0,0,2359.27,2359.27,1919.75,1919.75
4.48,134.809,0,0,15.0995,0,0,0,2359.18,2359.18,1919.8,1919.8
4.49,134.96,0,0,15.0988,0,0,0,2359.1,2359.1,1919.85,1919.85
4.5,135.111,0,0,15.0982,0,0,0,2359.02,2359.02,1919.9,1919.9
4.51,135.262,0,0,15.0976,0,0,0,2358.94,2358.94,1919.95,1919.95
4.52,135.413,0,0,15.097,0,0,0,2358.86,2358.86,1920,1920
4.53,135.564,0,0,15.0964,0,0,0,2358.79,2358.79,1920.04,1920.04
4.54,135.714,0,0,15.0958,0,0,0,2358.72,2358.72,1920.09,1920.09
4.55,135.865,0,0,15.0953,0,0,0,2358.65,2358.65,1920.13,1920.13
4.56,136.016,0,0,15.0947,0,0,0,2358.58,2358.58,1920.17,1920.17
4.57,136.167,0,0,15.0942,0,0,0,2358.52,2358.52,1920.21,1920.21
4.58,136.318,0,0,15.0937,0,0,0,2358.45,2358.45,1920.25,1920.25
4.59,136.469,0,0,15.0932,0,0,0,2358.39,2358.39,1920.29,1920.29
4.6,136.62,0,0,15.0928,0,0,0,2358.33,2358.33,1920.33,1920.33
4.61,136.771,0,0,15.0923,0,0,0,2358.28,2358.28,1920.36,1920.36
4.62,136.922,0,0,15.0919,0,0,0,2358.22,2358.22,1920.4,1920.4
4.63,137.073,0,0,15.0914,0,0,0,2358.17,2358.17,1920.43,1920.43
4.64,137.224,0,0,15.091,0,0,0,2358.11,2358.11,1920.46,1920.46
4.65,137.375,0,0,15.0906,0,0,0,2358.06,2358.06,1920.49,1920.49
4.66,137.526,-3.80008e-07,-4.76023e-07,15.0902,-0.000372825,-0.000476023,-0.000732241,2385.9,2330.12,1948.41,1892.63
4.67,137.677,-2.37535e-05,-2.45612e-05,15.0898,-0.00347736,-0.0036198,-0.005568,2377.8,2338.13,1940.38,1900.72
4.68,137.827,-7.85768e-05,-6.96699e-05,15.0895,-0.00568765,-0.00508055,-0.00781475,2372.05,2343.79,1934.71,1906.45
4.69,137.978,-0.000159561,-0.000124851,15.0891,-0.0072626,-0.0058044,-0.00892794,2367.94,2347.81,1930.68,1910.54
4.7,138.129,-0.000262468,-0.000185199,15.0887,-0.00838346,-0.00618924,-0.00951965,2364.98,2350.67,1927.79,1913.48
4.71,138.28,-0.000384063,-0.000248387,15.0884,-0.0091786,-0.00640718,-0.00985465,2362.85,2352.72,1925.73,1915.6
4.72,138.431,-0.000521939,-0.000313221,15.0881,-0.00973951,-0.00653594,-0.0100525,2361.3,2354.18,1924.25,1917.13
4.73,138.582,-0.000689897,-0.000397013,15.0877,-0.0149969,-0.0122994,-0.0189164,2428.08,2287.32,1991.1,1850.33
4.74,138.733,-0.000957785,-0.000559595,15.0874,-0.0228323,-0.0187591,-0.0288507,2407.7,2307.61,1970.79,1870.7
4.75,138.884,-0.00131951,-0.000765902,15.087,-0.0284061,-0.0218384,-0.0335858,2393.21,2322.01,1956.37,1885.17
4.76,139.034,-0.00176074,-0.00099373,15.0867,-0.0323679,-0.0234063,-0.0359964,2382.85,2332.3,1946.07,1895.52
4.77,139.185,-0.00227032,-0.00123288,15.0864,-0.035175,-0.024258,-0.0373055,2375.41,2339.67,1938.68,1902.95
4.78,139.336,-0.00283983,-0.00147835,15.0862,-0.0371526,-0.0247435,-0.0380514,2370.04,2344.96,1933.38,1908.29
4.79,139.487,-0.00346303,-0.00172746,15.0859,-0.038533,-0.025025,-0.0384836,2366.17,2348.77,1929.56,1912.16
4.8,139.638,-0.0042041,-0.00205233,15.0855,-0.0518257,-0.0385086,-0.0592171,2452.55,2262.28,2016.03,1825.75
4.81,139.789,-0.00512789,-0.00248143,15.0851,-0.0624095,-0.0457137,-0.0702951,2424.91,2289.83,1988.46,1853.38
4.82,139.94,-0.00620901,-0.00295988,15.0848,-0.0699181,-0.0492303,-0.0757011,2405.19,2309.46,1968.81,1873.08
4.83,140.09,-0.00742694,-0.00346316,15.0845,-0.0752285,-0.0510565,-0.0785078,2391.06,2323.52,1954.74,1887.19
4.84,140.241,-0.00876598,-0.00397969,15.0842,-0.0789616,-0.0520541,-0.0800403,2380.9,2333.61,1944.63,1897.34
4.85,140.392,-0.0102144,-0.00450356,15.084,-0.0815593,-0.0526104,-0.0808945,2373.57,2340.88,1937.35,1904.66
4.86,140.543,-0.0117694,-0.00503885,15.0837,-0.0872228,-0.0577579,-0.0888075,2511.1,2203.28,2074.94,1767.12
4.87,140.694,-0.0135545,-0.0057119,15.0831,-0.104323,-0.0732994,-0.1127,2466.13,2248.11,2030.08,1812.06
4.88,140.845,-0.0155929,-0.00648911,15.0827,-0.116433,-0.08055,-0.123844,2434.22,2279.91,1998.26,1843.96
4.89,140.995,-0.0178536,-0.00731628,15.0823,-0.124988,-0.0841301,-0.129345,2411.41,2302.63,1975.52,1866.74
4.9,141.146,-0.0203122,-0.00816879,15.082,-0.130999,-0.0859932,-0.132207,2395.04,2318.93,1959.21,1883.1
4.91,141.297,-0.0229501,-0.00903473,15.0818,-0.135179,-0.0869917,-0.13374,2383.25,2330.65,1947.47,1894.87
4.92,141.448,-0.0257534,-0.00990782,15.0816,-0.13804,-0.0875155,-0.134544,2374.74,2339.11,1939,1903.38
4.93,141.599,-0.0287593,-0.0108382,15.081,-0.152519,-0.102147,-0.157031,2512.28,2201.43,2076.66,1765.81
4.94,141.749,-0.0321084,-0.0119399,15.0803,-0.169771,-0.115231,-0.177138,2466.61,2246.93,2031.13,1811.45
4.95,141.9,-0.0357749,-0.01313,15.0798,-0.181946,-0.121441,-0.186678,2434.08,2279.33,1998.7,1843.95
4.96,142.051,-0.0397255,-0.0143632,15.0794,-0.190494,-0.124542,-0.19144,2410.78,2302.54,1975.47,1867.24
4.97,142.202,-0.0439344,-0.0156182,15.0792,-0.196438,-0.126145,-0.1939,2394.02,2319.23,1958.77,1883.98
4.98,142.352,-0.0483821,-0.0168847,15.0789,-0.200506,-0.126964,-0.195157,2381.92,2331.27,1946.72,1896.07
4.99,142.503,-0.0530541,-0.0181566,15.0788,-0.203219,-0.127336,-0.195726,2373.17,2339.97,1938.01,1904.81
5,142.654,-0.0580724,-0.0195708,15.0776,-0.226461,-0.150223,-0.230888,2504.32,2208.56,2069.37,1773.61
5.01,142.805,-0.0635106,-0.0211373,15.0769,-0.242847,-0.160715,-0.247001,2460.45,2252.23,2025.66,1817.44
5.02,142.955,-0.0693268,-0.0227751,15.0764,-0.254349,-0.165757,-0.254741,2429.11,2283.44,1994.43,1848.76
5.03,143.106,-0.0754877,-0.0244479,15.076,-0.262352,-0.168273,-0.258601,2406.6,2305.85,1972,1871.25
5.04,143.256,-0.0819676,-0.0261382,15.0757,-0.267837,-0.16953,-0.260529,2390.38,2322.01,1955.83,1887.46
5.05,143.407,-0.0887472,-0.0278371,15.0755,-0.271505,-0.170104,-0.261407,2378.65,2333.69,1944.14,1899.18
5.06,143.558,-0.0958281,-0.0295586,15.0749,-0.281532,-0.179638,-0.276048,2555.11,2157.11,2120.7,1722.69
5.07,143.708,-0.103381,-0.0314719,15.0737,-0.303576,-0.198657,-0.305248,2496,2215.89,2061.85,1781.74
5.08,143.859,-0.111416,-0.0335121,15.0728,-0.319057,-0.207446,-0.318736,2453.94,2257.73,2019.97,1823.76
5.09,144.009,-0.119891,-0.0356123,15.0723,-0.329851,-0.211672,-0.325218,2423.81,2287.72,1989.95,1853.86
5.1,144.16,-0.128773,-0.0377416,15.0719,-0.337279,-0.213739,-0.328385,2402.13,2309.3,1968.35,1875.52
5.11,144.31,-0.138037,-0.039885,15.0717,-0.342279,-0.2147,-0.329856,2386.47,2324.9,1952.75,1891.17
5.12,144.461,-0.147663,-0.0420342,15.0715,-0.345522,-0.215041,-0.330377,2375.12,2336.21,1941.43,1902.51
5.13,144.611,-0.157714,-0.0442686,15.0702,-0.364809,-0.234434,-0.360138,2533.74,2177.28,2100.29,1743.83
5.14,144.762,-0.16834,-0.0467004,15.0689,-0.384515,-0.248688,-0.382004,2480.27,2230.42,2047.09,1797.24
5.15,144.912,-0.179504,-0.0492279,15.0681,-0.398274,-0.255337,-0.392196,2442.08,2268.41,2009.06,1835.39
5.16,145.062,-0.191164,-0.0518007,15.0676,-0.407769,-0.258515,-0.397063,2414.63,2295.71,1981.73,1862.81
5.17,145.212,-0.203289,-0.0543949,15.0672,-0.414195,-0.259997,-0.399331,2394.84,2315.42,1962.01,1882.59
5.18,145.363,-0.215856,-0.0569986,15.067,-0.4184,-0.260577,-0.400216,2380.5,2329.7,1947.71,1896.92
5.19,145.513,-0.228847,-0.059605,15.0669,-0.420993,-0.260628,-0.400291,2370.07,2340.1,1937.31,1907.34
5.2,145.663,-0.242396,-0.0623662,15.0649,-0.446406,-0.285762,-0.438835,2516.04,2193.65,2083.67,1761.28
5.21,145.813,-0.256584,-0.0652935,15.0636,-0.464183,-0.297119,-0.456237,2467.05,2242.31,2034.94,1810.2
5.22,145.963,-0.271362,-0.068297,15.0628,-0.476503,-0.302404,-0.464329,2431.95,2277.21,2000.01,1845.27
5.23,146.113,-0.286695,-0.0713361,15.0623,-0.484901,-0.304866,-0.468092,2406.67,2302.36,1974.83,1870.52
5.24,146.263,-0.302551,-0.0743914,15.062,-0.490466,-0.30591,-0.469686,2388.38,2320.56,1956.61,1888.79
5.25,146.413,-0.31891,-0.0774524,15.0619,-0.493978,-0.306176,-0.470089,2375.1,2333.8,1943.36,1902.07
5.26,146.562,-0.33578,-0.0805461,15.0608,-0.506547,-0.318567,-0.489079,2552.94,2155.74,2121.38,1724.19
5.27,146.712,-0.353342,-0.0838431,15.0589,-0.528466,-0.336652,-0.516778,2492.79,2215.39,2061.64,1784.24
5.28,146.861,-0.371587,-0.08726,15.0577,-0.543701,-0.344875,-0.52936,2449.81,2258.06,2018.91,1827.16
5.29,147.011,-0.390471,-0.090732,15.057,-0.55414,-0.348662,-0.535148,2418.91,2288.78,1988.16,1858.02
5.3,147.16,-0.40996,-0.094229,15.0566,-0.561122,-0.350323,-0.537682,2396.59,2310.99,1965.93,1880.32
5.31,147.31,-0.430027,-0.0977359,15.0563,-0.565598,-0.350875,-0.538521,2380.4,2327.12,1949.78,1896.5
5.32,147.459,-0.450652,-0.101245,15.0562,-0.568251,-0.35079,-0.538387,2368.59,2338.9,1937.99,1908.31
5.33,147.608,-0.471894,-0.104834,15.0543,-0.587004,-0.369855,-0.567576,2528.1,2178.97,2097.85,1748.71
5.34,147.757,-0.493903,-0.108619,15.0526,-0.606218,-0.383806,-0.588917,2474.51,2232.09,2044.63,1802.21
5.35,147.906,-0.51664,-0.112496,15.0515,-0.619467,-0.390125,-0.598569,2436.08,2270.24,2006.43,1840.59
5.36,148.055,-0.540064,-0.116414,15.0509,-0.628421,-0.392947,-0.602873,2408.37,2297.78,1978.86,1868.27
5.37,148.204,-0.564143,-0.120351,15.0505,-0.63427,-0.39405,-0.604551,2388.3,2317.76,1958.86,1888.32
5.38,148.352,-0.588853,-0.124293,15.0503,-0.637862,-0.394227,-0.604816,2373.69,2332.32,1944.29,1902.92
5.39,148.501,-0.614183,-0.128244,15.0496,-0.645061,-0.400412,-0.614278,2556.36,2149.55,2127.04,1720.23
5.4,148.649,-0.640289,-0.132372,15.0472,-0.667472,-0.420651,-0.645222,2494.18,2211.09,2065.38,1782.29
5.41,148.797,-0.6672,-0.136635,15.0458,-0.682973,-0.429681,-0.65901,2449.68,2255.21,2021.19,1826.72
5.42,148.945,-0.694872,-0.140956,15.0449,-0.693509,-0.433709,-0.665149,2417.63,2287.03,1989.32,1858.72
5.43,149.093,-0.723268,-0.145304,15.0444,-0.700455,-0.435363,-0.667664,2394.44,2310.09,1966.23,1881.89
5.44,149.241,-0.752361,-0.14966,15.0442,-0.704796,-0.435792,-0.668312,2377.57,2326.9,1949.42,1898.75
5.45,149.389,-0.78213,-0.154017,15.0441,-0.707234,-0.435525,-0.667899,2365.23,2339.22,1937.09,1911.08
5.46,149.536,-0.812627,-0.158448,15.042,-0.724685,-0.453219,-0.694937,2514.61,2189.37,2086.85,1761.61
5.47,149.683,-0.84399,-0.16306,15.0401,-0.742526,-0.466118,-0.714623,2463.86,2239.61,2036.51,1812.26
5.48,149.83,-0.876181,-0.167757,15.0389,-0.754711,-0.471833,-0.723329,2427.36,2275.81,2000.26,1848.71
5.49,149.977,-0.909161,-0.17249,15.0383,-0.762812,-0.474245,-0.726995,2400.96,2302.03,1974,1875.07
5.5,150.124,-0.9429,-0.177238,15.0379,-0.76795,-0.475022,-0.728171,2381.78,2321.12,1954.89,1894.24
5.51,150.271,-0.977373,-0.181988,15.0378,-0.770927,-0.474911,-0.727996,2367.76,2335.11,1940.9,1908.25
5.52,150.417,-1.01257,-0.186743,15.0372,-0.777189,-0.480343,-0.736289,2536.68,2166.11,2109.89,1739.31
5.53,150.563,-1.04863,-0.19166,15.0346,-0.797549,-0.49882,-0.764481,2479.24,2222.87,2053,1796.62
5.54,150.709,-1.08558,-0.196699,15.0331,-0.811518,-0.506931,-0.776835,2437.99,2263.72,2012.07,1837.79
5.55,150.855,-1.12338,-0.20179,15.0322,-0.820878,-0.510406,-0.782114,2408.2,2293.28,1982.46,1867.55
5.56,151,-1.16199,-0.206902,15.0318,-0.826897,-0.511669,-0.784027,2386.56,2314.8,1960.92,1889.16
5.57,151.146,-1.2014,-0.21202,15.0316,-0.83048,-0.511785,-0.784194,2370.77,2330.54,1945.17,1904.94
5.58,151.291,-1.24157,-0.217135,15.0316,-0.832277,-0.511238,-0.783358,2359.16,2342.15,1933.56,1916.55
5.59,151.436,-1.28257,-0.222334,15.0292,-0.849609,-0.528797,-0.810133,2490.77,2210,2065.61,1784.83
5.6,151.58,-1.3245,-0.227687,15.0274,-0.864935,-0.53939,-0.82626,2445.92,2254.36,2021.16,1829.59
5.61,151.725,-1.36734,-0.233109,15.0263,-0.875254,-0.543939,-0.83317,2413.54,2286.45,1989,1861.91
5.62,151.869,-1.41103,-0.23856,15.0257,-0.881944,-0.545682,-0.835807,2390.04,2309.8,1965.63,1885.39
5.63,152.012,-1.45556,-0.244019,15.0255,-0.88599,-0.546014,-0.836302,2372.89,2326.88,1948.54,1902.52
5.64,152.156,-1.50091,-0.249477,15.0255,-0.888098,-0.545563,-0.835611,2360.3,2339.46,1935.95,1915.11
5.65,152.299,-1.54706,-0.254944,15.0245,-0.895265,-0.552545,-0.846251,2507.58,2192.03,2083.35,1767.8
5.66,152.442,-1.59414,-0.260563,15.0221,-0.912529,-0.567612,-0.869189,2457.68,2241.3,2033.97,1817.58
5.67,152.585,-1.64217,-0.266279,15.0208,-0.924232,-0.574087,-0.879024,2421.69,2276.92,1998.27,1853.5
5.68,152.727,-1.69111,-0.272037,15.02,-0.931906,-0.576688,-0.882962,2395.6,2302.81,1972.34,1879.55
5.69,152.869,-1.74092,-0.277809,15.0197,-0.936647,-0.577418,-0.884059,2376.58,2321.74,1953.4,1898.56
5.7,153.011,-1.79158,-0.283582,15.0196,-0.93924,-0.577159,-0.883658,2362.62,2335.67,1939.46,1912.51
5.71,153.152,-1.84308,-0.289349,15.0197,-0.940249,-0.576316,-0.882374,2352.3,2346.01,1929.12,1922.83
5.72,153.293,-1.89548,-0.295205,15.0172,-0.956803,-0.593123,-0.907953,2466.42,2231.32,2043.7,1808.61
5.73,153.434,-1.94885,-0.301189,15.0155,-0.96955,-0.601569,-0.92078,2427.73,2269.57,2005.37,1847.21
5.74,153.574,-2.00317,-0.307226,15.0146,-0.977971,-0.605029,-0.926019,2399.69,2297.36,1977.53,1875.21
5.75,153.714,-2.05839,-0.313284,15.0141,-0.983242,-0.606148,-0.927704,2379.25,2317.67,1957.2,1895.62
5.76,153.854,-2.1145,-0.319346,15.014,-0.986208,-0.606072,-0.927579,2364.27,2332.61,1942.25,1910.59
5.77,153.993,-2.17147,-0.325403,15.0141,-0.987473,-0.605317,-0.926429,2353.21,2343.7,1931.17,1921.66
5.78,154.132,-2.22932,-0.331484,15.0126,-0.996746,-0.614959,-0.941096,2474.92,2221.69,2053.12,1799.89
5.79,154.27,-2.28814,-0.337702,15.0106,-1.01051,-0.625957,-0.957799,2433.65,2262.44,2012.27,1841.06
5.8,154.408,-2.34794,-0.34399,15.0095,-1.01966,-0.630515,-0.964702,2403.74,2292.05,1982.61,1870.91
5.81,154.546,-2.40866,-0.350305,15.009,-1.02546,-0.632124,-0.967127,2381.96,2313.67,1960.95,1892.66
5.82,154.683,-2.4703,-0.356628,15.0088,-1.02879,-0.632276,-0.967347,2366,2329.58,1945.03,1908.61
5.83,154.82,-2.53282,-0.362948,15.0088,-1.03032,-0.631633,-0.966367,2354.22,2341.36,1933.25,1920.39
5.84,154.957,-2.59622,-0.369261,15.0087,-1.03235,-0.632862,-0.968238,2483.59,2212.04,2062.58,1791.03
5.85,155.093,-2.66057,-0.375678,15.0063,-1.04715,-0.647193,-0.990004,2439.73,2255.27,2019.23,1834.77
5.86,155.228,-2.72591,-0.382188,15.0049,-1.05704,-0.653169,-0.999058,2407.96,2286.68,1987.76,1866.47
5.87,155.363,-2.7922,-0.388734,15.0042,-1.06338,-0.655403,-1.00243,2384.83,2309.62,1964.78,1889.56
5.88,155.498,-2.85941,-0.395291,15.0039,-1.0671,-0.655845,-1.00309,2367.9,2326.48,1947.91,1906.48
5.89,155.632,-2.92753,-0.401847,15.0039,-1.06891,-0.655345,-1.00232,2355.41,2338.96,1935.42,1918.97
5.9,155.765,-2.99654,-0.408395,15.0041,-1.0693,-0.654291,-1.00072,2346.1,2348.31,1926.08,1928.29
5.91,155.899,-3.06645,-0.414984,15.0024,-1.07963,-0.665219,-1.01732,2446.02,2248.01,2026.3,1828.29
5.92,156.031,-3.13736,-0.421685,15.0008,-1.09029,-0.673037,-1.02916,2412.38,2281.23,1993,1861.85
5.93,156.163,-3.20923,-0.428434,15,-1.09718,-0.676073,-1.03375,2387.9,2305.49,1968.7,1886.29
5.94,156.295,-3.28204,-0.435201,14.9996,-1.10131,-0.67688,-1.03496,2369.98,2323.31,1950.86,1904.2
5.95,156.426,-3.35576,-0.441968,14.9995,-1.10342,-0.676559,-1.03446,2356.77,2336.5,1937.67,1917.4
5.96,156.557,-3.43038,-0.448729,14.9997,-1.10402,-0.6756,-1.03301,2346.94,2346.36,1927.82,1927.23
5.97,156.687,-3.50589,-0.45549,14.9991,-1.10817,-0.67994,-1.0396,2452.56,2240.66,2033.5,1821.6
5.98,156.816,-3.58237,-0.462353,14.9972,-1.11961,-0.690158,-1.05509,2417.01,2275.7,1998.36,1857.05
5.99,156.945,-3.65981,-0.46928,14.9962,-1.12707,-0.694225,-1.06124,2391.15,2301.29,1972.72,1882.86
6,157.073,-3.7382,-0.476231,14.9957,-1.13163,-0.695497,-1.06315,2372.23,2320.08,1953.91,1901.75
6.01,157.201,-3.8175,-0.483186,14.9956,-1.13405,-0.695398,-1.06299,2358.3,2333.97,1940.01,1915.68
6.02,157.328,-3.89771,-0.490136,14.9957,-1.13488,-0.694557,-1.06171,2347.95,2344.35,1929.63,1926.03
6.03,157.455,-3.9788,-0.497074,14.996,-1.13452,-0.693262,-1.05975,2340.17,2352.2,1921.8,1933.83
6.04,157.581,-4.0608,-0.504069,14.9941,-1.14523,-0.704552,-1.07687,2421.88,2270.06,2003.85,1852.04
6.05,157.707,-4.14378,-0.511149,14.9929,-1.15329,-0.709955,-1.08504,2394.61,2297,1976.85,1879.24
6.06,157.831,-4.22769,-0.518261,14.9923,-1.15829,-0.711817,-1.08784,2374.67,2316.78,1957.04,1899.15
6.07,157.956,-4.31252,-0.525381,14.9921,-1.16103,-0.711998,-1.08811,2360,2331.39,1942.42,1913.81
6.08,158.079,-4.39825,-0.532497,14.9921,-1.16211,-0.711301,-1.08705,2349.12,2342.29,1931.52,1924.7
6.09,158.202,-4.48486,-0.539604,14.9924,-1.16194,-0.71009,-1.08521,2340.95,2350.52,1923.3,1932.88
6.1,158.324,-4.57234,-0.546721,14.9915,-1.16738,-0.716203,-1.09449,2427.01,2264.28,2009.51,1846.78
6.11,158.446,-4.66078,-0.553927,14.99,-1.17606,-0.723345,-1.1053,2398.29,2292.61,1981.11,1875.42
6.12,158.567,-4.75014,-0.561178,14.9893,-1.18152,-0.725965,-1.10924,2377.31,2313.4,1960.28,1896.37
6.13,158.687,-4.84041,-0.568441,14.989,-1.18461,-0.726495,-1.11003,2361.88,2328.75,1944.91,1911.79
6.14,158.807,-4.93156,-0.575704,14.989,-1.18594,-0.725975,-1.10924,2350.44,2340.19,1933.48,1923.22
6.15,158.926,-5.02359,-0.582958,14.9893,-1.18597,-0.724864,-1.10756,2341.87,2348.81,1924.87,1931.8
6.16,159.044,-5.11648,-0.590201,14.9893,-1.1863,-0.725035,-1.10783,2432.45,2258.32,2015.37,1841.24
6.17,159.161,-5.21027,-0.59751,14.9876,-1.19563,-0.734456,-1.12209,2402.23,2288.08,1985.52,1871.37
6.18,159.278,-5.30497,-0.604877,14.9867,-1.20157,-0.738055,-1.12753,2380.15,2309.92,1963.64,1893.4
6.19,159.394,-5.40056,-0.612265,14.9864,-1.20503,-0.739028,-1.12899,2363.93,2326.04,1947.5,1909.6
6.2,159.509,-5.49703,-0.619654,14.9863,-1.20664,-0.738725,-1.12852,2351.92,2338.03,1935.51,1921.61
6.21,159.624,-5.59436,-0.627036,14.9865,-1.20688,-0.737736,-1.12702,2342.94,2347.05,1926.49,1930.6
6.22,159.738,-5.69252,-0.634406,14.9869,-1.20608,-0.736327,-1.1249,2336.13,2353.94,1919.61,1937.43
6.23,159.851,-5.79154,-0.641798,14.9857,-1.21224,-0.743316,-1.13548,2406.46,2283.37,1990.14,1867.05
6.24,159.963,-5.89145,-0.649261,14.9846,-1.21869,-0.748192,-1.14285,2383.24,2306.31,1967.15,1890.22
6.25,160.075,-5.99223,-0.656754,14.9842,-1.22253,-0.749731,-1.14517,2366.19,2323.23,1950.2,1907.24
6.26,160.186,-6.09386,-0.664252,14.984,-1.22443,-0.749699,-1.14511,2353.58,2335.8,1937.62,1919.85
6.27,160.296,-6.19633,-0.671744,14.9842,-1.2249,-0.748854,-1.14383,2344.16,2345.25,1928.18,1929.27
6.28,160.405,-6.29963,-0.679226,14.9845,-1.22428,-0.747534,-1.14184,2337.04,2352.44,1921,1936.41
6.29,160.513,-6.40373,-0.686701,14.9842,-1.22611,-0.749905,-1.14544,2411.04,2278.42,1995.02,1862.4
6.3,160.621,-6.50868,-0.694241,14.9829,-1.23311,-0.756456,-1.15534,2386.6,2302.52,1970.85,1886.78
6.31,160.728,-6.61448,-0.70182,14.9823,-1.23735,-0.758726,-1.15876,2368.66,2320.29,1953.05,1904.68
6.32,160.834,-6.72111,-0.70941,14.9821,-1.23957,-0.759035,-1.15922,2355.41,2333.49,1939.84,1917.92
6.33,160.939,-6.82855,-0.716998,14.9822,-1.24028,-0.758365,-1.1582,2345.53,2343.38,1929.95,1927.8
6.34,161.043,-6.93679,-0.724575,14.9825,-1.23985,-0.75715,-1.15637,2338.08,2350.9,1922.45,1935.27
6.35,161.147,-7.04581,-0.732138,14.9829,-1.23855,-0.755587,-1.15401,2332.35,2356.72,1916.65,1941.01
6.36,161.25,-7.15562,-0.739734,14.9816,-1.24505,-0.7629,-1.16508,2390.28,2298.51,1974.8,1883.03
6.37,161.351,-7.26625,-0.747384,14.9808,-1.24974,-0.766124,-1.16995,2371.39,2317.2,1956.07,1901.89
6.38,161.452,-7.37768,-0.755051,14.9805,-1.25229,-0.766866,-1.17106,2357.44,2331.06,1942.19,1915.82
6.39,161.552,-7.4899,-0.762717,14.9806,-1.25326,-0.766412,-1.17037,2347.06,2341.44,1931.82,1926.19
6.4,161.651,-7.60288,-0.770376,14.9808,-1.25304,-0.76532,-1.16872,2339.25,2349.3,1923.96,1934.02
6.41,161.75,-7.71661,-0.778021,14.9812,-1.25191,-0.763839,-1.16648,2333.28,2355.37,1917.91,1940.01
6.42,161.847,-7.83109,-0.785667,14.9806,-1.25473,-0.767532,-1.17208,2394.34,2294.21,1979.06,1878.92
6.43,161.944,-7.94634,-0.793371,14.9797,-1.2599,-0.772012,-1.17885,2374.4,2313.9,1959.32,1898.82
6.44,162.039,-8.06236,-0.8011,14.9793,-1.26282,-0.773312,-1.1808,2359.7,2328.49,1944.7,1913.5
6.45,162.134,-8.17913,-0.808833,14.9792,-1.26407,-0.773128,-1.18052,2348.78,2339.4,1933.8,1924.42
6.46,162.228,-8.29662,-0.81656,14.9794,-1.26407,-0.772183,-1.17909,2340.57,2347.64,1925.56,1932.63
6.47,162.321,-8.41484,-0.824274,14.9798,-1.26311,-0.770796,-1.177,2334.32,2353.98,1919.24,1938.9
6.48,162.413,-8.53377,-0.831974,14.98,-1.26235,-0.770299,-1.17626,2398.85,2289.55,1983.69,1874.38
6.49,162.504,-8.65341,-0.839716,14.9789,-1.26805,-0.776449,-1.18556,2377.76,2310.34,1962.84,1895.42
6.5,162.594,-8.77379,-0.847494,14.9783,-1.27137,-0.778479,-1.18862,2362.22,2325.74,1947.41,1910.93
6.51,162.683,-8.89487,-0.85528,14.9782,-1.27292,-0.778635,-1.18884,2350.69,2337.23,1935.92,1922.45
6.52,162.771,-9.01665,-0.863063,14.9783,-1.27316,-0.777868,-1.18768,2342.05,2345.89,1927.26,1931.1
6.53,162.858,-9.13911,-0.870835,14.9786,-1.2724,-0.77659,-1.18575,2335.49,2352.52,1920.64,1937.67
6.54,162.944,-9.26224,-0.878592,14.979,-1.27087,-0.774986,-1.18334,2330.41,2357.7,1915.48,1942.77
6.55,163.03,-9.38603,-0.886353,14.9785,-1.27366,-0.778779,-1.18908,2383.47,2304.54,1968.62,1889.69
6.56,163.114,-9.51051,-0.894163,14.9778,-1.27764,-0.782152,-1.19418,2366.46,2321.36,1951.77,1906.67
6.57,163.197,-9.63565,-0.90199,14.9775,-1.27969,-0.782916,-1.19532,2353.86,2333.88,1939.23,1919.25
6.58,163.279,-9.76145,-0.909817,14.9775,-1.2803,-0.782448,-1.19461,2344.45,2343.29,1929.82,1928.66
6.59,163.361,-9.8879,-0.917636,14.9778,-1.27983,-0.781337,-1.19293,2337.34,2350.46,1922.66,1935.79
6.6,163.441,-10.015,-0.925441,14.9781,-1.27854,-0.779842,-1.19068,2331.86,2356.03,1917.11,1941.28
6.61,163.52,-10.1427,-0.933233,14.9782,-1.27823,-0.780132,-1.19113,2388.1,2299.86,1973.3,1885.05
6.62,163.599,-10.271,-0.941065,14.9773,-1.28274,-0.784922,-1.19837,2369.92,2317.79,1955.31,1903.19
6.63,163.676,-10.3999,-0.948924,14.977,-1.2852,-0.786314,-1.20047,2356.48,2331.13,1941.95,1916.61
6.64,163.752,-10.5295,-0.956787,14.9769,-1.28612,-0.786149,-1.20021,2346.46,2341.13,1931.95,1926.62
6.65,163.827,-10.6596,-0.964644,14.9771,-1.2859,-0.785201,-1.19878,2338.91,2348.72,1924.37,1934.18
6.66,163.902,-10.7903,-0.972488,14.9774,-1.2848,-0.783811,-1.19668,2333.12,2354.59,1918.52,1939.98
6.67,163.975,-10.9216,-0.980317,14.9779,-1.28302,-0.782131,-1.19415,2328.6,2359.22,1913.91,1944.53
6.68,164.047,-11.0535,-0.988159,14.9771,-1.28645,-0.786555,-1.20085,2373.64,2314.03,1959.07,1899.46
6.69,164.118,-11.186,-0.996039,14.9766,-1.28933,-0.788776,-1.2042,2359.29,2328.24,1944.83,1913.78
6.7,164.188,-11.319,-1.00393,14.9765,-1.29059,-0.788994,-1.20452,2348.62,2338.87,1934.19,1924.45
6.71,164.257,-11.4526,-1.01182,14.9766,-1.29063,-0.788246,-1.20339,2340.59,2346.92,1926.15,1932.47
6.72,164.325,-11.5867,-1.01969,14.9769,-1.28974,-0.786975,-1.20147,2334.48,2353.1,1919.98,1938.61
6.73,164.392,-11.7213,-1.02755,14.9773,-1.28812,-0.78538,-1.19907,2329.72,2357.96,1915.14,1943.38
6.74,164.457,-11.8565,-1.0354,14.9773,-1.28816,-0.786257,-1.20041,2379.69,2308.03,1965.08,1893.42
6.75,164.522,-11.9921,-1.04329,14.9766,-1.29174,-0.79001,-1.20608,2363.79,2323.73,1949.34,1909.28
6.76,164.586,-12.1283,-1.0512,14.9763,-1.29352,-0.790915,-1.20744,2352,2335.44,1937.61,1921.05
6.77,164.648,-12.265,-1.0591,14.9763,-1.29395,-0.7905,-1.20681,2343.18,2344.27,1928.79,1929.88
6.78,164.71,-12.4022,-1.067,14.9766,-1.29336,-0.789413,-1.20517,2336.48,2351.01,1922.05,1936.58
6.79,164.77,-12.5399,-1.07489,14.9769,-1.29199,-0.787935,-1.20294,2331.31,2356.27,1916.81,1941.77
6.8,164.83,-12.678,-1.08276,14.9774,-1.29001,-0.786195,-1.20032,2327.23,2360.46,1912.64,1945.87
6.81,164.888,-12.8166,-1.09064,14.9766,-1.29343,-0.790604,-1.20699,2367.67,2319.87,1953.21,1905.4
6.82,164.945,-12.9557,-1.09856,14.9762,-1.29565,-0.792241,-1.20946,2354.94,2332.49,1940.56,1918.11
6.83,165.001,-13.0952,-1.10648,14.9762,-1.29642,-0.792173,-1.20935,2345.44,2341.97,1931.08,1927.61
6.84,165.056,-13.2351,-1.1144,14.9763,-1.2961,-0.791271,-1.20799,2338.26,2349.19,1923.87,1934.8
6.85,165.109,-13.3755,-1.12231,14.9767,-1.29495,-0.789908,-1.20593,2332.75,2354.77,1918.3,1940.32
6.86,165.162,-13.5163,-1.1302,14.9771,-1.29314,-0.788253,-1.20344,2328.42,2359.2,1913.89,1944.67
6.87,165.214,-13.6575,-1.13808,14.977,-1.29353,-0.789617,-1.20551,2373.57,2314.06,1959.03,1899.52
6.88,165.264,-13.7991,-1.14599,14.9764,-1.29642,-0.792593,-1.21001,2359.35,2328.12,1944.94,1913.71
6.89,165.313,-13.9411,-1.15392,14.9762,-1.2977,-0.793133,-1.21082,2348.77,2338.65,1934.4,1924.28
6.9,165.362,-14.0835,-1.16185,14.9763,-1.29777,-0.792532,-1.20991,2340.81,2346.62,1926.43,1932.24
6.91,165.409,-14.2263,-1.16977,14.9765,-1.29691,-0.791341,-1.20811,2334.74,2352.75,1920.32,1938.32
6.92,165.454,-14.3695,-1.17768,14.9769,-1.29535,-0.789798,-1.20578,2330.02,2357.55,1915.53,1943.06
6.93,165.499,-14.513,-1.18557,14.9774,-1.29322,-0.788013,-1.20309,2326.27,2361.43,1911.67,1946.84
6.94,165.543,-14.6568,-1.19347,14.9766,-1.2967,-0.792458,-1.20982,2363.24,2324.28,1948.79,1909.83
6.95,165.585,-14.801,-1.20141,14.9763,-1.29842,-0.793653,-1.21162,2351.72,2335.72,1937.34,1921.33
6.96,165.627,-14.9455,-1.20934,14.9763,-1.29883,-0.793369,-1.21119,2343.09,2344.34,1928.71,1929.96
6.97,165.667,-15.0904,-1.21727,14.9765,-1.29825,-0.79235,-1.20965,2336.55,2350.93,1922.13,1936.52
6.98,165.706,-15.2356,-1.22519,14.9768,-1.2969,-0.790919,-1.20749,2331.49,2356.07,1917,1941.59
6.99,165.744,-15.381,-1.23309,14.9773,-1.29495,-0.789217,-1.20492,2327.49,2360.17,1912.92,1945.61
7,165.781,-15.5268,-1.24098,14.9771,-1.29568,-0.791009,-1.20764,2369.04,2318.6,1954.49,1904.05
7.01,165.816,-15.6729,-1.24891,14.9766,-1.29806,-0.793396,-1.21125,2356.06,2331.45,1941.62,1917
7.02,165.851,-15.8192,-1.25684,14.9765,-1.29896,-0.79366,-1.21164,2346.38,2341.1,1931.97,1926.68
7.03,165.884,-15.9658,-1.26478,14.9766,-1.29875,-0.792918,-1.21052,2339.08,2348.42,1924.64,1933.99
7.04,165.916,-16.1127,-1.2727,14.9768,-1.2977,-0.791647,-1.2086,2333.48,2354.09,1918.99,1939.6
7.05,165.947,-16.2598,-1.28061,14.9772,-1.29599,-0.790055,-1.2062,2329.1,2358.56,1914.53,1944
7.06,165.977,-16.4071,-1.2885,14.9777,-1.29375,-0.788236,-1.20346,2325.58,2362.19,1910.92,1947.54
7.07,166.005,-16.5547,-1.29641,14.977,-1.29691,-0.792413,-1.20978,2361.26,2326.36,1946.73,1911.83
7.08,166.033,-16.7025,-1.30434,14.9767,-1.29841,-0.793475,-1.21138,2350.29,2337.26,1935.82,1922.79
7.09,166.059,-16.8505,-1.31227,14.9767,-1.29865,-0.793119,-1.21084,2342.05,2345.49,1927.58,1931.02
7.1,166.084,-16.9987,-1.3202,14.9769,-1.29794,-0.792056,-1.20923,2335.79,2351.8,1921.28,1937.29
7.11,166.108,-17.1471,-1.32811,14.9773,-1.29649,-0.790595,-1.20703,2330.93,2356.73,1916.36,1942.16
7.12,166.131,-17.2957,-1.33601,14.9777,-1.29447,-0.788872,-1.20443,2327.08,2360.69,1912.43,1946.03
7.13,166.153,-17.4445,-1.3439,14.9774,-1.29559,-0.791072,-1.20777,2365.88,2321.85,1951.26,1907.23
7.14,166.173,-17.5935,-1.35182,14.977,-1.29761,-0.793013,-1.2107,2353.78,2333.84,1939.25,1919.31
7.15,166.192,-17.7426,-1.35976,14.9769,-1.29825,-0.793068,-1.21078,2344.73,2342.86,1930.22,1928.36
7.16,166.21,-17.8918,-1.36768,14.977,-1.29785,-0.792222,-1.20949,2337.88,2349.74,1923.35,1935.21
7.17,166.227,-18.0412,-1.3756,14.9773,-1.29665,-0.790892,-1.20749,2332.61,2355.08,1918.02,1940.49
7.18,166.243,-18.1907,-1.3835,14.9777,-1.29483,-0.789263,-1.20503,2328.47,2359.32,1913.8,1944.65
7.19,166.257,-18.3403,-1.39138,14.9781,-1.29315,-0.78823,-1.20348,2372.62,2315.29,1957.85,1900.53
7.2,166.271,-18.4901,-1.39929,14.9774,-1.29592,-0.791786,-1.20886,2358.8,2328.93,1944.18,1914.31
7.21,166.283,-18.6399,-1.40721,14.9772,-1.29713,-0.792568,-1.21004,2348.51,2339.16,1933.94,1924.59
7.22,166.294,-18.7898,-1.41513,14.9773,-1.29717,-0.792076,-1.20929,2340.77,2346.9,1926.19,1932.33
7.23,166.303,-18.9399,-1.42305,14.9775,-1.2963,-0.790942,-1.20758,2334.86,2352.86,1920.25,1938.25
7.24,166.312,-19.09,-1.43095,14.9778,-1.29475,-0.789439,-1.20531,2330.27,2357.54,1915.58,1942.86
7.25,166.319,-19.2401,-1.43883,14.9783,-1.29264,-0.787688,-1.20267,2326.6,2361.31,1911.83,1946.54
7.26,166.326,-19.3903,-1.44672,14.978,-1.29363,-0.789796,-1.20587,2364.81,2323.06,1950.08,1908.32
7.27,166.331,-19.5406,-1.45463,14.9776,-1.29552,-0.791656,-1.20868,2353.01,2334.75,1938.36,1920.1
7.28,166.335,-19.6909,-1.46254,14.9775,-1.29607,-0.791668,-1.20869,2344.18,2343.56,1929.55,1928.93
7.29,166.337,-19.8412,-1.47046,14.9777,-1.2956,-0.790795,-1.20737,2337.49,2350.28,1922.83,1935.63
7.3,166.339,-19.9915,-1.47836,14.9779,-1.29434,-0.789448,-1.20533,2332.33,2355.51,1917.62,1940.8
7.31,166.339,-20.1418,-1.48624,14.9783,-1.29248,-0.787805,-1.20286,2328.27,2359.67,1913.48,1944.88
7.32,166.338,-20.2922,-1.49411,14.9785,-1.29136,-0.787481,-1.20238,2370.27,2317.75,1955.41,1902.9
7.33,166.336,-20.4425,-1.50201,14.978,-1.29387,-0.790553,-1.20702,2357.1,2330.76,1942.37,1916.03
7.34,166.333,-20.5928,-1.50992,14.9778,-1.29488,-0.791118,-1.20787,2347.29,2340.52,1932.6,1925.83
7.35,166.328,-20.7431,-1.51783,14.9779,-1.29476,-0.790522,-1.20696,2339.9,2347.93,1925.2,1933.23
7.36,166.323,-20.8933,-1.52573,14.9781,-1.29379,-0.789333,-1.20517,2334.24,2353.64,1919.5,1938.9
7.37,166.316,-21.0435,-1.53361,14.9784,-1.29215,-0.787798,-1.20285,2329.82,2358.14,1915.01,1943.33
7.38,166.308,-21.1936,-1.54148,14.9789,-1.28999,-0.786027,-1.20018,2326.29,2361.78,1911.39,1946.89
7.39,166.299,-21.3437,-1.54935,14.9785,-1.29141,-0.788574,-1.20404,2362.93,2325.08,1948.08,1910.24
7.4,166.288,-21.4937,-1.55724,14.9782,-1.29308,-0.790128,-1.20639,2351.65,2336.26,1936.89,1921.49
7.41,166.277,-21.6436,-1.56515,14.9781,-1.29346,-0.789999,-1.20619,2343.21,2344.69,1928.45,1929.94
7.42,166.264,-21.7933,-1.57304,14.9783,-1.29287,-0.789056,-1.20476,2336.79,2351.14,1922.01,1936.35
7.43,166.25,-21.943,-1.58092,14.9786,-1.29153,-0.78767,-1.20267,2331.84,2356.16,1917,1941.32
7.44,166.235,-22.0926,-1.58879,14.979,-1.28961,-0.786004,-1.20016,2327.92,2360.17,1913.01,1945.26
7.45,166.219,-22.2421,-1.59664,14.9792,-1.28843,-0.785659,-1.19965,2369.91,2318.27,1954.93,1903.28
7.46,166.201,-22.3914,-1.60452,14.9786,-1.29089,-0.788707,-1.20425,2356.85,2331.17,1941.99,1916.31
7.47,166.183,-22.5406,-1.61241,14.9784,-1.29186,-0.789257,-1.20508,2347.12,2340.85,1932.3,1926.04
7.48,166.163,-22.6896,-1.6203,14.9785,-1.29171,-0.78865,-1.20416,2339.78,2348.2,1924.95,1933.38
7.49,166.142,-22.8385,-1.62818,14.9787,-1.29072,-0.787453,-1.20235,2334.16,2353.88,1919.29,1939
7.5,166.12,-22.9872,-1.63605,14.9791,-1.28907,-0.785911,-1.20002,2329.78,2358.35,1914.84,1943.41
7.51,166.097,-23.1358,-1.6439,14.9795,-1.28689,-0.784134,-1.19734,2326.26,2361.97,1911.24,1946.94
7.52,166.072,-23.2841,-1.65175,14.979,-1.28878,-0.78712,-1.20186,2361.62,2326.51,1946.67,1911.56
7.53,166.047,-23.4323,-1.65963,14.9787,-1.29029,-0.788427,-1.20384,2350.72,2337.33,1935.84,1922.45
7.54,166.02,-23.5802,-1.66752,14.9787,-1.29056,-0.788185,-1.20347,2342.54,2345.5,1927.67,1930.63
7.55,165.992,-23.7279,-1.67539,14.9789,-1.28989,-0.787187,-1.20195,2336.32,2351.76,1921.41,1936.86
7.56,165.963,-23.8754,-1.68326,14.9792,-1.28849,-0.78577,-1.19982,2331.5,2356.65,1916.54,1941.69
7.57,165.933,-24.0227,-1.69111,14.9796,-1.28651,-0.784086,-1.19728,2327.69,2360.56,1912.65,1945.52
7.58,165.901,-24.1697,-1.69894,14.9796,-1.28588,-0.784403,-1.19777,2368.37,2319.93,1953.29,1904.85
7.59,165.869,-24.3165,-1.7068,14.9791,-1.28815,-0.787087,-1.20182,2355.74,2332.41,1940.78,1917.45
7.6,165.835,-24.463,-1.71468,14.979,-1.28899,-0.787475,-1.2024,2346.32,2341.79,1931.39,1926.86
7.61,165.8,-24.6093,-1.72255,14.9791,-1.28875,-0.786792,-1.20137,2339.21,2348.91,1924.27,1933.97
7.62,165.764,-24.7552,-1.73041,14.9793,-1.28769,-0.785556,-1.1995,2333.76,2354.42,1918.77,1939.43
7.63,165.727,-24.9009,-1.73826,14.9797,-1.28598,-0.783991,-1.19714,2329.5,2358.78,1914.44,1943.72
7.64,165.689,-25.0463,-1.74609,14.9801,-1.28376,-0.782199,-1.19444,2326.07,2362.31,1910.92,1947.16
7.65,165.649,-25.1914,-1.75392,14.9796,-1.28565,-0.785208,-1.19899,2361.74,2326.54,1946.67,1911.47
7.66,165.609,-25.3362,-1.76178,14.9793,-1.28717,-0.786528,-1.20098,2350.81,2337.38,1935.81,1922.39
7.67,165.567,-25.4806,-1.76965,14.9793,-1.28744,-0.78629,-1.20062,2342.61,2345.57,1927.62,1930.58
7.68,165.524,-25.6247,-1.77751,14.9795,-1.28676,-0.785291,-1.19911,2336.38,2351.84,1921.36,1936.82
7.69,165.48,-25.7685,-1.78535,14.9798,-1.28536,-0.783873,-1.19696,2331.56,2356.74,1916.48,1941.66
7.7,165.435,-25.912,-1.79318,14.9801,-1.28338,-0.782186,-1.19442,2327.74,2360.66,1912.58,1945.5
7.71,165.389,-26.055,-1.801,14.9802,-1.28276,-0.782519,-1.19493,2368.79,2319.65,1953.59,1904.46
7.72,165.342,-26.1978,-1.80884,14.9797,-1.28507,-0.785239,-1.19905,2356.05,2332.24,1940.97,1917.17
7.73,165.293,-26.3401,-1.8167,14.9795,-1.28594,-0.785642,-1.19965,2346.55,2341.7,1931.51,1926.66
7.74,165.244,-26.482,-1.82455,14.9796,-1.28571,-0.784966,-1.19862,2339.39,2348.88,1924.33,1933.83
7.75,165.193,-26.6236,-1.83239,14.9798,-1.28466,-0.783731,-1.19676,2333.89,2354.43,1918.79,1939.33
7.76,165.141,-26.7648,-1.84022,14.9802,-1.28296,-0.782167,-1.19439,2329.6,2358.81,1914.43,1943.64
7.77,165.088,-26.9055,-1.84803,14.9806,-1.28074,-0.780373,-1.19169,2326.15,2362.36,1910.9,1947.11
7.78,165.035,-27.0459,-1.85586,14.98,-1.28314,-0.783837,-1.19693,2360.87,2327.52,1945.72,1912.36
7.79,164.98,-27.1858,-1.8637,14.9798,-1.28455,-0.784957,-1.19862,2350.18,2338.13,1935.09,1923.04
7.8,164.923,-27.3252,-1.87155,14.9798,-1.28475,-0.784629,-1.19812,2342.16,2346.14,1927.08,1931.06
7.81,164.866,-27.4643,-1.87939,14.9799,-1.28401,-0.783587,-1.19654,2336.06,2352.28,1920.94,1937.17
7.82,164.808,-27.6028,-1.88722,14.9802,-1.28257,-0.782145,-1.19436,2331.33,2357.09,1916.15,1941.91
7.83,164.748,-27.741,-1.89503,14.9806,-1.28056,-0.780444,-1.1918,2327.58,2360.94,1912.32,1945.68
7.84,164.688,-27.8786,-1.90283,14.9806,-1.28049,-0.781413,-1.19327,2367.63,2320.9,1952.36,1905.63
7.85,164.626,-28.0158,-1.91066,14.9801,-1.28267,-0.783828,-1.19692,2355.22,2333.18,1940.06,1918.02
7.86,164.564,-28.1525,-1.91851,14.98,-1.28343,-0.784097,-1.19732,2345.95,2342.4,1930.82,1927.28
7.87,164.5,-28.2887,-1.92634,14.9801,-1.28314,-0.783357,-1.1962,2338.95,2349.42,1923.81,1934.28
7.88,164.435,-28.4244,-1.93417,14.9803,-1.28202,-0.78209,-1.19429,2333.58,2354.85,1918.4,1939.66
7.89,164.37,-28.5596,-1.94198,14.9806,-1.28028,-0.780507,-1.1919,2329.38,2359.14,1914.12,1943.88
7.9,164.303,-28.6942,-1.94978,14.9811,-1.27803,-0.778701,-1.18917,2325.99,2362.63,1910.65,1947.29
7.91,164.235,-28.8284,-1.95758,14.9805,-1.28047,-0.782221,-1.1945,2361.2,2327.3,1945.96,1912.06
7.92,164.166,-28.962,-1.96541,14.9802,-1.28191,-0.783369,-1.19623,2350.43,2337.99,1935.25,1922.82
7.93,164.096,-29.0951,-1.97325,14.9802,-1.28212,-0.783053,-1.19575,2342.34,2346.07,1927.17,1930.9
7.94,164.025,-29.2276,-1.98107,14.9804,-1.2814,-0.782015,-1.19418,2336.19,2352.26,1920.99,1937.06
7.95,163.953,-29.3595,-1.98888,14.9807,-1.27996,-0.780574,-1.192,2331.43,2357.1,1916.16,1941.83
7.96,163.88,-29.4909,-1.99668,14.9811,-1.27796,-0.778872,-1.18943,2327.65,2360.97,1912.31,1945.63
7.97,163.806,-29.6218,-2.00447,14.981,-1.27793,-0.779875,-1.19096,2368.21,2320.42,1952.86,1905.07
7.98,163.73,-29.752,-2.01228,14.9805,-1.28016,-0.78234,-1.19468,2355.64,2332.86,1940.4,1917.62
7.99,163.654,-29.8816,-2.02011,14.9804,-1.28097,-0.782632,-1.19512,2346.26,2342.2,1931.05,1926.99
8,163.577,-30.0107,-2.02793,14.9804,-1.28069,-0.781902,-1.19401,2339.18,2349.3,1923.96,1934.07
8.01,163.499,-30.1391,-2.03574,14.9807,-1.2796,-0.780639,-1.1921,2333.75,2354.78,1918.48,1939.51
8.02,163.42,-30.267,-2.04354,14.981,-1.27787,-0.779057,-1.18971,2329.5,2359.12,1914.16,1943.78
8.03,163.34,-30.3942,-2.05132,14.9815,-1.27563,-0.777251,-1.18699,2326.08,2362.64,1910.66,1947.22
8.04,163.259,-30.5208,-2.05912,14.9808,-1.27859,-0.781219,-1.19299,2360.43,2328.14,1945.13,1912.84
8.05,163.176,-30.6467,-2.06694,14.9805,-1.27994,-0.782188,-1.19445,2349.87,2338.63,1934.63,1923.39
8.06,163.093,-30.772,-2.07476,14.9805,-1.28008,-0.781791,-1.19385,2341.94,2346.55,1926.7,1931.32
8.07,163.009,-30.8966,-2.08257,14.9807,-1.27931,-0.780714,-1.19222,2335.9,2352.63,1920.63,1937.36
8.08,162.924,-31.0206,-2.09037,14.981,-1.27783,-0.779252,-1.19001,2331.22,2357.39,1915.88,1942.06
8.09,162.838,-31.144,-2.09815,14.9814,-1.2758,-0.777536,-1.18742,2327.5,2361.21,1912.08,1945.8
8.1,162.751,-31.2666,-2.10593,14.9812,-1.27633,-0.779148,-1.18987,2367.13,2321.56,1951.73,1906.16
8.11,162.663,-31.3886,-2.11374,14.9808,-1.27843,-0.781335,-1.19317,2354.85,2333.71,1939.56,1918.42
8.12,162.575,-31.5099,-2.12155,14.9806,-1.27915,-0.781502,-1.19342,2345.69,2342.84,1930.42,1927.58
8.13,162.485,-31.6305,-2.12936,14.9807,-1.27881,-0.780715,-1.19222,2338.76,2349.78,1923.48,1934.5
8.14,162.394,-31.7503,-2.13716,14.981,-1.27766,-0.779422,-1.19027,2333.45,2355.16,1918.12,1939.83
8.15,162.302,-31.8695,-2.14495,14.9813,-1.27589,-0.777822,-1.18785,2329.28,2359.42,1913.88,1944.02
8.16,162.21,-31.988,-2.15272,14.9818,-1.27362,-0.776004,-1.18511,2325.92,2362.88,1910.43,1947.4
8.17,162.116,-32.1057,-2.1605,14.9811,-1.27663,-0.780037,-1.19121,2360.76,2327.88,1945.4,1912.52
8.18,162.022,-32.2227,-2.16831,14.9808,-1.27801,-0.781034,-1.19271,2350.11,2338.47,1934.8,1923.16
8.19,161.926,-32.339,-2.17612,14.9808,-1.27817,-0.780649,-1.19213,2342.11,2346.46,1926.81,1931.16
8.2,161.83,-32.4545,-2.18392,14.981,-1.27742,-0.779576,-1.1905,2336.02,2352.59,1920.69,1937.26
8.21,161.733,-32.5693,-2.19171,14.9813,-1.27595,-0.778115,-1.18829,2331.3,2357.38,1915.91,1941.99
8.22,161.635,-32.6833,-2.19948,14.9817,-1.27392,-0.776399,-1.18571,2327.55,2361.23,1912.08,1945.76
8.23,161.536,-32.7965,-2.20725,14.9815,-1.27448,-0.778052,-1.18821,2367.68,2321.08,1952.23,1905.63
8.24,161.436,-32.909,-2.21504,14.981,-1.27665,-0.780284,-1.19159,2355.25,2333.38,1939.9,1918.04
8.25,161.336,-33.0207,-2.22285,14.9809,-1.2774,-0.780473,-1.19186,2345.97,2342.63,1930.65,1927.31
8.26,161.234,-33.1316,-2.23065,14.981,-1.27708,-0.779694,-1.19068,2338.96,2349.65,1923.63,1934.32
8.27,161.132,-33.2417,-2.23844,14.9812,-1.27596,-0.778405,-1.18873,2333.58,2355.09,1918.2,1939.7
8.28,161.029,-33.351,-2.24621,14.9816,-1.2742,-0.776806,-1.18632,2329.37,2359.39,1913.92,1943.93
8.29,160.924,-33.4595,-2.25397,14.982,-1.27193,-0.774988,-1.18358,2325.98,2362.88,1910.44,1947.34
8.3,160.82,-33.5672,-2.26175,14.9813,-1.27501,-0.779087,-1.18978,2361.22,2327.48,1945.81,1912.07
8.31,160.714,-33.6741,-2.26955,14.981,-1.27644,-0.780114,-1.19133,2350.43,2338.2,1935.08,1922.85
8.32,160.607,-33.7801,-2.27735,14.981,-1.27663,-0.779743,-1.19076,2342.34,2346.29,1926.99,1930.94
8.33,160.5,-33.8853,-2.28514,14.9812,-1.2759,-0.778676,-1.18914,2336.18,2352.48,1920.8,1937.11
8.34,160.392,-33.9897,-2.29292,14.9815,-1.27444,-0.777217,-1.18694,2331.41,2357.33,1915.97,1941.89
8.35,160.283,-34.0932,-2.30068,14.9819,-1.27242,-0.7755,-1.18435,2327.63,2361.21,1912.11,1945.7
8.36,160.173,-34.1959,-2.30844,14.9816,-1.27356,-0.777734,-1.18774,2366.7,2322.08,1951.23,1906.61
8.37,160.062,-34.2978,-2.31623,14.9812,-1.27562,-0.779704,-1.19071,2354.53,2334.13,1939.16,1918.76
8.38,159.951,-34.3987,-2.32403,14.9811,-1.27628,-0.779778,-1.19081,2345.44,2343.19,1930.09,1927.84
8.39,159.838,-34.4988,-2.33182,14.9812,-1.27591,-0.778945,-1.18955,2338.57,2350.08,1923.21,1934.71
8.4,159.725,-34.598,-2.3396,14.9814,-1.27474,-0.777628,-1.18756,2333.3,2355.42,1917.88,1940
8.41,159.612,-34.6963,-2.34737,14.9818,-1.27294,-0.776012,-1.18512,2329.16,2359.65,1913.67,1944.16
8.42,159.497,-34.7938,-2.35512,14.9821,-1.27129,-0.77501,-1.18362,2374.37,2314.54,1958.79,1898.96
8.43,159.382,-34.8904,-2.3629,14.9814,-1.27421,-0.778699,-1.1892,2360.21,2328.51,1944.79,1913.09
8.44,159.266,-34.986,-2.37069,14.9812,-1.27553,-0.779547,-1.19047,2349.69,2338.96,1934.32,1923.59
8.45,159.149,-35.0807,-2.37848,14.9812,-1.27564,-0.779093,-1.18978,2341.79,2346.86,1926.42,1931.49
8.46,159.032,-35.1746,-2.38627,14.9814,-1.27484,-0.777985,-1.1881,2335.78,2352.92,1920.37,1937.52
8.47,158.914,-35.2675,-2.39404,14.9817,-1.27333,-0.776503,-1.18586,2331.11,2357.66,1915.64,1942.2
8.48,158.795,-35.3595,-2.4018,14.9821,-1.27127,-0.774772,-1.18325,2327.4,2361.47,1911.85,1945.93
8.49,158.675,-35.4506,-2.40954,14.9822,-1.27041,-0.774738,-1.18321,2343.9,2345.02,1928.31,1929.44
8.5,158.555,-35.5408,-2.41729,14.9823,-1.2699,-0.77464,-1.18306,2338.11,2350.82,1922.51,1935.23
8.51,158.434,-35.6301,-2.42503,14.9825,-1.2687,-0.773699,-1.18165,2333.64,2355.35,1918,1939.71
8.52,158.312,-35.7184,-2.43276,14.9828,-1.26698,-0.772327,-1.17958,2330.11,2358.95,1914.41,1943.25
8.53,158.19,-35.8058,-2.44047,14.9832,-1.26483,-0.770699,-1.17712,2327.26,2361.91,1911.47,1946.13
8.54,158.067,-35.8923,-2.44817,14.9837,-1.26233,-0.768891,-1.1744,2324.87,2364.41,1908.99,1948.54
8.55,157.943,-35.9778,-2.45585,14.9843,-1.25918,-0.766479,-1.17076,2296.11,2393.29,1880.14,1977.32
8.56,157.819,-36.0625,-2.46348,14.9854,-1.25328,-0.761555,-1.16332,2303.93,2385.77,1887.72,1969.56
8.57,157.694,-36.1462,-2.47108,14.9863,-1.24822,-0.758319,-1.15845,2309.31,2380.61,1892.92,1964.22
8.58,157.568,-36.2291,-2.47865,14.9871,-1.24372,-0.755782,-1.15463,2312.92,2377.2,1896.37,1960.64
8.59,157.442,-36.311,-2.4862,14.9878,-1.2396,-0.753523,-1.15124,2315.24,2375.06,1898.54,1958.36
8.6,157.315,-36.392,-2.49372,14.9884,-1.23571,-0.751356,-1.14798,2316.6,2373.86,1899.77,1957.03
8.61,157.188,-36.4721,-2.50122,14.989,-1.23193,-0.749194,-1.14472,2317.26,2373.36,1900.31,1956.4
8.62,157.06,-36.5513,-2.50867,14.9908,-1.22273,-0.740883,-1.13215,2265.43,2425.58,1848.16,2008.3
8.63,156.932,-36.6296,-2.51604,14.9924,-1.21329,-0.734294,-1.12221,2282.01,2409.43,1864.39,1991.8
8.64,156.803,-36.7071,-2.52336,14.9936,-1.20567,-0.730135,-1.11594,2293.72,2398.03,1875.85,1980.16
8.65,156.674,-36.7837,-2.53065,14.9946,-1.19933,-0.727043,-1.11129,2301.9,2390.11,1883.82,1972.03
8.66,156.544,-36.8594,-2.5379,14.9955,-1.19386,-0.724425,-1.10735,2307.52,2384.71,1889.26,1966.45
8.67,156.413,-36.9342,-2.54513,14.9962,-1.18899,-0.722015,-1.10372,2311.27,2381.14,1892.86,1962.74
8.68,156.282,-37.0081,-2.55234,14.9974,-1.18202,-0.716595,-1.09552,2222.72,2469.92,1804.13,2051.32
8.69,156.15,-37.0812,-2.55943,14.9998,-1.16772,-0.704609,-1.07737,2251.82,2441.47,1832.7,2022.36
8.7,156.019,-37.1535,-2.56644,15.0016,-1.15663,-0.697978,-1.06736,2272.55,2421.19,1853.07,2001.71
8.71,155.886,-37.2249,-2.57339,15.0029,-1.14782,-0.693691,-1.06089,2287.24,2406.83,1867.5,1987.08
8.72,155.753,-37.2955,-2.58031,15.0039,-1.14062,-0.690468,-1.05603,2297.58,2396.75,1877.62,1976.8
8.73,155.62,-37.3652,-2.5872,15.0047,-1.13454,-0.687742,-1.05192,2304.75,2389.79,1884.62,1969.66
8.74,155.486,-37.4341,-2.59406,15.0054,-1.12923,-0.685251,-1.04816,2309.64,2385.09,1889.36,1964.81
8.75,155.352,-37.5021,-2.60085,15.0079,-1.11465,-0.671908,-1.02792,2219.2,2476.09,1798.47,2055.36
8.76,155.217,-37.5694,-2.60751,15.0101,-1.09982,-0.661581,-1.01227,2249.74,2446.13,1828.53,2024.93
8.77,155.082,-37.6359,-2.61409,15.0117,-1.08836,-0.655596,-1.00322,2271.49,2424.79,1849.96,2003.25
8.78,154.947,-37.7016,-2.62062,15.0129,-1.0793,-0.651557,-0.997121,2286.92,2409.67,1865.14,1987.88
8.79,154.811,-37.7666,-2.62712,15.0138,-1.07193,-0.648429,-0.992396,2297.79,2399.04,1875.81,1977.06
8.8,154.675,-37.8307,-2.63359,15.0146,-1.06574,-0.645744,-0.988337,2305.36,2391.67,1883.22,1969.53
8.81,154.538,-37.8939,-2.64003,15.0159,-1.05693,-0.638987,-0.978077,2184.15,2513.12,1761.82,2090.78
8.82,154.401,-37.9565,-2.64632,15.0187,-1.03809,-0.623117,-0.953964,2225.3,2472.71,1802.37,2049.78
8.83,154.264,-38.0183,-2.6525,15.0206,-1.0238,-0.614676,-0.941161,2254.64,2443.86,1831.31,2020.53
8.84,154.126,-38.0795,-2.65862,15.0219,-1.01276,-0.609511,-0.933337,2275.53,2423.32,1851.92,1999.71
8.85,153.989,-38.1398,-2.66469,15.023,-1.00402,-0.605853,-0.927798,2290.34,2408.78,1866.51,1984.95
8.86,153.85,-38.1995,-2.67074,15.0238,-0.996899,-0.602923,-0.923361,2300.76,2398.56,1876.77,1974.56
8.87,153.712,-38.2583,-2.67675,15.0244,-0.99092,-0.60036,-0.919475,2308.02,2391.46,1883.9,1967.34
8.88,153.573,-38.3164,-2.68268,15.0268,-0.973853,-0.584683,-0.895608,2199.18,2500.85,1774.61,2076.29
8.89,153.434,-38.3739,-2.68846,15.029,-0.956564,-0.572657,-0.877317,2236.66,2463.95,1811.62,2038.92
8.9,153.294,-38.4307,-2.69415,15.0305,-0.943421,-0.565904,-0.867058,2263.36,2437.64,1838.01,2012.29
8.91,153.154,-38.4869,-2.69978,15.0316,-0.93323,-0.561526,-0.860414,2282.35,2418.94,1856.77,1993.35
8.92,153.014,-38.5423,-2.70538,15.0325,-0.925133,-0.558274,-0.855478,2295.8,2405.7,1870.04,1979.94
8.93,152.874,-38.5971,-2.71094,15.0331,-0.918514,-0.555585,-0.851393,2305.26,2396.41,1879.37,1970.52
8.94,152.733,-38.6511,-2.71648,15.0342,-0.909103,-0.548415,-0.840467,2171.3,2530.58,1745.24,2104.52
8.95,152.593,-38.7045,-2.72186,15.0367,-0.888635,-0.531127,-0.81411,2217.5,2485.05,1790.9,2058.45
8.96,152.452,-38.7573,-2.72712,15.0384,-0.873277,-0.522101,-0.800365,2250.38,2452.6,1823.43,2025.65
8.97,152.31,-38.8096,-2.7323,15.0396,-0.861559,-0.516725,-0.792185,2273.79,2429.49,1846.6,2002.29
8.98,152.169,-38.8612,-2.73745,15.0405,-0.85243,-0.513036,-0.786574,2290.43,2413.08,1863.05,1985.7
8.99,152.027,-38.9121,-2.74256,15.0411,-0.845137,-0.510172,-0.782217,2302.19,2401.48,1874.68,1973.97
9,151.885,-38.9624,-2.74765,15.0416,-0.839135,-0.507733,-0.778503,2310.44,2393.36,1882.83,1965.75
9.01,151.743,-39.0121,-2.75266,15.0436,-0.821621,-0.491608,-0.753879,2197.12,2507.13,1769.14,2079.15
9.02,151.6,-39.0612,-2.7575,15.0454,-0.803931,-0.479305,-0.735103,2236.57,2468.17,1808.2,2039.8
9.03,151.458,-39.1099,-2.76225,15.0467,-0.790608,-0.47252,-0.724756,2264.64,2440.42,1836,2011.79
9.04,151.315,-39.1579,-2.76695,15.0475,-0.780394,-0.468226,-0.718211,2284.61,2420.68,1855.79,1991.86
9.05,151.172,-39.2054,-2.77162,15.0482,-0.772389,-0.465117,-0.713473,2298.78,2406.67,1869.83,1977.73
9.06,151.029,-39.2523,-2.77625,15.0487,-0.765948,-0.462608,-0.709646,2308.78,2396.79,1879.74,1967.74
9.07,150.885,-39.2986,-2.78086,15.0495,-0.756969,-0.455773,-0.699199,2043.27,2661.39,1615.15,2233.28
9.08,150.742,-39.3444,-2.78522,15.054,-0.722246,-0.423295,-0.649568,2123.6,2571.29,1705.47,2153.16
9.09,150.598,-39.39,-2.78936,15.0588,-0.697001,-0.40755,-0.625607,2179.25,2505.88,1771.11,2097.74
9.1,150.454,-39.4352,-2.79339,15.0644,-0.678505,-0.399165,-0.612964,2217.57,2457.85,1819.41,2059.69
9.11,150.31,-39.48,-2.79735,15.0711,-0.664829,-0.394188,-0.605589,2243.6,2422.15,1855.42,2033.98
9.12,150.166,-39.5244,-2.80127,15.079,-0.654601,-0.3909,-0.600854,2260.88,2395.27,1882.68,2017.07
9.13,150.022,-39.5683,-2.80517,15.0882,-0.646839,-0.388521,-0.597562,2271.91,2374.71,1903.68,2006.48
9.14,149.877,-39.6117,-2.80902,15.0994,-0.634582,-0.3792,-0.58366,2167.48,2469.69,1809.23,2111.44
9.15,149.732,-39.6549,-2.81274,15.1126,-0.617535,-0.366792,-0.565053,2203.56,2424.28,1855.27,2075.99
9.16,149.587,-39.6976,-2.81637,15.1267,-0.605019,-0.360432,-0.555775,2227.86,2390.69,1889.53,2052.36
9.17,149.441,-39.74,-2.81995,15.1422,-0.59573,-0.356807,-0.550746,2243.89,2365.45,1915.51,2037.08
9.18,149.296,-39.782,-2.8235,15.1589,-0.588743,-0.354498,-0.547787,2254.04,2346.15,1935.62,2027.73
9.19,149.15,-39.8236,-2.82704,15.177,-0.583398,-0.352872,-0.545926,2260.01,2331.1,1951.55,2022.63
9.2,149.003,-39.8648,-2.83056,15.1965,-0.579226,-0.35163,-0.544704,2263,2319.1,1964.48,2020.58
9.21,148.857,-39.9056,-2.83401,15.2185,-0.564557,-0.338129,-0.524548,2170.38,2402.85,1881.8,2114.26
9.22,148.71,-39.9461,-2.83734,15.2417,-0.551438,-0.329492,-0.511931,2197.24,2367.18,1918.6,2088.53
9.23,148.563,-39.9864,-2.84061,15.2662,-0.541795,-0.325015,-0.505784,2215.06,2340.61,1946.35,2071.89
9.24,148.415,-40.0263,-2.84384,15.292,-0.534626,-0.322452,-0.502642,2226.54,2320.45,1967.76,2061.67
9.25,148.267,-40.0658,-2.84706,15.3191,-0.529222,-0.320828,-0.500998,2233.53,2304.86,1984.67,2056
9.26,148.119,-40.105,-2.85026,15.3476,-0.525077,-0.319701,-0.50017,2237.32,2292.55,1998.38,2053.6
9.27,147.97,-40.1439,-2.85345,15.3779,-0.518817,-0.315098,-0.493939,2128.15,2393.27,1899.13,2164.25
9.28,147.821,-40.1825,-2.85652,15.4103,-0.503928,-0.302442,-0.475097,2160.55,2352.56,1941.43,2133.44
9.29,147.671,-40.2209,-2.85951,15.4438,-0.493088,-0.296273,-0.466419,2182.19,2322.66,1972.98,2113.44
9.3,147.521,-40.259,-2.86245,15.4786,-0.485115,-0.293022,-0.462341,2196.42,2300.25,1997.11,2100.94
9.31,147.371,-40.2968,-2.86537,15.5147,-0.479185,-0.291154,-0.460466,2205.43,2283.12,2016.02,2093.71
9.32,147.22,-40.3343,-2.86827,15.5523,-0.474713,-0.289986,-0.459729,2210.75,2269.77,2031.23,2090.25
9.33,147.069,-40.3716,-2.87117,15.5913,-0.471284,-0.2892,-0.459632,2213.44,2259.12,2043.81,2089.49
9.34,146.917,-40.4086,-2.874,15.6324,-0.45826,-0.277163,-0.441665,2128.93,2335.79,1969.18,2176.05
9.35,146.765,-40.4454,-2.87673,15.6749,-0.446619,-0.269454,-0.430548,2153.29,2303.68,2003.42,2153.81
9.36,146.612,-40.482,-2.8794,15.7187,-0.438113,-0.26556,-0.425511,2169.44,2279.85,2029.44,2139.86
9.37,146.459,-40.5184,-2.88204,15.7638,-0.431833,-0.263451,-0.423344,2179.88,2261.8,2049.76,2131.68
9.38,146.305,-40.5545,-2.88467,15.8104,-0.427145,-0.262229,-0.422624,2186.31,2247.85,2066.05,2127.59
9.39,146.151,-40.5905,-2.88729,15.8583,-0.423596,-0.261478,-0.422691,2189.89,2236.83,2079.49,2126.43
9.4,145.996,-40.6261,-2.88988,15.908,-0.415641,-0.254723,-0.413062,2098.83,2320.55,1998.29,2220.01
9.41,145.841,-40.6616,-2.89237,15.9595,-0.4032,-0.244992,-0.398567,2125.9,2286.24,2035.21,2195.55
9.42,145.685,-40.697,-2.89479,16.0122,-0.394152,-0.240205,-0.39207,2143.9,2261.08,2063.06,2180.24
9.43,145.528,-40.7322,-2.89718,16.0663,-0.387506,-0.237718,-0.389322,2155.71,2242.2,2084.71,2171.2
9.44,145.371,-40.7672,-2.89955,16.1217,-0.382573,-0.236358,-0.388429,2163.2,2227.72,2102.03,2166.56
9.45,145.213,-40.802,-2.90191,16.1786,-0.378869,-0.235582,-0.388521,2167.63,2216.39,2116.3,2165.06
9.46,145.055,-40.8367,-2.90425,16.237,-0.373517,-0.231967,-0.383941,2076.92,2300.29,2035.41,2258.79
9.47,144.896,-40.8712,-2.90651,16.2974,-0.361005,-0.221366,-0.367756,2104.73,2265.8,2073.04,2234.11
9.48,144.736,-40.9055,-2.90869,16.3589,-0.351924,-0.216171,-0.360483,2123.2,2240.72,2101.33,2218.85
9.49,144.576,-40.9398,-2.91084,16.4219,-0.345264,-0.213514,-0.357421,2135.39,2222.01,2123.34,2209.95
9.5,144.415,-40.9739,-2.91296,16.4862,-0.340329,-0.212102,-0.356448,2143.24,2207.73,2140.99,2205.48
9.51,144.253,-41.0079,-2.91508,16.552,-0.336633,-0.211335,-0.356577,2148.03,2196.61,2155.58,2204.16
9.52,144.09,-41.0417,-2.91719,16.6192,-0.33263,-0.209397,-0.354741,2061.01,2277.38,2078.36,2294.73
9.53,143.927,-41.0754,-2.91922,16.6884,-0.32052,-0.198728,-0.338068,2088.24,2244.05,2115.37,2271.18
9.54,143.763,-41.109,-2.92117,16.7588,-0.311736,-0.193468,-0.330509,2106.28,2219.98,2143.2,2256.9
9.55,143.599,-41.1426,-2.92309,16.8306,-0.30529,-0.190785,-0.32732,2118.23,2202.1,2164.93,2248.8
9.56,143.433,-41.176,-2.92499,16.9037,-0.300508,-0.189379,-0.326322,2125.99,2188.5,2182.47,2244.98
9.57,143.267,-41.2094,-2.92688,16.9783,-0.296924,-0.188641,-0.326485,2130.83,2177.94,2197.07,2244.18
9.58,143.1,-41.2426,-2.92876,17.0544,-0.293095,-0.186855,-0.324843,2050.56,2252.57,2126.56,2328.58
9.59,142.932,-41.2757,-2.93057,17.1323,-0.281787,-0.176906,-0.308952,2076.04,2221.59,2161.8,2307.35
9.6,142.764,-41.3088,-2.93231,17.2115,-0.273574,-0.171936,-0.301659,2092.9,2199.31,2188.42,2294.82
9.61,142.595,-41.3419,-2.93401,17.2921,-0.267532,-0.169384,-0.298574,2104.1,2182.81,2209.35,2288.07
9.62,142.424,-41.3748,-2.9357,17.3741,-0.263037,-0.168054,-0.297634,2111.42,2170.29,2226.42,2285.28
9.63,142.253,-41.4077,-2.93738,17.4575,-0.259655,-0.16737,-0.297846,2116.05,2160.56,2240.78,2285.3
9.64,142.081,-41.4406,-2.93904,17.5425,-0.254125,-0.163394,-0.292186,2047.6,2224.03,2182.07,2358.49
9.65,141.908,-41.4734,-2.94063,17.6289,-0.244203,-0.155367,-0.2792,2069.03,2197.73,2213.21,2341.91
9.66,141.735,-41.5061,-2.94216,17.7156,-0.236852,-0.1514,-0.273408,2082.76,2179.18,2236.66,2333.08
9.67,141.56,-41.5389,-2.94366,17.8024,-0.231283,-0.149458,-0.271226,2091.67,2165.49,2255.29,2329.11
9.68,141.385,-41.5716,-2.94515,17.8895,-0.226968,-0.148561,-0.270916,2097.3,2155.11,2270.64,2328.45
9.69,141.208,-41.6043,-2.94663,17.9768,-0.223545,-0.148225,-0.271622,2100.65,2147.06,2283.7,2330.1
9.7,141.031,-41.6369,-2.94808,18.0646,-0.214903,-0.141288,-0.260174,2046.47,2196.58,2239.23,2389.33
9.71,140.853,-41.6695,-2.94946,18.1526,-0.206391,-0.135629,-0.25097,2063.71,2174.73,2266.17,2377.2
9.72,140.674,-41.7022,-2.9508,18.2409,-0.20001,-0.132713,-0.24677,2074.83,2159.05,2287,2371.22
9.73,140.494,-41.7348,-2.95212,18.3294,-0.195107,-0.131241,-0.245217,2081.94,2147.4,2303.82,2369.28
9.74,140.313,-41.7674,-2.95339,18.4184,-0.184963,-0.123221,-0.231349,2041.57,2183.3,2273.15,2414.87
9.75,140.131,-41.8001,-2.95459,18.5076,-0.175604,-0.116741,-0.220243,2009.74,2210.69,2251.02,2451.97
9.76,139.948,-41.8328,-2.9557,18.5972,-0.16432,-0.108396,-0.20549,2035.09,2180.96,2286.06,2431.93
9.77,139.765,-41.8656,-2.95676,18.687,-0.156021,-0.103885,-0.197889,2051.6,2160.11,2312.27,2420.78
9.78,139.58,-41.8984,-2.95779,18.777,-0.149774,-0.101444,-0.194171,2062.43,2144.98,2332.79,2415.34
9.79,139.395,-41.9313,-2.95879,18.8673,-0.144966,-0.100148,-0.192611,2069.5,2133.66,2349.54,2413.71
9.8,139.209,-41.9642,-2.95979,18.9577,-0.141187,-0.0995004,-0.192284,2073.99,2124.95,2363.72,2414.68
9.81,139.021,-41.9971,-2.96075,19.0486,-0.133481,-0.0936714,-0.181886,2043.64,2151.14,2343.05,2450.55
9.82,138.833,-42.03,-2.96167,19.1397,-0.127369,-0.0900389,-0.175669,2055.37,2135.29,2364.46,2444.39
9.83,138.644,-42.0631,-2.96256,19.231,-0.122757,-0.0880741,-0.172656,2062.73,2123.85,2381.5,2442.63
9.84,138.454,-42.0961,-2.96343,19.3225,-0.119179,-0.0870466,-0.171454,2067.26,2115.28,2395.71,2443.74
9.85,138.263,-42.1292,-2.9643,19.4143,-0.116328,-0.0865548,-0.171295,2069.91,2108.65,2408.04,2446.77
9.86,138.072,-42.1623,-2.96515,19.5064,-0.110587,-0.0822046,-0.163458,2039.08,2135.54,2386.88,2483.34
9.87,137.879,-42.1955,-2.96594,19.5988,-0.105136,-0.0784568,-0.156744,2049.89,2120.84,2407.36,2478.3
9.88,137.685,-42.2288,-2.96672,19.6915,-0.101058,-0.076382,-0.153321,2056.49,2110.39,2423.63,2477.52
9.89,137.491,-42.2621,-2.96747,19.7844,-0.0979084,-0.075265,-0.151791,2060.42,2102.66,2437.22,2479.46
9.9,137.295,-42.2954,-2.96822,19.8775,-0.0953993,-0.0747027,-0.151367,2062.6,2096.73,2449.06,2483.18
9.91,137.099,-42.3288,-2.96896,19.971,-0.0906561,-0.0711335,-0.144812,2033.5,2122.12,2429.62,2518.24
9.92,136.901,-42.3622,-2.96964,20.0648,-0.0835167,-0.0647476,-0.132431,2019.53,2132.44,2425.3,2538.21
9.93,136.703,-42.3958,-2.97025,20.1588,-0.0772197,-0.0596932,-0.122665,2033.7,2114.66,2449.13,2530.08
9.94,136.504,-42.4295,-2.97083,20.2531,-0.072632,-0.0567674,-0.117199,2042.48,2102.32,2467.56,2527.4
9.95,136.303,-42.4632,-2.97139,20.3477,-0.0691858,-0.0550905,-0.114267,2047.85,2093.45,2482.57,2528.17
9.96,136.102,-42.497,-2.97193,20.4425,-0.0646328,-0.0517961,-0.107935,2029.92,2107.91,2474.29,2552.28
9.97,135.9,-42.531,-2.97243,20.5376,-0.060246,-0.0486708,-0.101894,2038.79,2095.63,2492.8,2549.65
9.98,135.697,-42.565,-2.9729,20.633,-0.0569964,-0.0468492,-0.0985362,2044.16,2086.9,2507.82,2550.55
9.99,135.493,-42.5991,-2.97337,20.7287,-0.0545128,-0.0458066,-0.0967901,2047.3,2080.44,2520.59,2553.74
10,135.288,-42.6334,-2.97382,20.8246,-0.0525549,-0.0452331,-0.0960203,2048.99,2075.49,2531.92,2558.42
10.01,135.082,-42.6677,-2.97426,20.9208,-0.0488008,-0.0422378,-0.0900762,2032.39,2088.88,2524.95,2581.44
10.02,134.875,-42.7021,-2.97467,21.0172,-0.0456214,-0.0399377,-0.0855636,2038.44,2079.67,2540.63,2581.86
10.03,134.667,-42.7366,-2.97506,21.1139,-0.0432606,-0.0385797,-0.0830346,2041.95,2073.05,2553.76,2584.87
10.04,134.458,-42.7712,-2.97544,21.2109,-0.041447,-0.0377953,-0.0817201,2043.83,2068.11,2565.27,2589.55
10.05,134.249,-42.806,-2.97581,21.3081,-0.0400134,-0.0373506,-0.0811286,2048.57,2067.9,2572.08,2591.41
10.06,134.038,-42.8408,-2.97617,21.4054,-0.0365378,-0.0341789,-0.0745782,2039.71,2083.79,2562.84,2606.92
10.07,133.826,-42.8758,-2.9765,21.5027,-0.0340805,-0.0322264,-0.0706378,2049.5,2081.06,2572.25,2603.81
10.08,133.614,-42.9108,-2.97681,21.6002,-0.0322963,-0.0310278,-0.0683186,2057.22,2080.44,2579.58,2602.8
10.09,133.4,-42.946,-2.97712,21.6976,-0.0302667,-0.0294094,-0.0650475,2046.99,2097.81,2568.96,2619.79
10.1,133.185,-42.9813,-2.97739,21.7952,-0.026754,-0.0258485,-0.0574284,2045.69,2106.29,2567.27,2627.87
10.11,132.97,-43.0167,-2.97763,21.8929,-0.0234551,-0.0225378,-0.0502974,2058.89,2100.3,2580.08,2621.49
10.12,132.753,-43.0523,-2.97785,21.9906,-0.0211769,-0.020474,-0.0458955,2068.78,2097.66,2589.58,2618.46
10.13,132.536,-43.088,-2.97804,22.0884,-0.0195685,-0.019188,-0.043204,2076.55,2097.18,2596.95,2617.58
10.14,132.317,-43.1239,-2.97823,22.1862,-0.0184047,-0.0183887,-0.0415878,2082.97,2098.08,2602.98,2618.09
10.15,132.098,-43.1598,-2.9784,22.2842,-0.0163569,-0.0163933,-0.0372387,2079.08,2109.34,2598.69,2628.94
10.16,131.877,-43.196,-2.97856,22.3822,-0.0146965,-0.0148436,-0.0338667,2087.41,2108.41,2606.62,2627.62
10.17,131.656,-43.2322,-2.9787,22.4802,-0.0135313,-0.0138698,-0.0317836,2094.18,2109.08,2612.99,2627.88
10.18,131.433,-43.2686,-2.97884,22.5784,-0.0126943,-0.0132595,-0.0305177,2099.95,2110.78,2618.35,2629.18
10.19,131.21,-43.3052,-2.97897,22.6766,-0.0115098,-0.0121554,-0.0280981,2095.16,2123.09,2613.15,2641.08
10.2,130.986,-43.3418,-2.97908,22.7749,-0.00999289,-0.0105895,-0.0245845,2103.41,2122.4,2620.99,2639.98
10.21,130.76,-43.3787,-2.97918,22.8733,-0.0089528,-0.00959467,-0.0223712,2110.14,2123.26,2627.31,2640.44
10.22,130.534,-43.4157,-2.97927,22.9718,-0.00822625,-0.00896305,-0.0209885,2115.88,2125.15,2632.64,2641.9
10.23,130.307,-43.4528,-2.97936,23.0703,-0.00770761,-0.00856305,-0.0201378,2121.01,2127.69,2637.35,2644.04
10.24,130.079,-43.4901,-2.97943,23.1689,-0.00622897,-0.00690669,-0.016312,2119.04,2137.37,2634.97,2653.29
10.25,129.849,-43.5275,-2.9795,23.2676,-0.00523796,-0.00584304,-0.0138586,2125.9,2138.25,2641.41,2653.76
10.26,129.619,-43.5651,-2.97955,23.3663,-0.00424923,-0.00475465,-0.011325,2124.21,2147.73,2639.29,2662.82
10.27,129.388,-43.6028,-2.97959,23.4651,-0.00299039,-0.00329131,-0.00787269,2132.13,2147.64,2646.79,2662.3
10.28,129.156,-43.6407,-2.97961,23.5641,-0.00161585,-0.00164996,-0.00396327,2133.63,2154.01,2647.86,2668.24
10.29,128.923,-43.6788,-2.97962,23.663,-0.000531013,-0.000346417,-0.000835605,2141.12,2154.42,2654.93,2668.22
10.3,128.689,-43.717,-2.97962,23.7621,0.000176848,0.000501812,0.00121551,2147.4,2156.08,2660.78,2669.45
10.31,128.454,-43.7555,-2.97961,23.8612,0.000638616,0.00105594,0.00256841,2152.9,2158.56,2665.85,2671.5
10.32,128.218,-43.794,-2.9796,23.9604,0.0012872,0.00186561,0.00455666,2153.15,2166.33,2665.66,2678.84
10.33,127.981,-43.8328,-2.97957,24.0597,0.00198188,0.00275813,0.00676452,2159.56,2167.98,2671.63,2680.06
10.34,127.743,-43.8717,-2.97954,24.1591,0.00242336,0.00334607,0.00824037,2165.17,2170.48,2676.8,2682.12
10.35,127.504,-43.9108,-2.97951,24.2586,0.00269963,0.00373582,0.00923809,2170.25,2173.54,2681.44,2684.73
10.36,127.264,-43.9501,-2.97947,24.3581,0.00305451,0.00423508,0.0105156,2170.56,2181.42,2681.3,2692.16
10.37,127.023,-43.9895,-2.97942,24.4577,0.00361978,0.00502205,0.0125207,2176.72,2183.48,2687.02,2693.78
10.38,126.781,-44.0292,-2.97937,24.5574,0.00396675,0.00554664,0.0138849,2182.19,2186.27,2692.04,2696.12
10.39,126.538,-44.069,-2.97931,24.6572,0.00417155,0.0058993,0.0148277,2187.21,2189.55,2696.61,2698.96
10.4,126.294,-44.1089,-2.97925,24.757,0.00444068,0.00633996,0.0159998,2188.21,2196.89,2697.16,2705.84
10.41,126.049,-44.1491,-2.97918,24.8569,0.00488536,0.00702179,0.0177921,2194.14,2199.35,2702.63,2707.85
10.42,125.804,-44.1894,-2.97911,24.9569,0.0051455,0.00748211,0.0190347,2199.48,2202.43,2707.52,2710.47
10.43,125.557,-44.23,-2.97903,25.057,0.00548509,0.00805313,0.0205696,2201.72,2208.65,2709.3,2716.23
10.44,125.309,-44.2707,-2.97895,25.1572,0.00592578,0.00877152,0.0224941,2205.23,2213.65,2712.35,2720.77
10.45,125.06,-44.3116,-2.97886,25.2575,0.00634849,0.0094887,0.0244302,2211.29,2216.13,2717.95,2722.79
10.46,124.81,-44.3527,-2.97876,25.3578,0.00658131,0.00997754,0.0257909,2216.74,2219.27,2722.94,2725.46
10.47,124.56,-44.3939,-2.97866,25.4582,0.00669128,0.0103151,0.0267691,2221.81,2222.83,2727.53,2728.56
10.48,124.308,-44.4354,-2.97855,25.5587,0.00679672,0.0106478,0.0277416,2224.85,2228.46,2730.1,2733.72
10.49,124.055,-44.4771,-2.97844,25.6593,0.0069629,0.0110656,0.0289436,2230.17,2231.86,2734.95,2736.64
10.5,123.801,-44.5189,-2.97833,25.76,0.00702718,0.0113583,0.0298258,2235.16,2235.61,2739.47,2739.92
10.51,123.547,-44.561,-2.97822,25.8608,0.00702607,0.0115677,0.0304945,2239.96,2239.61,2743.79,2743.45
10.52,123.291,-44.6032,-2.9781,25.9616,0.00705809,0.0118177,0.0312749,2243.32,2245.08,2746.68,2748.44
10.53,123.034,-44.6456,-2.97798,26.0625,0.00712536,0.0121182,0.0321947,2248.41,2248.88,2751.28,2751.75
10.54,122.777,-44.6883,-2.97786,26.1636,0.00712466,0.0123349,0.0328975,2253.28,2252.93,2755.67,2755.32
10.55,122.518,-44.7311,-2.97773,26.2647,0.00708051,0.0124955,0.0334546,2258.02,2257.15,2759.93,2759.05
10.56,122.258,-44.7741,-2.97761,26.3659,0.00708665,0.0127194,0.0341854,2261.83,2262.34,2763.25,2763.76
10.57,121.998,-44.8173,-2.97748,26.4671,0.00708755,0.0129415,0.0349157,2266.78,2266.44,2767.71,2767.37
10.58,121.736,-44.8608,-2.97735,26.5685,0.00704326,0.0131074,0.0354988,2271.6,2270.71,2772.03,2771.14
10.59,121.473,-44.9044,-2.97722,26.67,0.00697024,0.0132356,0.0359831,2276.34,2275.1,2776.28,2775.04
10.6,121.21,-44.9482,-2.97708,26.7715,0.00698818,0.0134823,0.0367932,2280.32,2280.3,2779.76,2779.74
10.61,120.945,-44.9922,-2.97695,26.8731,0.00695946,0.0136749,0.0374605,2285.28,2284.56,2784.22,2783.5
10.62,120.68,-45.0364,-2.97681,26.9749,0.00689435,0.0138227,0.0380088,2290.13,2288.97,2788.57,2787.41
10.63,120.413,-45.0809,-2.97667,27.0767,0.00680724,0.0139418,0.0384808,2294.84,2293.57,2792.78,2791.5
10.64,120.145,-45.1255,-2.97653,27.1786,0.00671298,0.0140503,0.0389264,2299.63,2298.12,2797.06,2795.55
10.65,119.877,-45.1703,-2.97639,27.2806,0.00660678,0.0141418,0.039327,2304.4,2302.75,2801.32,2799.67
10.66,119.607,-45.2154,-2.97625,27.3827,0.00649344,0.0142221,0.039698,2309.16,2307.43,2805.56,2803.84
10.67,119.336,-45.2606,-2.9761,27.4848,0.00636833,0.0142849,0.0400222,2314.05,2312.01,2809.95,2807.9
10.68,119.065,-45.3061,-2.97596,27.5871,0.00623481,0.0143335,0.0403077,2318.77,2316.81,2814.15,2812.19
10.69,118.792,-45.3517,-2.97582,27.6895,0.00610588,0.014385,0.0406029,2323.53,2321.62,2818.39,2816.48
10.7,118.518,-45.3976,-2.97567,27.7919,0.00598035,0.014439,0.040906,2328.31,2326.45,2822.65,2820.79
10.71,118.244,-45.4437,-2.97553,27.8945,0.00582413,0.0144511,0.0410913,2333.38,2331.03,2827.2,2824.85
10.72,117.968,-45.49,-2.97538,27.9971,0.00567609,0.014469,0.0412937,2338.12,2336,2831.41,2829.29
10.73,117.691,-45.5365,-2.97524,28.0998,0.00554048,0.0145004,0.0415351,2342.91,2340.95,2835.68,2833.71
10.74,117.414,-45.5832,-2.97509,28.2027,0.00539874,0.0145231,0.0417522,2348.28,2345.37,2840.52,2837.6
10.75,117.135,-45.6301,-2.97495,28.3056,0.00522226,0.0144965,0.0418278,2352.97,2350.52,2844.67,2842.22
10.76,116.855,-45.6772,-2.9748,28.4086,0.00501669,0.014426,0.0417761,2358.25,2355.12,2849.42,2846.28
10.77,116.575,-45.7245,-2.97466,28.5117,0.00483054,0.0143709,0.0417676,2362.91,2360.38,2853.54,2851
10.78,116.293,-45.772,-2.97452,28.615,0.00461453,0.0142705,0.0416259,2368.27,2364.99,2858.36,2855.08
10.79,116.01,-45.8198,-2.97438,28.7183,0.00442283,0.0141909,0.041543,2372.93,2370.35,2862.47,2859.9
10.8,115.727,-45.8678,-2.97423,28.8217,0.00426876,0.014155,0.0415872,2377.73,2375.61,2866.73,2864.61
10.81,115.442,-45.9159,-2.97409,28.9252,0.00411595,0.0141207,0.0416353,2383.47,2379.98,2871.92,2868.43
10.82,115.156,-45.9643,-2.97395,29.0288,0.00391484,0.0140183,0.0414816,2388.13,2385.47,2876.03,2873.37
10.83,114.869,-46.0129,-2.97381,29.1325,0.00375749,0.0139666,0.0414762,2392.97,2390.83,2880.31,2878.18
10.84,114.582,-46.0617,-2.97367,29.2363,0.00362804,0.0139506,0.0415762,2397.92,2396.12,2884.71,2882.91
10.85,114.293,-46.1107,-2.97353,29.3402,0.00342763,0.0138423,0.0414001,2403.66,2400.68,2889.89,2886.91
10.86,114.003,-46.1599,-2.9734,29.4442,0.00325543,0.0137617,0.0413052,2408.48,2406.19,2894.16,2891.87
10.87,113.712,-46.2094,-2.97326,29.5483,0.00311926,0.0137255,0.0413421,2413.46,2411.6,2898.57,2896.71
10.88,113.42,-46.259,-2.97312,29.6525,0.002953,0.0136524,0.0412669,2419.46,2416.04,2904,2900.58
10.89,113.127,-46.3089,-2.97298,29.7568,0.00275911,0.013535,0.0410559,2424.25,2421.72,2908.23,2905.7
10.9,112.833,-46.359,-2.97285,29.8613,0.00261209,0.0134727,0.0410103,2429.23,2427.26,2912.64,2910.67
10.91,112.539,-46.4093,-2.97272,29.9658,0.00249463,0.0134496,0.0410833,2434.34,2432.73,2917.18,2915.56
10.92,112.243,-46.4598,-2.97258,30.0704,0.00219649,0.0131875,0.0404234,2441.11,2436.58,2923.37,2918.84
10.93,111.946,-46.5105,-2.97245,30.1751,0.00194982,0.0129654,0.0398809,2445.73,2442.63,2927.41,2924.31
10.94,111.648,-46.5614,-2.97232,30.2799,0.00177921,0.0128283,0.0395962,2450.62,2448.45,2931.72,2929.55
10.95,111.349,-46.6126,-2.9722,30.3849,0.00156762,0.0126323,0.0391264,2456.53,2453.3,2937.05,2933.82
10.96,111.048,-46.6639,-2.97207,30.4899,0.00139278,0.0124703,0.0387583,2461.42,2459.23,2941.35,2939.16
10.97,110.747,-46.7155,-2.97195,30.5951,0.00127253,0.0123756,0.0385967,2466.52,2464.99,2945.86,2944.33
10.98,110.445,-46.7673,-2.97182,30.7003,0.00112895,0.0122548,0.0383513,2472.76,2469.65,2951.52,2948.4
10.99,110.142,-46.8193,-2.9717,30.8057,0.000961267,0.0120949,0.0379808,2477.73,2475.64,2955.89,2953.8
11,109.838,-46.8715,-2.97158,30.9111,0.000847401,0.0120013,0.0378158,2482.91,2481.47,2960.47,2959.03
11.01,109.533,-46.9239,-2.97146,30.9492,0.000405771,0.0120365,0.0379735,4375.97,4347.93,1101.12,1073.08
11.02,109.229,-46.9761,-2.97134,30.7181,-0.00145156,0.0123923,0.0388042,4368.67,4341.09,1085.13,1057.55
11.03,108.927,-47.0281,-2.97121,30.6554,-0.00229725,0.0123037,0.0384482,2473.64,2476.12,2940.65,2943.13
11.04,108.625,-47.08,-2.97109,30.6599,-0.00264887,0.0121121,0.037855,2471.08,2475.14,2942.06,2946.12
11.05,108.323,-47.1319,-2.97097,30.4636,-0.00416676,0.0123172,0.0382492,4356.4,4330.98,1070.29,1044.87
11.06,108.024,-47.1834,-2.97085,30.2348,-0.00584095,0.0125751,0.038757,4349.3,4324.56,1054.47,1029.72
11.07,107.728,-47.2345,-2.97072,30.007,-0.00739508,0.0127469,0.0389905,4273.47,4252.06,1104.99,1083.58
11.08,107.433,-47.2853,-2.97059,29.8463,-0.0082172,0.0125784,0.038269,4205.9,4188.76,1152.88,1135.74
11.09,107.14,-47.3359,-2.97047,29.6204,-0.00914032,0.0123633,0.03733,4111.63,4100.77,1219.35,1208.49
11.1,106.849,-47.386,-2.97035,29.3956,-0.00959108,0.0118845,0.0356119,4017.19,4014.01,1284.85,1281.67
11.11,106.56,-47.4359,-2.97023,29.2696,-0.00916322,0.0111318,0.0332132,3963.72,3964.39,1322.62,1323.3
11.12,106.273,-47.4855,-2.97013,29.0463,-0.00877799,0.010214,0.0302425,3869.27,3879.29,1386.87,1396.89
11.13,105.988,-47.5348,-2.97003,28.8241,-0.00775284,0.00910429,0.0267506,3775.17,3794.86,1450.7,1470.39
11.14,105.705,-47.5838,-2.96994,28.6676,-0.00609492,0.00818816,0.0239281,2400.88,2429.5,2798.68,2827.31
11.15,105.423,-47.6326,-2.96987,28.4855,-0.004512,0.00735242,0.0213494,3636.43,3659.63,1554.73,1577.93
11.16,105.144,-47.681,-2.9698,28.2848,-0.00293919,0.00691009,0.0199236,3555.06,3580.1,1615.9,1640.94
11.17,104.866,-47.7292,-2.96973,28.0969,-0.00133683,0.00694357,0.0198872,3481.11,3504.15,1674.78,1697.82
11.18,104.59,-47.7771,-2.96966,27.9478,6.18636e-05,0.00714341,0.0203509,3424.33,3442.11,1723.35,1741.13
11.19,104.316,-47.8248,-2.96959,27.7811,0.00119853,0.00723608,0.020492,3359.22,3375.55,1774.94,1791.28
11.2,104.043,-47.8722,-2.96951,27.6247,0.00223146,0.00743825,0.0209459,3298.61,3313.33,1823.19,1837.92
11.21,103.772,-47.9194,-2.96944,27.4781,0.00315223,0.00769371,0.0215503,3242.31,3255.12,1868.38,1881.19
11.22,103.502,-47.9664,-2.96936,27.3446,0.00378945,0.00774627,0.0215921,3192.88,3200.9,1910.77,1918.79
11.23,103.233,-48.0132,-2.96928,27.2241,0.00428639,0.00775008,0.0215075,3147.13,3154.1,1946.94,1953.91
11.24,102.965,-48.0598,-2.9692,27.1152,0.00471615,0.00777504,0.0214905,3106.29,3112.29,1979.17,1985.18
11.25,102.699,-48.1063,-2.96913,27.0166,0.00508574,0.0078108,0.0215108,3069.81,3074.96,2007.87,2013.03
11.26,102.433,-48.1526,-2.96905,26.9272,0.00523051,0.0076326,0.0209505,3038.26,3040.56,2034.48,2036.78
11.27,102.168,-48.1989,-2.96897,26.846,0.00538782,0.00753159,0.0206109,3008.76,3011.13,2056.86,2059.23
11.28,101.904,-48.245,-2.9689,26.7721,0.00554416,0.00747914,0.0204111,2982.46,2984.76,2076.83,2079.13
11.29,101.641,-48.291,-2.96882,26.7048,0.00563446,0.00738304,0.0200981,2960.37,2959.75,2096.03,2095.4
11.3,101.378,-48.3369,-2.96875,26.6433,0.0056825,0.00726882,0.0197417,2937.5,2940.5,2109.99,2112.98
11.31,101.116,-48.3827,-2.96868,26.5871,0.00586189,0.00734862,0.0199162,2918.93,2921.38,2124.26,2126.72
11.32,100.854,-48.4285,-2.9686,26.5354,0.00601047,0.00740961,0.0200425,2902.26,2904.31,2136.91,2138.96
11.33,100.593,-48.4742,-2.96853,26.4879,0.00603022,0.00732406,0.0197756,2888.76,2887.6,2149.56,2148.39
11.34,100.333,-48.5198,-2.96846,26.4441,0.00598114,0.00716977,0.019327,2874.87,2874.43,2158.99,2158.55
11.35,100.072,-48.5654,-2.96839,26.4036,0.00596929,0.00707823,0.0190511,2862.52,2862.52,2167.44,2167.45
11.36,99.8124,-48.611,-2.96832,26.3661,0.00597988,0.00702681,0.0188858,2851.51,2851.77,2175,2175.26
11.37,99.5529,-48.6564,-2.96825,26.3311,0.00586656,0.00682756,0.0183259,2842.96,2840.79,2183.01,2180.84
11.38,99.2937,-48.7019,-2.96818,26.2985,0.00575835,0.00664689,0.0178189,2833.72,2832.49,2188.55,2187.31
11.39,99.0349,-48.7473,-2.96811,26.268,0.00569934,0.00653717,0.0175044,2825.54,2824.91,2193.55,2192.91
11.4,98.7763,-48.7927,-2.96805,26.2394,0.00567178,0.00647287,0.0173134,2818.26,2818.01,2198.02,2197.77
11.41,98.518,-48.838,-2.96798,26.2124,0.00550161,0.00623267,0.0166537,2812.9,2810.6,2203.15,2200.85
11.42,98.26,-48.8834,-2.96792,26.1869,0.00538331,0.00606613,0.016193,2806.7,2805.3,2206.3,2204.91
11.43,98.0022,-48.9286,-2.96786,26.1627,0.00531295,0.00596465,0.0159074,2801.21,2800.4,2209.17,2208.36
11.44,97.7446,-48.9739,-2.9678,26.1397,0.00525367,0.00587903,0.0156652,2797.84,2794.39,2213.24,2209.79
11.45,97.4873,-49.0191,-2.96775,26.1177,0.00507253,0.00564242,0.0150221,2792.97,2790.78,2215.01,2212.82
11.46,97.2302,-49.0644,-2.96769,26.0967,0.0049583,0.00549567,0.0146197,2788.71,2787.34,2216.68,2215.32
11.47,96.9733,-49.1095,-2.96764,26.0766,0.00488788,0.00540625,0.0143707,2784.95,2784.12,2218.21,2217.38
11.48,96.7166,-49.1547,-2.96758,26.0571,0.0047911,0.00528321,0.0140332,2782.92,2779.81,2220.9,2217.78
11.49,96.46,-49.1999,-2.96753,26.0384,0.00462631,0.00507735,0.0134766,2779.48,2777.47,2221.66,2219.66
11.5,96.2037,-49.245,-2.96748,26.0202,0.00452088,0.00494977,0.0131288,2776.48,2775.2,2222.42,2221.14
11.51,95.9475,-49.2901,-2.96743,26.0026,0.00445457,0.00487209,0.012914,2773.83,2773.03,2223.11,2222.32
11.52,95.6916,-49.3352,-2.96738,25.9854,0.00434573,0.00473933,0.0125539,2772.66,2769.78,2224.94,2222.06
11.53,95.4357,-49.3803,-2.96734,25.9687,0.00419294,0.0045539,0.0120549,2770.12,2768.26,2225.07,2223.2
11.54,95.1801,-49.4253,-2.96729,25.9523,0.00409418,0.00443896,0.0117432,2767.92,2766.72,2225.24,2224.04
11.55,94.9246,-49.4704,-2.96725,25.9363,0.00403114,0.0043689,0.0115508,2765.97,2765.21,2225.41,2224.65
11.56,94.6692,-49.5154,-2.96721,25.9205,0.0038989,0.0042099,0.0111236,2765.27,2762.72,2226.6,2224.05
11.57,94.4141,-49.5604,-2.96716,25.9051,0.0037628,0.00404916,0.0106925,2763.34,2761.67,2226.36,2224.69
11.58,94.159,-49.6054,-2.96713,25.8899,0.00367414,0.00394957,0.0104234,2761.66,2760.58,2226.19,2225.11
11.59,93.9042,-49.6503,-2.96709,25.8749,0.00361696,0.00388888,0.0102573,2760.17,2759.48,2226.04,2225.35
11.6,93.6494,-49.6953,-2.96705,25.86,0.00348073,0.00372671,0.00982395,2759.77,2757.45,2226.84,2224.52
11.61,93.3948,-49.7402,-2.96701,25.8454,0.00335675,0.00358304,0.00943986,2758.24,2756.71,2226.37,2224.85
11.62,93.1404,-49.7851,-2.96698,25.8309,0.00327545,0.00349397,0.00920002,2756.89,2755.9,2225.99,2224.99
11.63,92.8861,-49.83,-2.96694,25.8165,0.00322255,0.00343961,0.00905185,2755.7,2755.05,2225.64,2225
11.64,92.6319,-49.8749,-2.96691,25.8023,0.0030835,0.00327504,0.00861402,2755.46,2753.35,2226.16,2224.06
11.65,92.3779,-49.9198,-2.96688,25.7881,0.00297056,0.00314631,0.0082709,2754.18,2752.79,2225.56,2224.17
11.66,92.1241,-49.9646,-2.96684,25.7741,0.00289604,0.00306643,0.00805651,2753.06,2752.15,2225.05,2224.13
11.67,91.8703,-50.0095,-2.96681,25.7601,0.00284715,0.00301757,0.00792386,2752.06,2751.46,2224.58,2223.98
11.68,91.6167,-50.0543,-2.96679,25.7463,0.0026977,0.00284106,0.00745633,2751.87,2750.02,2224.87,2223.03
11.69,91.3633,-50.0991,-2.96676,25.7325,0.00259858,0.00273066,0.00716275,2750.78,2749.55,2224.21,2222.98
11.7,91.1099,-50.1438,-2.96673,25.7187,0.00253278,0.00266212,0.00697923,2749.81,2749,2223.63,2222.81
11.71,90.8568,-50.1886,-2.9667,25.705,0.00247623,0.0026035,0.00682192,2749.91,2747.43,2224.07,2221.58
11.72,90.6037,-50.2333,-2.96668,25.6914,0.00234263,0.00244764,0.0064101,2748.78,2747.13,2223.24,2221.59
11.73,90.3508,-50.2781,-2.96666,25.6777,0.00225363,0.0023501,0.00615141,2747.81,2746.71,2222.55,2221.44
11.74,90.098,-50.3228,-2.96663,25.6642,0.00219421,0.00228947,0.00598953,2746.95,2746.22,2221.93,2221.19
11.75,89.8454,-50.3674,-2.96661,25.6506,0.00213097,0.00222212,0.00581028,2747.03,2744.81,2222.22,2220
11.76,89.5929,-50.4121,-2.96659,25.6371,0.00201133,0.00208422,0.00544684,2746.01,2744.53,2221.39,2219.91
11.77,89.3405,-50.4568,-2.96657,25.6237,0.00193127,0.00199786,0.00521841,2745.13,2744.13,2220.68,2219.69
11.78,89.0882,-50.5014,-2.96655,25.6102,0.00187751,0.00194408,0.00507526,2744.34,2743.67,2220.04,2219.38
11.79,88.8361,-50.546,-2.96653,25.5968,0.00180939,0.00187026,0.00487999,2744.37,2742.39,2220.22,2218.24
11.8,88.5841,-50.5906,-2.96651,25.5834,0.00170253,0.00174864,0.00456026,2743.44,2742.11,2219.4,2218.08
11.81,88.3323,-50.6352,-2.96649,25.57,0.00163068,0.0016724,0.00435914,2742.62,2741.72,2218.69,2217.8
11.82,88.0806,-50.6797,-2.96648,25.5566,0.00158214,0.00162481,0.00423289,2741.88,2741.27,2218.05,2217.45
11.83,87.829,-50.7242,-2.96646,25.5432,0.00151091,0.00154676,0.00402744,2741.87,2740.11,2218.12,2216.36
11.84,87.5775,-50.7687,-2.96645,25.5299,0.0014158,0.00143994,0.00374736,2740.99,2739.81,2217.33,2216.15
11.85,87.3262,-50.8132,-2.96643,25.5166,0.00135153,0.00137289,0.003571,2740.22,2739.42,2216.63,2215.83
11.86,87.075,-50.8577,-2.96642,25.5032,0.00130784,0.00133094,0.00346006,2739.52,2738.97,2215.99,2215.44
11.87,86.824,-50.9022,-2.96641,25.4899,0.0012351,0.00125066,0.00324966,2739.46,2737.9,2215.98,2214.42
11.88,86.5731,-50.9466,-2.96639,25.4766,0.00115077,0.00115727,0.00300542,2738.64,2737.58,2215.2,2214.15
11.89,86.3223,-50.991,-2.96638,25.4633,0.00109349,0.00109855,0.00285144,2737.9,2737.19,2214.52,2213.8
11.9,86.0716,-51.0354,-2.96637,25.45,0.00105428,0.0010617,0.00275436,2737.23,2736.74,2213.88,2213.39
11.91,85.8211,-51.0797,-2.96636,25.4367,0.000988231,0.000989351,0.00256532,2737.13,2735.72,2213.82,2212.4
11.92,85.5707,-51.1241,-2.96635,25.4234,0.000911339,0.000904726,0.00234467,2736.35,2735.39,2213.07,2212.11
11.93,85.3204,-51.1684,-2.96634,25.4101,0.000858891,0.000851429,0.00220539,2735.64,2734.99,2212.39,2211.73
11.94,85.0703,-51.2127,-2.96634,25.3968,0.000822778,0.000817867,0.00211735,2734.99,2734.54,2211.76,2211.3
11.95,84.8203,-51.257,-2.96633,25.3835,0.00075623,0.000744538,0.0019265,2734.84,2733.59,2211.63,2210.38
11.96,84.5704,-51.3012,-2.96632,25.3703,0.00068817,0.000670753,0.00173468,2734.09,2733.24,2210.9,2210.05
11.97,84.3207,-51.3455,-2.96631,25.357,0.000641476,0.00062418,0.00161339,2733.41,2732.82,2210.24,2209.65
11.98,84.0711,-51.3897,-2.96631,25.3437,0.00060909,0.000594737,0.00153648,2732.78,2732.37,2209.62,2209.21
11.99,83.8216,-51.4339,-2.9663,25.3304,0.000549078,0.000529131,0.00136627,2732.59,2731.46,2209.45,2208.32
12,83.5722,-51.478,-2.9663,25.3172,0.000487539,0.000462907,0.00119465,2731.87,2731.1,2208.74,2207.96
12.01,83.323,-51.5222,-2.96629,25.3039,0.000445118,0.000421014,0.00108596,2731.21,2730.67,2208.09,2207.55
12.02,83.0739,-51.5663,-2.96629,25.2907,0.000415507,0.000394423,0.00101684,2730.59,2730.21,2207.47,2207.1
12.03,82.825,-51.6104,-2.96629,25.2774,0.000356522,0.000329727,0.000849606,2730.35,2729.36,2207.25,2206.26
12.04,82.5761,-51.6545,-2.96628,25.2641,0.000302561,0.000272624,0.0007021,2729.66,2728.98,2206.56,2205.88
12.05,82.3274,-51.6985,-2.96628,25.2509,0.000265121,0.000236392,0.000608471,2729.02,2728.54,2205.93,2205.45
12.06,82.0789,-51.7426,-2.96628,25.2381,0.000238775,0.000213279,0.000548703,2724.58,2724.24,2209.19,2208.85
12.07,81.8304,-51.7866,-2.96628,25.2268,0.0001862,0.000156087,0.000401383,2720.05,2719.17,2213.33,2212.45
12.08,81.5821,-51.8306,-2.96627,25.2166,0.000137965,0.000105484,0.000271147,2715.62,2715.02,2216.66,2216.05
12.09,81.3338,-51.8746,-2.96627,25.2075,0.000104318,7.32876e-05,0.000188318,2712.11,2711.69,2219.25,2218.82
12.1,81.0857,-51.9185,-2.96627,25.199,8.04743e-05,5.26476e-05,0.000135236,2710.83,2710.52,2219.72,2219.41
12.11,80.8376,-51.9625,-2.96627,25.1907,3.00769e-05,-2.24596e-06,-5.76729e-06,2709.86,2709.1,2220.46,2219.7
12.12,80.5896,-52.0064,-2.96627,25.1826,-1.17211e-05,-4.5322e-05,-0.000116343,2708.6,2708.07,2220.85,2220.32
12.13,80.3416,-52.0503,-2.96627,25.1748,-4.10855e-05,-7.28577e-05,-0.00018697,2707.4,2707.03,2221.26,2220.88
12.14,80.0938,-52.0942,-2.96627,25.1672,-6.20729e-05,-9.06401e-05,-0.000232534,2706.27,2706,2221.68,2221.41
12.15,79.846,-52.1381,-2.96628,25.1599,-0.000106311,-0.000138478,-0.000355157,2705.41,2704.75,2222.33,2221.66
12.16,79.5983,-52.182,-2.96628,25.1528,-0.000143115,-0.000176126,-0.000451585,2704.3,2703.83,2222.68,2222.21
12.17,79.3507,-52.2258,-2.96628,25.1459,-0.000169116,-0.000200304,-0.000513438,2703.24,2702.91,2223.04,2222.71
12.18,79.1031,-52.2697,-2.96628,25.1392,-0.000187832,-0.000216035,-0.000553612,2702.24,2702,2223.41,2223.17
12.19,78.8556,-52.3135,-2.96628,25.1327,-0.000226552,-0.000257656,-0.000660099,2701.48,2700.9,2223.99,2223.4
12.2,78.6082,-52.3573,-2.96629,25.1264,-0.00025883,-0.000290464,-0.000743966,2700.49,2700.08,2224.29,2223.88
12.21,78.3608,-52.4012,-2.96629,25.1203,-0.000281765,-0.000311649,-0.000798034,2699.56,2699.27,2224.61,2224.32
12.22,78.1135,-52.445,-2.96629,25.1143,-0.000298396,-0.000325549,-0.00083343,2698.68,2698.46,2224.94,2224.73
12.23,77.8662,-52.4888,-2.96629,25.1086,0.000138351,0.000225892,0.000578169,2694.19,2701.31,2221.63,2228.75
12.24,77.619,-52.5325,-2.96629,25.103,0.000525089,0.000682778,0.00174718,2694.53,2699.37,2223.12,2227.96
12.25,77.3719,-52.5763,-2.96628,25.0976,0.000790391,0.000971623,0.00248577,2694.51,2697.86,2224.2,2227.55
12.26,77.1248,-52.6201,-2.96627,25.0924,0.000975694,0.00115585,0.00295647,2694.25,2696.62,2225.02,2227.38
12.27,76.8777,-52.6639,-2.96625,25.0873,0.00257382,0.00309953,0.00792649,2683.51,2705.91,2215.32,2237.72
12.28,76.6307,-52.7077,-2.96621,25.0824,0.00379664,0.00448449,0.011466,2686.32,2701.7,2219.13,2234.52
12.29,76.3838,-52.7515,-2.96616,25.0776,0.00464427,0.00536435,0.0137131,2687.95,2698.7,2221.74,2232.5
12.3,76.1369,-52.7953,-2.9661,25.073,0.00524302,0.00592939,0.0151547,2688.83,2696.5,2223.58,2231.25
12.31,75.89,-52.8392,-2.96602,25.0685,0.00798128,0.009168,0.0234279,2672.94,2711.1,2208.61,2246.77
12.32,75.6433,-52.8831,-2.96592,25.0641,0.0100716,0.0114673,0.0292984,2678.21,2704.59,2214.77,2241.16
12.33,75.3965,-52.927,-2.9658,25.0599,0.0115315,0.012934,0.0330403,2681.5,2700.09,2218.93,2237.53
12.34,75.1498,-52.9709,-2.96566,25.0558,0.0125711,0.0138815,0.0354548,2683.52,2696.9,2221.8,2235.17
12.35,74.9032,-53.015,-2.9655,25.0518,0.0163519,0.0182673,0.0466494,2663.37,2715.91,2202.46,2255
12.36,74.6566,-53.059,-2.9653,25.048,0.0192379,0.021378,0.0545847,2670.83,2707.35,2210.71,2247.24
12.37,74.4101,-53.1032,-2.96507,25.0442,0.021265,0.0233698,0.0596614,2675.6,2701.51,2216.26,2242.16
12.38,74.1636,-53.1474,-2.96483,25.0406,0.0227179,0.0246634,0.0629548,2678.66,2697.41,2220.06,2238.81
12.39,73.9171,-53.1917,-2.96458,25.0371,0.023781,0.0255193,0.0651304,2680.61,2694.46,2222.73,2236.58
12.4,73.6707,-53.2361,-2.96432,25.0337,0.0245752,0.0260993,0.0666017,2681.82,2692.27,2224.64,2235.09
12.41,73.4244,-53.2805,-2.96406,25.0304,0.0251809,0.0265042,0.067626,2682.55,2690.6,2226.05,2234.1
12.42,73.1781,-53.325,-2.96379,25.0272,0.0256524,0.0267971,0.0683644,2682.96,2689.28,2227.11,2233.43
12.43,72.9318,-53.3696,-2.96349,25.024,0.03014,0.0321331,0.0819673,2654.06,2717.28,2198.86,2262.08
12.44,72.6856,-53.4143,-2.96315,25.021,0.0336129,0.0359732,0.0917518,2663.26,2707.21,2208.68,2252.64
12.45,72.4395,-53.4591,-2.96278,25.018,0.0360537,0.0384404,0.0980329,2669.21,2700.42,2215.24,2246.45
12.46,72.1934,-53.504,-2.96238,25.0152,0.0378065,0.0400509,0.102129,2673.08,2695.73,2219.7,2242.34
12.47,71.9474,-53.549,-2.96195,25.0124,0.0437397,0.0469023,0.119586,2642.76,2725.25,2189.95,2272.44
12.48,71.7014,-53.5942,-2.96145,25.0096,0.0482861,0.0517768,0.132,2654.75,2712.48,2202.5,2260.23
12.49,71.4554,-53.6396,-2.96091,25.007,0.0515025,0.0549206,0.14,2662.61,2703.87,2210.9,2252.16
12.5,71.2096,-53.6851,-2.96035,25.0044,0.0538275,0.0569834,0.145243,2667.81,2697.94,2216.62,2246.76
12.51,70.9637,-53.7309,-2.95974,25.0019,0.0606107,0.0646652,0.164806,2635.45,2729.57,2184.8,2278.91
12.52,70.718,-53.7768,-2.95906,24.9994,0.0658118,0.0701313,0.17872,2649.05,2715.26,2198.9,2265.11
12.53,70.4723,-53.8229,-2.95834,24.997,0.0695121,0.0736721,0.187725,2658.02,2705.62,2208.35,2255.95
12.54,70.2267,-53.8693,-2.95759,24.9947,0.0722034,0.0760096,0.193663,2664,2698.98,2214.8,2249.79
12.55,69.9811,-53.9159,-2.95678,24.9924,0.0795868,0.0842814,0.214719,2629.96,2732.35,2181.25,2283.64
12.56,69.7356,-53.9627,-2.95591,24.9901,0.0852571,0.0901756,0.229715,2644.67,2717,2196.42,2268.75
12.57,69.4902,-54.0098,-2.95498,24.988,0.089309,0.0940092,0.23946,2654.41,2706.65,2206.6,2258.84
12.58,69.2449,-54.0572,-2.95403,24.9859,0.0922708,0.0965547,0.245923,2660.93,2699.53,2213.55,2252.15
12.59,68.9996,-54.1049,-2.95301,24.9837,0.100093,0.105259,0.268071,2625.69,2734.15,2178.75,2287.21
12.6,68.7545,-54.1529,-2.95192,24.9817,0.10611,0.111472,0.28387,2641.18,2718.07,2194.67,2271.56
12.61,68.5094,-54.2012,-2.95079,24.9797,0.110426,0.11553,0.294179,2651.46,2707.23,2205.35,2261.12
12.62,68.2644,-54.2498,-2.94962,24.9778,0.113596,0.118239,0.301055,2658.36,2699.78,2212.65,2254.07
12.63,68.0194,-54.2988,-2.94838,24.9757,0.121729,0.127246,0.323963,2622.39,2735.17,2177.09,2289.87
12.64,67.7746,-54.3482,-2.94707,24.9738,0.127996,0.133687,0.340334,2638.4,2718.61,2193.5,2273.71
12.65,67.5299,-54.3979,-2.94571,24.972,0.132509,0.13791,0.351059,2649.04,2707.45,2204.51,2262.93
12.66,67.2853,-54.448,-2.94432,24.9702,0.135838,0.140747,0.358255,2656.19,2699.79,2212.03,2255.63
12.67,67.0407,-54.4985,-2.94286,24.9683,0.144172,0.149942,0.381631,2619.92,2735.52,2176.15,2291.75
12.68,66.7963,-54.5495,-2.94132,24.9665,0.150607,0.15653,0.39837,2636.21,2718.71,2192.81,2275.31
12.69,66.552,-54.6008,-2.93973,24.9647,0.155258,0.160869,0.409383,2647.05,2707.38,2204.01,2264.34
12.7,66.3078,-54.6527,-2.93811,24.9631,0.158704,0.163801,0.416817,2654.35,2699.6,2211.65,2256.9
12.71,66.0637,-54.7049,-2.93642,24.9612,0.167145,0.173083,0.440403,2618.16,2735.28,2175.83,2292.95
12.72,65.8197,-54.7577,-2.93465,24.9595,0.173676,0.179747,0.457329,2634.53,2718.4,2192.56,2276.43
12.73,65.5759,-54.8109,-2.93282,24.9578,0.178414,0.184156,0.468516,2645.44,2707.03,2203.81,2265.4
12.74,65.3321,-54.8647,-2.93097,24.9563,0.181942,0.187155,0.476115,2652.79,2699.23,2211.48,2257.92
12.75,65.0886,-54.9189,-2.92904,24.9545,0.190405,0.196433,0.499683,2617.01,2734.5,2176.07,2293.55
12.76,64.8451,-54.9737,-2.92704,24.9528,0.196968,0.203112,0.516636,2633.3,2717.73,2192.7,2277.13
12.77,64.6018,-55.0291,-2.92498,24.9512,0.201749,0.207551,0.527894,2644.15,2706.43,2203.87,2266.16
12.78,64.3586,-55.085,-2.92289,24.9497,0.205326,0.21059,0.535593,2651.47,2698.68,2211.51,2258.71
12.79,64.1156,-55.1414,-2.92073,24.948,0.213739,0.219786,0.558942,2616.41,2733.25,2176.8,2293.63
12.8,63.8727,-55.1985,-2.9185,24.9463,0.220279,0.226423,0.575781,2632.45,2716.74,2193.18,2277.46
12.81,63.63,-55.2562,-2.91621,24.9448,0.225063,0.230857,0.587021,2643.14,2705.61,2204.18,2266.65
12.82,63.3875,-55.3145,-2.91388,24.9433,0.228661,0.233915,0.594762,2650.36,2697.97,2211.7,2259.31
12.83,63.1451,-55.3733,-2.9115,24.9416,0.236453,0.242352,0.616172,2614.61,2733.25,2176.29,2294.93
12.84,62.9029,-55.4329,-2.90904,24.94,0.243098,0.249146,0.633406,2630.84,2716.55,2192.86,2278.57
12.85,62.6609,-55.4931,-2.90652,24.9385,0.247968,0.253699,0.644941,2641.65,2705.31,2203.98,2267.64
12.86,62.419,-55.554,-2.90396,24.9371,0.251641,0.256851,0.652917,2648.94,2697.61,2211.56,2260.24
12.87,62.1773,-55.6155,-2.90135,24.9354,0.259332,0.265157,0.673984,2614.6,2731.48,2177.56,2294.44
12.88,61.9359,-55.6777,-2.89866,24.9338,0.265892,0.271847,0.690947,2630.42,2715.2,2193.71,2278.49
12.89,61.6946,-55.7407,-2.89592,24.9323,0.270722,0.276355,0.702361,2640.95,2704.24,2204.55,2267.84
12.9,61.4535,-55.8043,-2.89314,24.9309,0.274384,0.279499,0.710312,2648.06,2696.73,2211.95,2260.62
12.91,61.2127,-55.8687,-2.8903,24.9292,0.281886,0.287573,0.73078,2615.21,2729.12,2179.43,2293.34
12.92,60.972,-55.9338,-2.88739,24.9276,0.288294,0.294089,0.747291,2630.43,2713.44,2194.98,2277.99
12.93,60.7316,-55.9997,-2.88442,24.9261,0.293037,0.298506,0.75847,2640.56,2702.87,2205.42,2267.74
12.94,60.4914,-56.0664,-2.88142,24.9247,0.296654,0.301613,0.766321,2647.4,2695.63,2212.55,2260.79
12.95,60.2515,-56.1338,-2.87836,24.923,0.303919,0.309404,0.786065,2616.17,2726.4,2181.66,2291.89
12.96,60.0117,-56.202,-2.87523,24.9214,0.310136,0.315708,0.802028,2630.69,2711.42,2196.51,2277.24
12.97,59.7723,-56.2711,-2.87205,24.92,0.314762,0.32001,0.812909,2640.36,2701.33,2206.48,2267.45
12.98,59.533,-56.3409,-2.86883,24.9186,0.318315,0.323063,0.820619,2646.89,2694.4,2213.29,2260.81
12.99,59.2941,-56.4115,-2.86556,24.9169,0.325307,0.330538,0.839549,2617.4,2723.42,2184.14,2290.17
13,59.0554,-56.483,-2.86222,24.9153,0.331302,0.336601,0.854895,2631.15,2709.22,2198.22,2276.29
13.01,58.8169,-56.5554,-2.85883,24.9138,0.335791,0.34077,0.865431,2640.3,2699.64,2207.68,2267.02
13.02,58.5788,-56.6286,-2.85541,24.9124,0.339262,0.343757,0.872968,2646.48,2693.07,2214.14,2260.73
13.03,58.3409,-56.7027,-2.85193,24.9108,0.345953,0.350886,0.891014,2618.84,2720.24,2186.84,2288.24
13.04,58.1033,-56.7776,-2.84839,24.9092,0.351705,0.356687,0.905686,2631.76,2706.87,2200.08,2275.19
13.05,57.866,-56.8535,-2.8448,24.9077,0.356039,0.360708,0.915841,2640.36,2697.84,2208.99,2266.47
13.06,57.6291,-56.9302,-2.84118,24.9063,0.359415,0.363618,0.923178,2646.16,2691.65,2215.07,2260.56
13.07,57.3924,-57.0078,-2.83751,24.9046,0.365784,0.370381,0.940286,2620.44,2716.9,2189.69,2286.15
13.08,57.156,-57.0864,-2.83377,24.9031,0.371274,0.375902,0.954241,2632.49,2704.4,2202.07,2273.97
13.09,56.92,-57.1659,-2.82999,24.9016,0.375439,0.379763,0.963984,2640.51,2695.96,2210.39,2265.84
13.1,56.6843,-57.2463,-2.82618,24.9002,0.37871,0.382588,0.971102,2645.91,2690.16,2216.08,2260.32
13.11,56.449,-57.3277,-2.82232,24.8985,0.384741,0.388968,0.987231,2622.16,2713.44,2192.66,2283.94
13.12,56.214,-57.4101,-2.8184,24.897,0.389954,0.394196,1.00044,2633.31,2701.84,2204.14,2272.66
13.13,55.9793,-57.4934,-2.81443,24.8955,0.393941,0.397888,1.00975,2640.73,2694,2211.86,2265.13
13.14,55.7451,-57.5776,-2.81044,24.8941,0.397098,0.400622,1.01663,2645.72,2688.61,2217.13,2260.03
13.15,55.5111,-57.6629,-2.8064,24.8925,0.402779,0.406608,1.03175,2623.98,2709.89,2195.72,2281.64
13.16,55.2776,-57.7491,-2.80231,24.8909,0.407705,0.411534,1.04418,2634.21,2699.22,2206.28,2271.28
13.17,55.0444,-57.8363,-2.79817,24.8894,0.411505,0.41505,1.05304,2641.01,2692,2213.38,2264.37
13.18,54.8117,-57.9245,-2.79401,24.888,0.414542,0.417687,1.05967,2645.58,2687.03,2218.24,2259.68
13.19,54.5793,-58.0138,-2.7898,24.8864,0.419864,0.423272,1.07377,2625.86,2706.3,2198.84,2279.28
13.2,54.3474,-58.104,-2.78554,24.8849,0.424498,0.427891,1.08542,2635.16,2696.55,2208.46,2269.85
13.21,54.1158,-58.1953,-2.78124,24.8834,0.428104,0.431226,1.09382,2641.34,2689.96,2214.94,2263.56
13.22,53.8847,-58.2876,-2.77692,24.882,0.431016,0.433763,1.10019,2645.49,2685.42,2219.37,2259.3
13.23,53.6541,-58.381,-2.77255,24.8805,0.435977,0.438944,1.11327,2627.78,2702.69,2201.98,2276.88
13.24,53.4238,-58.4754,-2.76814,24.8789,0.440313,0.443253,1.12412,2636.15,2693.88,2210.66,2268.39
13.25,53.194,-58.5708,-2.76369,24.8775,0.443723,0.446406,1.13205,2641.71,2687.91,2216.51,2262.72
13.26,52.9647,-58.6673,-2.75921,24.8761,0.446506,0.448839,1.13816,2645.43,2683.79,2220.52,2258.88
13.27,52.7358,-58.7648,-2.7547,24.8746,0.451105,0.453618,1.15021,2629.71,2699.08,2205.11,2274.48
13.28,52.5074,-58.8635,-2.75014,24.8731,0.455143,0.457616,1.16028,2637.16,2691.2,2212.87,2266.91
13.29,52.2795,-58.9632,-2.74555,24.8717,0.458355,0.460586,1.16774,2642.1,2685.86,2218.1,2261.86
13.3,52.0521,-59.0639,-2.74093,24.8703,0.461008,0.462915,1.17358,2645.4,2682.17,2221.68,2258.45
13.31,51.8252,-59.1658,-2.73627,24.8688,0.465245,0.467295,1.18461,2631.64,2695.51,2208.22,2272.1
13.32,51.5987,-59.2687,-2.73158,24.8673,0.468987,0.470986,1.1939,2638.18,2688.55,2215.07,2265.43
13.33,51.3728,-59.3727,-2.72685,24.8659,0.472001,0.473773,1.2009,2642.51,2683.82,2219.68,2260.99
13.34,51.1474,-59.4779,-2.7221,24.8646,0.474523,0.475997,1.20647,2645.4,2680.55,2222.85,2258
13.35,50.9226,-59.5841,-2.71732,24.8631,0.478405,0.479985,1.21651,2633.55,2692,2211.29,2269.74
13.36,50.6983,-59.6914,-2.7125,24.8617,0.481854,0.483375,1.22503,2639.2,2685.93,2217.24,2263.97
13.37,50.4745,-59.7998,-2.70766,24.8604,0.484672,0.485981,1.23157,2642.94,2681.81,2221.25,2260.12
13.38,50.2513,-59.9093,-2.70278,24.8591,0.487062,0.488101,1.23687,2645.42,2678.95,2224,2257.53
13.39,50.0286,-60.02,-2.69788,24.8576,0.490596,0.491706,1.24594,2635.42,2688.56,2214.29,2267.43
13.4,49.8065,-60.1317,-2.69295,24.8563,0.493758,0.4948,1.25371,2640.21,2683.37,2219.37,2262.52
13.41,49.585,-60.2446,-2.68799,24.8549,0.496382,0.497229,1.2598,2643.37,2679.84,2222.79,2259.26
13.42,49.3641,-60.3586,-2.683,24.8537,0.498643,0.499246,1.26484,2645.46,2677.38,2225.15,2257.07
13.43,49.1438,-60.4737,-2.678,24.8523,0.501838,0.50248,1.27296,2637.24,2685.21,2217.21,2265.18
13.44,48.9241,-60.59,-2.67295,24.851,0.50472,0.505287,1.28001,2641.2,2680.87,2221.44,2261.11
13.45,48.705,-60.7073,-2.66789,24.8497,0.507155,0.507544,1.28566,2643.8,2677.91,2224.3,2258.41
13.46,48.4865,-60.8258,-2.6628,24.8485,0.509288,0.50946,1.29045,2645.51,2675.85,2226.26,2256.6
13.47,48.2686,-60.9454,-2.65769,24.8472,0.512154,0.512334,1.29766,2639.01,2681.98,2220.03,2263
13.48,48.0514,-61.0662,-2.65256,24.8459,0.514765,0.514865,1.304,2642.17,2678.46,2223.45,2259.74
13.49,47.8349,-61.1881,-2.64739,24.8447,0.517016,0.516954,1.30923,2644.23,2676.05,2225.77,2257.58
13.5,47.619,-61.3111,-2.64222,24.8435,0.519024,0.518772,1.31377,2645.58,2674.36,2227.36,2256.13
13.51,47.4037,-61.4352,-2.63701,24.8422,0.521574,0.521302,1.32011,2640.72,2678.87,2222.75,2260.9
13.52,47.1892,-61.5605,-2.63179,24.841,0.523924,0.523566,1.32578,2643.11,2676.13,2225.39,2258.41
13.53,46.9753,-61.687,-2.62654,24.8398,0.525997,0.525494,1.3306,2644.66,2674.24,2227.18,2256.77
13.54,46.7621,-61.8145,-2.62128,24.8387,0.527884,0.527217,1.3349,2645.66,2672.92,2228.41,2255.68
13.55,46.5496,-61.9432,-2.61599,24.8375,0.53013,0.529418,1.34041,2642.35,2675.89,2225.35,2258.89
13.56,46.3378,-62.073,-2.61069,24.8363,0.532229,0.531427,1.34543,2644.02,2673.89,2227.25,2257.13
13.57,46.1267,-62.204,-2.60536,24.8352,0.53413,0.533201,1.34986,2645.08,2672.51,2228.54,2255.98
13.58,45.9163,-62.3361,-2.60002,24.8341,0.5359,0.534832,1.35393,2645.74,2671.54,2229.43,2255.23
13.59,45.7067,-62.4693,-2.59466,24.833,0.537858,0.53672,1.35865,2643.91,2673.05,2227.83,2256.97
13.6,45.4978,-62.6037,-2.58929,24.8319,0.539717,0.538487,1.36306,2644.89,2671.76,2229.03,2255.91
13.61,45.2896,-62.7392,-2.58389,24.8308,0.541455,0.540114,1.36712,2645.48,2670.86,2229.85,2255.23
13.62,45.0822,-62.8758,-2.57848,24.8298,0.543112,0.541657,1.37097,2645.83,2670.21,2230.41,2254.79
13.63,44.8756,-63.0136,-2.57306,24.8287,0.544786,0.543239,1.37492,2645.36,2670.38,2230.16,2255.18
13.64,44.6697,-63.1525,-2.56762,24.8277,0.546421,0.544781,1.37876,2645.7,2669.76,2230.7,2254.76
13.65,44.4646,-63.2925,-2.56216,24.8267,0.548005,0.546271,1.38248,2645.86,2669.3,2231.08,2254.52
13.66,44.2603,-63.4336,-2.55669,24.8257,0.549556,0.547731,1.38612,2645.92,2668.96,2231.34,2254.38
13.67,44.0568,-63.5759,-2.55121,24.8247,0.550991,0.549059,1.38942,2646.82,2667.78,2232.44,2253.4
13.68,43.8541,-63.7193,-2.54571,24.8237,0.552405,0.550376,1.3927,2646.52,2667.81,2232.34,2253.62
13.69,43.6521,-63.8638,-2.5402,24.8228,0.553836,0.551728,1.39607,2646.27,2667.79,2232.28,2253.8
13.7,43.4511,-64.0094,-2.53467,24.8218,0.555282,0.553105,1.3995,2646.04,2667.75,2232.25,2253.96
13.71,43.2508,-64.1562,-2.52913,24.8209,0.55649,0.554191,1.4022,2648.21,2665.32,2234.6,2251.72
13.72,43.0514,-64.304,-2.52359,24.82,0.557694,0.555295,1.40494,2647.31,2665.96,2233.89,2252.54
13.73,42.8528,-64.453,-2.51803,24.8191,0.55898,0.556517,1.40798,2646.66,2666.36,2233.42,2253.12
13.74,42.655,-64.6031,-2.51245,24.8182,0.560325,0.557815,1.41121,2646.16,2666.6,2233.11,2253.54
13.75,42.4581,-64.7542,-2.50687,24.8174,0.56132,0.558675,1.41334,2649.51,2663.02,2236.62,2250.13
13.76,42.2621,-64.9065,-2.50128,24.8166,0.562326,0.55958,1.41558,2648.06,2664.23,2235.35,2251.51
13.77,42.0669,-65.0599,-2.49568,24.8157,0.563477,0.560679,1.41831,2647.04,2665.01,2234.5,2252.47
13.78,41.8726,-65.2144,-2.49006,24.8149,0.564727,0.561903,1.42136,2646.29,2665.52,2233.92,2253.15
13.79,41.6792,-65.3699,-2.48444,24.8141,0.565587,0.562631,1.42316,2650.93,2660.66,2238.72,2248.45
13.8,41.4867,-65.5266,-2.47881,24.8133,0.566387,0.563319,1.42485,2648.9,2662.47,2236.85,2250.42
13.81,41.2951,-65.6843,-2.47317,24.8126,0.567395,0.564284,1.42725,2647.49,2663.66,2235.6,2251.77
13.82,41.1044,-65.8432,-2.46752,24.8118,0.568545,0.565425,1.43009,2646.48,2664.45,2234.74,2252.72
13.83,40.9146,-66.0031,-2.46187,24.8111,0.568829,0.565469,1.43016,2656.67,2654.07,2245.07,2242.47
13.84,40.7257,-66.164,-2.45621,24.8105,0.568956,0.565395,1.42994,2652.72,2657.84,2241.25,2246.37
13.85,40.5377,-66.3261,-2.45056,24.8098,0.569499,0.565882,1.43113,2650.05,2660.32,2238.72,2248.99
13.86,40.3507,-66.4892,-2.44489,24.8091,0.570322,0.566721,1.43322,2648.2,2661.98,2237,2250.79
13.87,40.1646,-66.6533,-2.43923,24.8087,0.569522,0.565509,1.43013,2667.4,2642.64,2256.3,2231.55
13.88,39.9794,-66.8185,-2.43358,24.8083,0.568436,0.564086,1.4265,2660.06,2649.87,2249.05,2238.85
13.89,39.7951,-66.9847,-2.42794,24.8078,0.568132,0.56372,1.42555,2655.16,2654.64,2244.24,2243.72
13.9,39.6118,-67.152,-2.42231,24.8073,0.568352,0.564014,1.42627,2651.81,2657.85,2240.99,2247.03
13.91,39.4295,-67.3202,-2.41667,24.807,0.566762,0.561996,1.42115,2679.46,2630.1,2268.71,2219.35
13.92,39.2481,-67.4895,-2.41107,24.8069,0.564324,0.559098,1.41381,2668.42,2641.11,2257.69,2230.39
13.93,39.0676,-67.6598,-2.40549,24.8067,0.563071,0.557794,1.4105,2661.06,2648.41,2250.37,2237.73
13.94,38.888,-67.8311,-2.39991,24.8064,0.562611,0.557486,1.4097,2656.06,2653.32,2245.44,2242.7
13.95,38.7094,-68.0033,-2.39434,24.8063,0.559995,0.554408,1.40192,2689.89,2619.46,2279.3,2208.86
13.96,38.5318,-68.1766,-2.38882,24.8065,0.556392,0.550305,1.39155,2675.77,2633.63,2265.14,2223
13.97,38.3551,-68.3507,-2.38333,24.8065,0.554309,0.548228,1.3863,2666.35,2643.05,2255.72,2232.41
13.98,38.1793,-68.5259,-2.37786,24.8064,0.553247,0.547415,1.38424,2659.97,2649.4,2249.36,2238.79
13.99,38.0045,-68.702,-2.37239,24.8065,0.550313,0.544152,1.37599,2700.82,2608.57,2290.2,2197.94
14,37.8306,-68.879,-2.36698,24.8069,0.545508,0.538746,1.36235,2683.46,2626.06,2272.74,2215.34
14.01,37.6576,-69.0569,-2.36161,24.8071,0.542574,0.535834,1.355,2671.91,2637.68,2261.14,2226.91
14.02,37.4856,-69.2357,-2.35626,24.8072,0.540896,0.534477,1.35157,2664.09,2645.53,2253.3,2234.74
14.03,37.3145,-69.4154,-2.35093,24.8076,0.53721,0.530477,1.34147,2709.18,2600.52,2298.33,2189.67
14.04,37.1443,-69.596,-2.34566,24.8083,0.531492,0.524143,1.32549,2689.49,2620.41,2278.5,2209.42
14.05,36.9751,-69.7774,-2.34044,24.8087,0.527902,0.520629,1.31663,2676.38,2633.65,2265.29,2222.56
14.06,36.8067,-69.9598,-2.33525,24.809,0.525738,0.51887,1.3122,2667.51,2642.61,2256.36,2231.46
14.07,36.6393,-70.1429,-2.33007,24.8095,0.522172,0.515197,1.30293,2718.42,2591.82,2307.18,2180.58
14.08,36.4728,-70.3269,-2.32496,24.8104,0.515466,0.507762,1.28418,2696.07,2614.43,2284.65,2203
14.09,36.3072,-70.5117,-2.31991,24.8111,0.511174,0.503536,1.27353,2681.22,2629.47,2269.66,2217.91
14.1,36.1425,-70.6973,-2.31489,24.8116,0.5085,0.501309,1.26792,2671.2,2639.65,2259.52,2227.98
14.11,35.9787,-70.8838,-2.30989,24.8123,0.504411,0.49714,1.25741,2724.68,2586.33,2312.89,2174.54
14.12,35.8157,-71.071,-2.30496,24.8134,0.497048,0.489042,1.23698,2700.72,2610.61,2288.69,2198.59
14.13,35.6537,-71.2589,-2.3001,24.8142,0.492277,0.484377,1.22522,2684.79,2626.78,2272.59,2214.58
14.14,35.4925,-71.4477,-2.29527,24.8149,0.489243,0.481849,1.21886,2674.04,2637.73,2261.7,2225.39
14.15,35.3322,-71.6371,-2.29047,24.8156,0.485607,0.478384,1.21013,2732.23,2579.73,2319.76,2167.25
14.16,35.1727,-71.8274,-2.28573,24.8169,0.477464,0.469381,1.18742,2706.17,2606.16,2293.43,2193.41
14.17,35.0141,-72.0183,-2.28107,24.8179,0.472139,0.464128,1.17418,2688.88,2623.74,2275.93,2210.79
14.18,34.8563,-72.2099,-2.27645,24.8188,0.468701,0.461208,1.16683,2677.23,2635.64,2264.1,2222.51
14.19,34.6994,-72.4023,-2.27185,24.8197,0.464712,0.457412,1.15727,2736.57,2576.53,2323.28,2163.23
14.2,34.5433,-72.5953,-2.26733,24.821,0.456143,0.447983,1.13348,2709.53,2603.98,2295.94,2190.39
14.21,34.388,-72.789,-2.26288,24.8222,0.4505,0.442439,1.1195,2691.59,2622.25,2277.76,2208.42
14.22,34.2335,-72.9833,-2.25848,24.8232,0.446816,0.439312,1.11163,2679.5,2634.62,2265.47,2220.59
14.23,34.0798,-73.1783,-2.2541,24.8241,0.443515,0.436479,1.10451,2742.54,2571.82,2328.34,2157.62
14.24,33.927,-73.374,-2.24979,24.8256,0.434359,0.426331,1.07889,2713.91,2600.89,2299.39,2186.37
14.25,33.7749,-73.5702,-2.24556,24.8269,0.428298,0.420315,1.06372,2694.94,2620.22,2280.16,2205.44
14.26,33.6235,-73.7671,-2.24138,24.8279,0.424307,0.416869,1.05505,2682.18,2633.28,2267.18,2218.28
14.27,33.473,-73.9646,-2.23722,24.8289,0.421726,0.41503,1.05043,2673.47,2642.28,2258.27,2227.08
14.28,33.3232,-74.1627,-2.23314,24.8305,0.412011,0.404178,1.02303,2718.14,2598.04,2302.62,2182.53
14.29,33.1742,-74.3613,-2.22913,24.8318,0.405555,0.3977,1.00669,2698.19,2618.38,2282.4,2202.58
14.3,33.0259,-74.5606,-2.22518,24.833,0.401275,0.393942,0.997223,2684.8,2632.1,2268.76,2216.07
14.31,32.8783,-74.7603,-2.22125,24.834,0.398474,0.391883,0.992053,2675.67,2641.54,2259.41,2225.28
14.32,32.7315,-74.9607,-2.2174,24.8357,0.388613,0.380903,0.964321,2719.87,2597.78,2303.3,2181.2
14.33,32.5854,-75.1615,-2.21363,24.8371,0.382035,0.374321,0.94771,2699.79,2618.27,2282.92,2201.4
14.34,32.4399,-75.3629,-2.20991,24.8383,0.377649,0.370472,0.938013,2686.3,2632.11,2269.18,2214.99
14.35,32.2952,-75.5648,-2.20622,24.8394,0.374753,0.368333,0.932637,2677.1,2641.62,2259.75,2224.27
14.36,32.1511,-75.7672,-2.20259,24.841,0.365538,0.35815,0.906911,2722.82,2596.35,2305.15,2178.68
14.37,32.0077,-75.9701,-2.19905,24.8425,0.358714,0.35125,0.88949,2702.14,2617.44,2284.17,2199.48
14.38,31.865,-76.1735,-2.19556,24.8437,0.354145,0.34718,0.879231,2688.28,2631.67,2270.05,2213.44
14.39,31.7229,-76.3773,-2.1921,24.8449,0.351106,0.34488,0.873445,2678.84,2641.43,2260.38,2222.96
14.4,31.5815,-76.5816,-2.1887,24.847,0.342564,0.335526,0.849827,2721.55,2590.93,2311.04,2180.41
14.41,31.4407,-76.7864,-2.18539,24.8505,0.335506,0.32832,0.831694,2695.26,2607.5,2294.73,2206.97
14.42,31.3005,-76.9916,-2.18213,24.8554,0.330758,0.324052,0.821046,2676.11,2617.06,2285.55,2226.51
14.43,31.1608,-77.1973,-2.1789,24.8618,0.32757,0.321626,0.815106,2661.61,2622.09,2281.02,2241.5
14.44,31.0218,-77.4035,-2.17573,24.87,0.319047,0.312387,0.791955,2702.22,2572.15,2331.6,2201.53
14.45,30.8833,-77.6101,-2.17265,24.8797,0.311999,0.305293,0.774271,2676.54,2588.63,2315.88,2227.97
14.46,30.7453,-77.8172,-2.16962,24.8908,0.307221,0.301095,0.763966,2657.89,2598.2,2307.18,2247.49
14.47,30.6078,-78.0248,-2.16663,24.9033,0.303977,0.298713,0.758303,2643.83,2603.31,2303.06,2262.54
14.48,30.4708,-78.2329,-2.16367,24.9176,0.29622,0.290525,0.73794,2685.48,2552.85,2354.65,2222.01
14.49,30.3343,-78.4415,-2.16081,24.9334,0.289016,0.283304,0.720056,2659.85,2569.8,2338.95,2248.89
14.5,30.1982,-78.6505,-2.158,24.9506,0.284105,0.279025,0.70967,2641.34,2579.74,2330.36,2268.76
14.51,30.0626,-78.8601,-2.15523,24.9693,0.280739,0.27659,0.704001,2627.47,2585.18,2326.4,2284.11
14.52,29.9274,-79.0702,-2.1525,24.9897,0.273053,0.268596,0.684212,2667.56,2536.8,2376.4,2245.63
14.53,29.7926,-79.2807,-2.14987,25.0117,0.26242,0.257137,0.6556,2691.19,2505.02,2409.93,2223.75
14.54,29.6581,-79.4918,-2.14736,25.0353,0.252278,0.246686,0.629548,2657.72,2530.47,2386.35,2259.1
14.55,29.5239,-79.7033,-2.14493,25.0603,0.2453,0.240346,0.61398,2634.17,2546.13,2372.69,2284.64
14.56,29.39,-79.9153,-2.14257,25.0869,0.236052,0.231075,0.590923,2658.6,2513.94,2407,2262.33
14.57,29.2564,-80.1279,-2.1403,25.1149,0.228126,0.223603,0.572454,2632.44,2532.47,2390.71,2290.74
14.58,29.123,-80.3409,-2.1381,25.1444,0.222613,0.219107,0.561602,2613.67,2543.73,2381.8,2311.86
14.59,28.9899,-80.5544,-2.13592,25.1753,0.218734,0.216482,0.555554,2599.74,2550.28,2377.73,2328.27
14.6,28.8571,-80.7685,-2.13379,25.2078,0.211755,0.209747,0.538967,2628.96,2513.81,2416.8,2301.65
14.61,28.7244,-80.9831,-2.13172,25.2418,0.205444,0.203933,0.524733,2607.63,2528.03,2405.32,2325.71
14.62,28.592,-81.1982,-2.1297,25.2772,0.201053,0.20048,0.516573,2592.2,2536.48,2399.72,2344
14.63,28.4598,-81.4139,-2.12771,25.314,0.197961,0.198517,0.512259,2580.64,2541.18,2397.99,2358.53
14.64,28.3278,-81.6301,-2.12576,25.3525,0.191231,0.191833,0.495764,2608.35,2506.76,2435.52,2333.93
14.65,28.1959,-81.8469,-2.12387,25.3925,0.185667,0.186717,0.483304,2589.35,2519.17,2426.34,2356.16
14.66,28.0642,-82.0643,-2.12202,25.4339,0.181795,0.183701,0.476271,2575.6,2526.47,2422.39,2373.26
14.67,27.9326,-82.2822,-2.12019,25.4767,0.179067,0.18201,0.472683,2565.28,2530.45,2421.88,2387.05
14.68,27.8012,-82.5008,-2.11841,25.5211,0.17279,0.175737,0.457186,2592.34,2497.21,2458.73,2363.6
14.69,27.6698,-82.7199,-2.11668,25.567,0.167582,0.170914,0.445438,2574.58,2508.93,2450.76,2385.1
14.7,27.5386,-82.9396,-2.11498,25.6143,0.163961,0.168072,0.438843,2561.77,2515.81,2447.73,2401.77
14.71,27.4074,-83.1599,-2.11331,25.663,0.161408,0.166486,0.435529,2552.22,2519.59,2447.94,2415.31
14.72,27.2763,-83.3809,-2.11168,25.7134,0.155036,0.160007,0.419401,2576.85,2489.32,2482.34,2394.81
14.73,27.1453,-83.6024,-2.11011,25.7652,0.150241,0.155607,0.40869,2560.58,2500.09,2475.82,2415.33
14.74,27.0143,-83.8246,-2.10857,25.8184,0.146901,0.153019,0.402723,2548.86,2506.43,2473.86,2431.43
14.75,26.8833,-84.0475,-2.10705,25.8731,0.14454,0.151583,0.399789,2540.14,2509.92,2474.88,2444.66
14.76,26.7523,-84.271,-2.10557,25.9294,0.138145,0.144998,0.383252,2562.57,2482.41,2507.04,2426.88
14.77,26.6214,-84.4952,-2.10414,25.987,0.133751,0.141006,0.373531,2547.75,2492.28,2501.95,2446.47
14.78,26.4904,-84.72,-2.10275,26.0462,0.130685,0.138662,0.368155,2537.11,2498.11,2501.02,2462.03
14.79,26.3594,-84.9455,-2.10137,26.1068,0.127476,0.136049,0.362059,2567.15,2463.4,2540.78,2437.03
14.8,26.2284,-85.1717,-2.10004,26.1689,0.121824,0.13034,0.347693,2548.48,2477.55,2531.81,2460.88
14.81,26.0973,-85.3986,-2.09876,26.2324,0.11793,0.126882,0.33929,2535.43,2486.22,2528.46,2479.25
14.82,25.9661,-85.6262,-2.0975,26.2974,0.115207,0.12486,0.334709,2526.06,2491.36,2528.77,2494.07
14.83,25.8348,-85.8545,-2.09627,26.3639,0.111396,0.12138,0.326203,2552.01,2461.31,2564.4,2473.7
14.84,25.7035,-86.0835,-2.09508,26.4319,0.106451,0.116472,0.313821,2535.74,2473.63,2557.81,2495.7
14.85,25.572,-86.3133,-2.09394,26.5013,0.103038,0.113502,0.30662,2524.38,2481.2,2556.11,2512.93
14.86,25.4405,-86.5437,-2.09281,26.5721,0.100645,0.111774,0.302761,2516.23,2485.7,2557.61,2527.08
14.87,25.3088,-86.775,-2.09171,26.6444,0.0964021,0.107633,0.292337,2538.64,2459.77,2589.68,2510.81
14.88,25.1769,-87.007,-2.09067,26.7183,0.089929,0.100664,0.274165,2548.9,2446.17,2609.57,2506.84
14.89,25.0449,-87.2397,-2.0897,26.7936,0.0843454,0.094853,0.259067,2530.88,2460.98,2601.19,2531.29
14.9,24.9126,-87.4732,-2.08877,26.8703,0.0805203,0.0912506,0.249942,2518.51,2470.31,2598.44,2550.23
14.91,24.7801,-87.7075,-2.08789,26.9484,0.0750836,0.0855449,0.234995,2529.28,2456.64,2618.82,2546.18
14.92,24.6474,-87.9426,-2.08706,27.0281,0.0711184,0.0816757,0.225029,2516.51,2466.66,2615.66,2565.81
14.93,24.5145,-88.1784,-2.08625,27.1091,0.0683772,0.0793031,0.219147,2507.65,2472.93,2616.39,2581.68
14.94,24.3813,-88.4151,-2.08547,27.1916,0.0657867,0.0770535,0.213579,2525.69,2452.45,2644.03,2570.79
14.95,24.2479,-88.6525,-2.08472,27.2756,0.0618068,0.0729791,0.20291,2512.84,2463.02,2640.76,2590.94
14.96,24.1142,-88.8908,-2.08401,27.3609,0.0590815,0.0704556,0.196507,2504.04,2469.7,2641.53,2607.19
14.97,23.9802,-89.1299,-2.08331,27.4478,0.0571869,0.06894,0.19289,2497.92,2473.85,2644.98,2620.91
14.98,23.846,-89.3699,-2.08264,27.536,0.054388,0.0662227,0.185883,2513.59,2456.37,2670.2,2612.99
14.99,23.7114,-89.6107,-2.08199,27.6257,0.0512808,0.0630662,0.177599,2503.59,2464.73,2669.75,2630.89
15,23.5766,-89.8523,-2.08137,27.7169,0.049156,0.0611207,0.172688,2496.8,2470.04,2672.5,2645.74
15.01,23.4414,-90.0949,-2.08077,27.8094,0.04768,0.0599674,0.169996,2492.14,2473.38,2677.36,2658.61
15.02,23.3058,-90.3383,-2.08019,27.9035,0.0443883,0.0564569,0.160586,2504.55,2459.81,2699.3,2654.56
15.03,23.17,-90.5826,-2.07964,27.9989,0.0419615,0.0540032,0.154131,2496.84,2466.52,2701.11,2670.79
15.04,23.0337,-90.8278,-2.07911,28.0956,0.0402963,0.0525128,0.150395,2491.93,2470.61,2705.69,2684.38
15.05,22.8971,-91.074,-2.07859,28.1928,0.0382938,0.0507134,0.145744,2507.65,2454.13,2730.91,2677.4
15.06,22.7602,-91.321,-2.0781,28.2903,0.0353584,0.0477861,0.137806,2499.11,2461.98,2731.87,2694.74
15.07,22.6228,-91.569,-2.07764,28.388,0.0321998,0.0445984,0.129058,2508.43,2452.03,2750.68,2694.28
15.08,22.4851,-91.8178,-2.07721,28.4861,0.029118,0.04147,0.12042,2499.35,2460.54,2751.09,2712.28
15.09,22.347,-92.0675,-2.07681,28.5846,0.0255488,0.037663,0.109743,2504.69,2454.7,2765.91,2715.93
15.1,22.2084,-92.3182,-2.07645,28.6833,0.0228275,0.0348501,0.101897,2496.54,2462.4,2767.25,2733.11
15.11,22.0694,-92.5697,-2.07611,28.7823,0.0209503,0.0330686,0.0970226,2491.18,2467.38,2771.37,2747.57
15.12,21.9301,-92.8222,-2.07579,28.8816,0.019075,0.0312713,0.0920659,2500.7,2457.54,2790.37,2747.21
15.13,21.7903,-93.0755,-2.07549,28.9813,0.016736,0.0287996,0.0850814,2493.6,2464.4,2792.73,2763.53
15.14,21.6501,-93.3298,-2.07522,29.0812,0.0151414,0.0272124,0.0806696,2488.94,2468.86,2797.54,2777.47
15.15,21.5094,-93.585,-2.07495,29.1814,0.0140306,0.0262199,0.0779954,2485.93,2471.75,2804,2789.81
15.16,21.3683,-93.841,-2.0747,29.282,0.0120327,0.0240547,0.0718013,2493.47,2464.14,2821,2791.67
15.17,21.2268,-94.098,-2.07447,29.3828,0.0104528,0.0223224,0.0668599,2488.61,2469.01,2825.59,2806
15.18,21.0848,-94.3559,-2.07425,29.484,0.00939061,0.021205,0.0637317,2485.48,2472.2,2831.92,2818.64
15.19,20.9424,-94.6147,-2.07404,29.5854,0.00806524,0.0197331,0.0595119,2493.91,2463.9,2849.81,2819.79
15.2,20.7996,-94.8744,-2.07386,29.6872,0.0064732,0.0178136,0.0539077,2488.71,2469.3,2854.05,2834.64
15.21,20.6562,-95.1351,-2.07369,29.7892,0.00544635,0.0165425,0.0502332,2485.38,2472.89,2860.17,2847.67
15.22,20.5125,-95.3966,-2.07353,29.8916,0.00464033,0.0155315,0.0473254,2494.17,2464.43,2878.39,2848.66
15.23,20.3682,-95.6591,-2.07338,29.9943,0.00308894,0.0134825,0.0412231,2488.78,2470.21,2882.44,2863.87
15.24,20.2235,-95.9224,-2.07326,30.0972,0.00121891,0.0108716,0.0333542,2491.54,2467.91,2894.64,2871
15.25,20.0783,-96.1867,-2.07317,30.2005,2.73076e-05,0.0089699,0.0276142,2486.85,2473.14,2899.37,2885.66
15.26,19.9326,-96.4519,-2.07309,30.3041,-0.00128456,0.00681244,0.0210443,2489.87,2470.71,2911.82,2892.66
15.27,19.7864,-96.718,-2.07303,30.408,-0.00221041,0.0050175,0.0155527,2485.67,2475.57,2917.04,2906.94
15.28,19.6398,-96.985,-2.07299,30.5122,-0.00265635,0.00377982,0.0117564,2483.12,2478.85,2923.91,2919.64
15.29,19.4926,-97.253,-2.07296,30.6167,-0.00323102,0.00236053,0.00736715,2487.56,2475.22,2937.76,2925.42
15.3,19.3449,-97.5218,-2.07294,30.7215,-0.00377846,0.000894896,0.0028025,2484.45,2479.19,2944.07,2938.81
15.31,19.1968,-97.7916,-2.07294,30.8266,-0.00395195,-0.000129774,-0.000407797,2482.66,2481.92,2951.68,2950.95
15.32,19.0481,-98.0623,-2.07294,30.9321,-0.00405698,-0.00105988,-0.00334193,2488.33,2478.24,2965.78,2955.68
15.33,18.8989,-98.3339,-2.07296,31.0377,-0.00447282,-0.00244103,-0.00772311,2490.56,2487.08,2967.4,2963.92
15.34,18.7492,-98.6065,-2.07299,31.1434,-0.00454009,-0.00342102,-0.0108606,2494.01,2494.74,2970.25,2970.98
15.35,18.5989,-98.8799,-2.07303,31.2492,-0.00438966,-0.00411571,-0.0131104,2498.31,2501.61,2973.95,2977.24
15.36,18.4482,-99.1543,-2.07308,31.3551,-0.0047183,-0.00544299,-0.0173971,2506.73,2504.4,2981.76,2979.43
15.37,18.2969,-99.4296,-2.07314,31.4612,-0.00471808,-0.00639184,-0.0204989,2510.38,2512.01,2984.8,2986.43
15.38,18.1451,-99.7059,-2.07321,31.5673,-0.00451315,-0.00707086,-0.0227531,2514.83,2518.88,2988.64,2992.68
15.39,17.9927,-99.983,-2.07328,31.6736,-0.00463618,-0.00816461,-0.0263611,2523.3,2521.77,2996.49,2994.96
15.4,17.8399,-100.261,-2.07337,31.7799,-0.00502195,-0.00967644,-0.0313473,2529.63,2526.85,3002.2,2999.42
15.41,17.6864,-100.54,-2.07348,31.8864,-0.00502601,-0.0107673,-0.0349979,2533.05,2534.89,3005,3006.85
15.42,17.5325,-100.82,-2.07359,31.993,-0.00506297,-0.0119242,-0.038888,2539.86,2539.59,3011.19,3010.92
15.43,17.378,-101.101,-2.07372,32.0997,-0.00492864,-0.0128969,-0.0422005,2543.71,2547.31,3014.41,3018.01
15.44,17.2229,-101.382,-2.07385,32.2065,-0.00459597,-0.0136053,-0.0446665,2548.36,2554.28,3018.43,3024.35
15.45,17.0673,-101.665,-2.07399,32.3134,-0.00432366,-0.0143563,-0.0472887,2555.9,2558.39,3025.34,3027.83
15.46,16.9111,-101.949,-2.07414,32.4204,-0.0040527,-0.015106,-0.0499229,2560.44,2565.57,3029.24,3034.38
15.47,16.7544,-102.233,-2.07429,32.5276,-0.00364856,-0.0156601,-0.0519252,2565.56,2572.22,3033.73,3040.38
15.48,16.5971,-102.519,-2.07445,32.6348,-0.00331778,-0.016268,-0.0541186,2573.05,2576.55,3040.57,3044.08
15.49,16.4393,-102.805,-2.07462,32.7422,-0.00300382,-0.0168883,-0.0563669,2577.98,2583.49,3044.86,3050.37
15.5,16.2809,-103.092,-2.07479,32.8497,-0.00258972,-0.0173552,-0.0581155,2583.37,2590.02,3049.61,3056.25
15.51,16.1219,-103.38,-2.07496,32.9573,-0.00222072,-0.0178412,-0.0599387,2590.77,2594.59,3056.36,3060.17
15.52,15.9623,-103.669,-2.07514,33.065,-0.00190076,-0.018379,-0.0619473,2595.96,2601.42,3060.9,3066.36
15.53,15.8022,-103.959,-2.07533,33.1728,-0.00149898,-0.018792,-0.0635458,2601.54,2607.92,3065.82,3072.2
15.54,15.6415,-104.25,-2.07552,33.2808,-0.00113155,-0.0192175,-0.0651961,2608.72,2612.87,3072.34,3076.5
15.55,15.4803,-104.542,-2.07572,33.3888,-0.000869283,-0.0197715,-0.0672934,2615.06,2618.71,3078.02,3081.68
15.56,15.3184,-104.835,-2.07592,33.497,-0.000563488,-0.0202772,-0.069238,2620.4,2625.61,3082.7,3087.91
15.57,15.156,-105.128,-2.07612,33.6053,-0.000217483,-0.0207228,-0.0709882,2626.75,2631.54,3088.38,3093.18
15.58,14.993,-105.423,-2.07633,33.7137,0.000144851,-0.0211397,-0.07265,2632.39,2638.24,3093.36,3099.21
15.59,14.8294,-105.718,-2.07654,33.8222,0.000558437,-0.021473,-0.074033,2638.31,2644.72,3098.6,3105.01
15.6,14.6653,-106.015,-2.07676,33.9309,0.000973922,-0.0217775,-0.0753242,2644.81,2650.66,3104.43,3110.29
15.61,14.5005,-106.312,-2.07698,34.0396,0.00138157,-0.0220707,-0.0765828,2650.86,2657.11,3109.8,3116.06
15.62,14.3351,-106.61,-2.0772,34.1485,0.00180605,-0.022318,-0.0776887,2657.06,2663.46,3115.33,3121.73
15.63,14.1692,-106.909,-2.07743,34.2575,0.00222286,-0.0225486,-0.0787419,2663.52,2669.61,3121.1,3127.2
15.64,14.0027,-107.209,-2.07765,34.3666,0.00263227,-0.0227655,-0.0797527,2669.83,2675.97,3126.73,3132.86
15.65,13.8355,-107.51,-2.07788,34.4759,0.00304021,-0.0229612,-0.080694,2676.23,2682.29,3132.43,3138.5
15.66,13.6678,-107.812,-2.07811,34.5853,0.00344663,-0.0231361,-0.0815666,2682.61,2688.68,3138.13,3144.19
15.67,13.4995,-108.115,-2.07835,34.6948,0.00384467,-0.0232992,-0.0824016,2689.13,2694.99,3143.94,3149.81
15.68,13.3306,-108.419,-2.07858,34.8044,0.0042295,-0.0234592,-0.0832297,2695.66,2701.33,3149.78,3155.45
15.69,13.161,-108.724,-2.07881,34.9141,0.00462686,-0.0235843,-0.0839372,2701.99,2707.94,3155.41,3161.36
15.7,12.9909,-109.029,-2.07905,35.024,0.00502296,-0.0236888,-0.0845746,2708.21,2714.72,3160.92,3167.44
15.71,12.8202,-109.336,-2.07929,35.134,0.00543177,-0.0237506,-0.0850614,2715.08,2720.9,3167.08,3172.91
15.72,12.6488,-109.643,-2.07953,35.2441,0.0058591,-0.0237597,-0.0853606,2721.44,2727.64,3172.74,3178.94
15.73,12.4769,-109.951,-2.07976,35.3543,0.00624358,-0.023792,-0.0857443,2728.41,2733.83,3178.99,3184.42
15.74,12.3043,-110.261,-2.08,35.4647,0.006585,-0.0238603,-0.0862588,2735.29,2740.17,3185.16,3190.04
15.75,12.1312,-110.571,-2.08024,35.5752,0.00698293,-0.0238346,-0.0864344,2741.62,2747.12,3190.77,3196.27
15.76,11.9574,-110.882,-2.08048,35.6859,0.00732171,-0.023861,-0.0867991,2748.65,2753.41,3197.08,3201.84
15.77,11.783,-111.194,-2.08072,35.7966,0.00764598,-0.0238952,-0.0871933,2754.67,2760.78,3202.37,3208.48
15.78,11.608,-111.507,-2.08096,35.9075,0.00801118,-0.0238553,-0.0873174,2761.95,2766.95,3208.92,3213.92
15.79,11.4324,-111.821,-2.08119,36.0185,0.00831678,-0.0238737,-0.0876549,2769.07,2773.34,3215.31,3219.58
15.8,11.2562,-112.136,-2.08143,36.1297,0.00863891,-0.0238642,-0.0878906,2775.13,2780.83,3220.64,3226.34
15.81,11.0793,-112.452,-2.08167,36.241,0.00897597,-0.0238122,-0.0879691,2782.51,2787.08,3227.27,3231.85
15.82,10.9019,-112.768,-2.08191,36.3524,0.00925275,-0.0238238,-0.0882827,2789.71,2793.55,3233.74,3237.58
15.83,10.7238,-113.086,-2.08215,36.4639,0.00957965,-0.0237654,-0.0883365,2795.85,2801.15,3239.13,3244.43
15.84,10.5451,-113.404,-2.08239,36.5756,0.00988893,-0.0237046,-0.0883804,2803.32,2807.47,3245.85,3250.01
15.85,10.3658,-113.724,-2.08262,36.6874,0.010156,-0.0236889,-0.0885917,2809.25,2815.39,3251.04,3257.17
15.86,10.1858,-114.044,-2.08286,36.7994,0.0106309,-0.0233692,-0.0876627,2816.18,2822.37,3257.21,3263.4
15.87,10.0053,-114.366,-2.08309,36.9115,0.0109703,-0.0231637,-0.0871567,2824.12,2828.41,3264.39,3268.68
15.88,9.82411,-114.688,-2.08332,37.0237,0.0112452,-0.0230158,-0.0868632,2830.42,2836.14,3269.93,3275.65
15.89,9.64231,-115.011,-2.08355,37.1361,0.011552,-0.0227944,-0.0862889,2838.43,2842.22,3277.18,3280.97
15.9,9.45989,-115.335,-2.08378,37.2486,0.0117573,-0.0226821,-0.0861239,2846.11,2848.68,3284.09,3286.67
15.91,9.27684,-115.66,-2.084,37.3612,0.0119898,-0.0225333,-0.0858176,2852.38,2856.62,3289.6,3293.84
15.92,9.09317,-115.987,-2.08423,37.474,0.0122139,-0.0223721,-0.0854611,2860.27,2863.01,3296.71,3299.45
15.93,8.90887,-116.314,-2.08445,37.5869,0.0123608,-0.0223064,-0.0854666,2867.89,2869.72,3303.55,3305.38
15.94,8.72394,-116.642,-2.08467,37.7,0.0126017,-0.02212,-0.0850073,2874.28,2877.72,3309.17,3312.6
15.95,8.53839,-116.97,-2.08489,37.8132,0.0127812,-0.0219931,-0.0847737,2882.15,2884.31,3316.25,3318.41
15.96,8.35221,-117.3,-2.08511,37.9265,0.0129386,-0.0218998,-0.0846668,2888.24,2892.73,3321.55,3326.05
15.97,8.1654,-117.631,-2.08533,38.04,0.0131699,-0.0216958,-0.0841294,2896.41,2899.14,3328.93,3331.67
15.98,7.97797,-117.963,-2.08555,38.1536,0.0133099,-0.0215985,-0.0840021,2904.27,2905.92,3336,3337.65
15.99,7.7899,-118.295,-2.08576,38.2674,0.0135141,-0.0214226,-0.0835665,2910.65,2914.24,3341.58,3345.18
16,7.6012,-118.629,-2.08598,38.3813,0.0137744,-0.0211471,-0.0827374,2917.42,2922.24,3347.55,3352.37
16.01,7.41187,-118.964,-2.08619,38.4954,0.0140093,-0.0208558,-0.08184,2925.94,2928.54,3355.28,3357.87
16.02,7.22191,-119.299,-2.08639,38.6096,0.0142817,-0.020472,-0.0805724,2933.09,2936.28,3361.62,3364.8
16.03,7.03133,-119.636,-2.08659,38.7239,0.0144207,-0.0202166,-0.079803,2941.51,2942.82,3369.22,3370.53
16.04,6.84011,-119.973,-2.0868,38.8384,0.0145437,-0.0199745,-0.0790804,2948.2,2951.14,3375.1,3378.04
16.05,6.64825,-120.312,-2.08699,38.9531,0.0146651,-0.0197089,-0.0782592,2956.69,2957.73,3382.78,3383.81
16.06,6.45577,-120.651,-2.08719,39.0678,0.0146892,-0.0195651,-0.077917,2964.83,2964.74,3390.09,3390
16.07,6.26265,-120.991,-2.08738,39.1828,0.014806,-0.0193082,-0.0771202,2971.62,2973.16,3396.06,3397.59
16.08,6.0689,-121.333,-2.08758,39.2979,0.0148541,-0.0191254,-0.0766145,2979.94,2980.11,3403.55,3403.72
16.09,5.87452,-121.675,-2.08777,39.4131,0.0148787,-0.0189879,-0.0762865,2986.39,2989,3409.17,3411.78
16.1,5.6795,-122.018,-2.08796,39.5285,0.014982,-0.0187422,-0.0755201,2994.99,2995.8,3416.94,3417.74
16.11,5.48385,-122.362,-2.08814,39.6441,0.0149937,-0.0186126,-0.075217,3003.25,3003.01,3424.36,3424.11
16.12,5.28756,-122.707,-2.08833,39.7597,0.0150906,-0.018384,-0.0745101,3010.08,3011.71,3430.35,3431.97
16.13,5.09063,-123.054,-2.08851,39.8756,0.0151424,-0.0181964,-0.0739645,3018.6,3018.79,3438.02,3438.21
16.14,4.89307,-123.401,-2.08869,39.9916,0.0151681,-0.0180533,-0.0735963,3025.2,3027.85,3443.77,3446.42
16.15,4.69488,-123.749,-2.08887,40.1077,0.0154226,-0.0175796,-0.0718732,3033.05,3035.74,3450.77,3453.46
16.16,4.49605,-124.098,-2.08904,40.224,0.0155144,-0.017252,-0.0707387,3042.07,3042.52,3458.93,3459.38
16.17,4.29658,-124.448,-2.08921,40.3405,0.0156151,-0.0168851,-0.0694346,3049.58,3050.88,3465.58,3466.88
16.18,4.09647,-124.799,-2.08938,40.4571,0.0156267,-0.0165958,-0.0684424,3058.5,3057.89,3473.63,3473.03
16.19,3.89573,-125.151,-2.08955,40.5739,0.0155837,-0.0163786,-0.0677413,3065.55,3066.84,3479.82,3481.11
16.2,3.69435,-125.504,-2.08971,40.6908,0.0155933,-0.0160825,-0.0667084,3074.55,3073.9,3487.95,3487.3
16.21,3.49234,-125.858,-2.08987,40.8079,0.0155051,-0.015912,-0.0661912,3083.18,3081.42,3495.7,3493.94
16.22,3.28968,-126.213,-2.09003,40.9252,0.0155036,-0.0156415,-0.065253,3090.51,3090.28,3502.16,3501.93
16.23,3.08639,-126.569,-2.09018,41.0426,0.0154367,-0.0154465,-0.0646245,3099.29,3097.78,3510.06,3508.54
16.24,2.88246,-126.926,-2.09033,41.1601,0.0153686,-0.0152742,-0.0640866,3106.38,3107.03,3516.26,3516.91
16.25,2.67789,-127.284,-2.09049,41.2779,0.0153483,-0.0150357,-0.0632661,3115.39,3114.43,3524.38,3523.43
16.26,2.47268,-127.642,-2.09064,41.3958,0.0152486,-0.0149072,-0.0629048,3124.07,3122.23,3532.17,3530.33
16.27,2.26683,-128.002,-2.09078,41.5138,0.0152598,-0.0146454,-0.0619761,3131.58,3131.27,3538.79,3538.47
16.28,2.06035,-128.363,-2.09093,41.632,0.0151922,-0.0144766,-0.0614362,3140.48,3139,3546.78,3545.3
16.29,1.85322,-128.725,-2.09107,41.7504,0.0152758,-0.0141145,-0.0600701,3146.93,3149.24,3552.32,3554.63
16.3,1.64545,-129.088,-2.09121,41.8689,0.0153289,-0.0137226,-0.0585679,3156.6,3156.33,3561.09,3560.81
16.31,1.43704,-129.452,-2.09135,41.9876,0.0152667,-0.0134496,-0.0575653,3164.4,3165.36,3567.98,3568.93
16.32,1.22799,-129.817,-2.09148,42.1065,0.0152433,-0.0131021,-0.0562368,3173.96,3172.7,3576.62,3575.36
16.33,1.0183,-130.183,-2.09161,42.2255,0.0151073,-0.0128869,-0.0554694,3183.09,3180.54,3584.83,3582.28
16.34,0.807975,-130.55,-2.09174,42.3447,0.0150198,-0.0126193,-0.054471,3190.98,3189.7,3591.79,3590.52
16.35,0.597005,-130.917,-2.09186,42.4641,0.0148832,-0.0124065,-0.0537033,3200.18,3197.62,3600.07,3597.51
16.36,0.385393,-131.286,-2.09198,42.5836,0.0147537,-0.0122035,-0.0529735,3207.94,3207.05,3606.9,3606.01
16.37,0.173139,-131.656,-2.0921,42.7033,0.0146388,-0.0119779,-0.0521403,3217.27,3214.99,3615.29,3613.01
16.38,-0.0397563,-132.027,-2.09222,42.8232,0.0144568,-0.0118543,-0.0517471,3226.29,3223.29,3623.38,3620.38
16.39,-0.253294,-132.399,-2.09234,42.9433,0.014385,-0.0116002,-0.05078,3234.37,3232.63,3630.51,3628.77
16.4,-0.467475,-132.772,-2.09246,43.0635,0.0142322,-0.011453,-0.0502758,3243.56,3240.92,3638.75,3636.11
16.41,-0.682299,-133.146,-2.09257,43.1839,0.0141451,-0.0112386,-0.0494728,3251.61,3250.43,3645.85,3644.67
16.42,-0.897767,-133.521,-2.09268,43.3044,0.014022,-0.0110644,-0.0488416,3260.98,3258.69,3654.26,3651.98
16.43,-1.11388,-133.897,-2.09279,43.4251,0.0140086,-0.0107526,-0.0475978,3268.2,3269.17,3660.53,3661.5
16.44,-1.33063,-134.274,-2.0929,43.546,0.0139831,-0.0103978,-0.0461551,3278.24,3276.91,3669.6,3668.28
16.45,-1.54803,-134.652,-2.093,43.6671,0.0138553,-0.0101493,-0.0451776,3286.68,3286.33,3677.07,3676.73
16.46,-1.76607,-135.031,-2.0931,43.7884,0.0137575,-0.00984297,-0.0439355,3296.59,3294.35,3686.01,3683.77
16.47,-1.98476,-135.412,-2.0932,43.9098,0.0135642,-0.00965183,-0.0432018,3306.13,3302.81,3694.58,3691.26
16.48,-2.20408,-135.793,-2.09329,44.0314,0.0134223,-0.00940398,-0.042209,3314.69,3312.34,3702.16,3699.81
16.49,-2.42406,-136.175,-2.09338,44.1532,0.013225,-0.00922485,-0.0415195,3324.27,3320.92,3710.75,3707.4
16.5,-2.64468,-136.558,-2.09347,44.2751,0.0130505,-0.00903794,-0.0407906,3332.72,3330.71,3718.21,3716.21
16.51,-2.86594,-136.942,-2.09356,44.3973,0.0128736,-0.00885457,-0.0400733,3342.4,3339.34,3726.91,3723.84
16.52,-3.08785,-137.328,-2.09365,44.5196,0.0126902,-0.00869987,-0.0394816,3350.85,3349.28,3734.36,3732.79
16.53,-3.31041,-137.714,-2.09374,44.6421,0.0125385,-0.00850646,-0.0387101,3360.67,3357.93,3743.18,3740.44
16.54,-3.53361,-138.102,-2.09382,44.7648,0.0123315,-0.0083987,-0.0383247,3370.23,3366.91,3751.73,3748.42
16.55,-3.75746,-138.49,-2.0939,44.8875,0.0122163,-0.00819018,-0.0374757,3378.99,3376.76,3759.48,3757.25
16.56,-3.98196,-138.879,-2.09399,45.01,0.0120414,-0.0080741,-0.0370454,3388.62,3385.76,3768.1,3765.25
16.57,-4.2071,-139.27,-2.09407,45.1324,0.0120349,-0.00774107,-0.0356139,3396.86,3396.18,3775.33,3774.65
16.58,-4.43288,-139.662,-2.09414,45.2546,0.0119306,-0.00749744,-0.0345865,3406.94,3404.78,3784.4,3782.24
16.59,-4.6593,-140.054,-2.09421,45.3767,0.0118191,-0.00725853,-0.0335747,3416.01,3414.43,3792.46,3790.87
16.6,-4.88636,-140.448,-2.09429,45.4986,0.0116673,-0.00706001,-0.0327442,3425.95,3423.23,3801.38,3798.66
16.61,-5.11406,-140.842,-2.09436,45.6204,0.0115076,-0.00688544,-0.03202,3434.84,3433.11,3809.25,3807.52
16.62,-5.3424,-141.238,-2.09442,45.742,0.0113512,-0.00670792,-0.0312776,3444.74,3442,3818.14,3815.39
16.63,-5.57137,-141.635,-2.09449,45.8634,0.0111721,-0.00657854,-0.0307558,3453.52,3452.04,3825.9,3824.41
16.64,-5.80098,-142.033,-2.09455,45.9847,0.0110326,-0.00640675,-0.0300319,3463.45,3460.96,3834.8,3832.31
16.65,-6.03122,-142.432,-2.09462,46.1059,0.0108463,-0.00631058,-0.029659,3473.12,3470.16,3843.45,3840.49
16.66,-6.26209,-142.831,-2.09468,46.2269,0.0107327,-0.00613517,-0.0289103,3482.15,3480.02,3851.46,3849.33
16.67,-6.49359,-143.232,-2.09474,46.3478,0.0105679,-0.00603405,-0.0285081,3491.89,3489.21,3860.17,3857.5
16.68,-6.72573,-143.634,-2.0948,46.4684,0.010463,-0.00586853,-0.0277983,3500.95,3499.1,3868.2,3866.36
16.69,-6.95849,-144.037,-2.09486,46.589,0.010315,-0.00576133,-0.0273613,3510.73,3508.29,3876.96,3874.51
16.7,-7.19187,-144.441,-2.09492,46.7094,0.0102368,-0.00557779,-0.0265581,3519.1,3518.92,3884.29,3884.12
16.71,-7.42589,-144.846,-2.09497,46.8296,0.0101671,-0.00534946,-0.0255365,3529.34,3527.7,3893.51,3891.86
16.72,-7.66052,-145.252,-2.09502,46.9497,0.0100735,-0.00513053,-0.0245542,3538.77,3537.32,3901.9,3900.46
16.73,-7.89578,-145.659,-2.09507,47.0696,0.00993386,-0.00494779,-0.0237401,3548.84,3546.32,3910.94,3908.42
16.74,-8.13166,-146.067,-2.09512,47.1894,0.00978458,-0.00477715,-0.0229797,3558.12,3556.14,3919.18,3917.2
16.75,-8.36816,-146.476,-2.09517,47.309,0.00961737,-0.00462165,-0.022288,3568.11,3565.26,3928.14,3925.29
16.76,-8.60528,-146.887,-2.09521,47.4284,0.00943655,-0.00449489,-0.0217314,3577.26,3575.25,3936.26,3934.24
16.77,-8.84301,-147.298,-2.09526,47.5477,0.00927004,-0.0043517,-0.0210921,3587.24,3584.44,3945.2,3942.39
16.78,-9.08137,-147.71,-2.0953,47.6669,0.009085,-0.00424521,-0.0206275,3596.37,3594.49,3953.29,3951.41
16.79,-9.32033,-148.123,-2.09534,47.7858,0.00892819,-0.0041074,-0.0200077,3606.37,3603.71,3962.24,3959.59
16.8,-9.55992,-148.537,-2.09538,47.9047,0.00874458,-0.00401527,-0.0196076,3615.5,3613.81,3970.33,3968.65
16.81,-9.80011,-148.953,-2.09542,48.0233,0.00860063,-0.00387861,-0.0189871,3625.52,3623.05,3979.31,3976.84
16.82,-10.0409,-149.369,-2.09546,48.1419,0.00842834,-0.00378619,-0.0185805,3634.7,3633.14,3987.45,3985.88
16.83,-10.2823,-149.786,-2.0955,48.2602,0.00829224,-0.00365086,-0.0179604,3644.75,3642.39,3996.45,3994.09
16.84,-10.5244,-150.204,-2.09553,48.3784,0.00814173,-0.00353818,-0.0174487,3654.07,3652.4,4004.72,4003.05
16.85,-10.767,-150.624,-2.09557,48.4965,0.00805528,-0.00332291,-0.016427,3663.84,3661.97,4013.44,4011.57
16.86,-11.0102,-151.044,-2.0956,48.6143,0.00789741,-0.003176,-0.0157389,3673.93,3671.24,4022.49,4019.79
16.87,-11.2541,-151.465,-2.09563,48.7321,0.00774923,-0.00300742,-0.0149396,3683.55,3681.01,4031.05,4028.51
16.88,-11.4985,-151.888,-2.09566,48.8496,0.0075559,-0.00288946,-0.0143883,3693.54,3690.42,4039.99,4036.87
16.89,-11.7436,-152.311,-2.09569,48.967,0.00738427,-0.00274566,-0.0137051,3703.1,3700.29,4048.5,4045.69
16.9,-11.9892,-152.735,-2.09572,49.0843,0.00717842,-0.00264655,-0.013242,3713.04,3709.79,4057.39,4054.14
16.91,-12.2355,-153.161,-2.09574,49.2014,0.006997,-0.00252608,-0.0126694,3722.55,3719.75,4065.84,4063.04
16.92,-12.4823,-153.587,-2.09577,49.3183,0.00679406,-0.00243723,-0.0122528,3732.48,3729.3,4074.72,4071.54
16.93,-12.7298,-154.014,-2.09579,49.4351,0.00661723,-0.00232586,-0.0117206,3742,3739.29,4083.18,4080.47
16.94,-12.9778,-154.443,-2.09581,49.5517,0.00642125,-0.00224339,-0.0113317,3751.94,3748.88,4092.06,4089
16.95,-13.2264,-154.872,-2.09583,49.6682,0.0062513,-0.00213803,-0.0108249,3761.49,3758.88,4100.55,4097.94
16.96,-13.4757,-155.302,-2.09586,49.7845,0.00606324,-0.00205953,-0.0104518,3771.43,3768.49,4109.44,4106.5
16.97,-13.7255,-155.734,-2.09588,49.9006,0.00590019,-0.0019583,-0.00996132,3781.01,3778.5,4117.95,4115.44
16.98,-13.9759,-156.166,-2.09589,50.0166,0.00572512,-0.00187505,-0.00956002,3790.54,3788.57,4126.42,4124.45
16.99,-14.2269,-156.6,-2.09591,50.1324,0.0056022,-0.00171781,-0.00877858,3800.42,3798.31,4135.24,4133.13
17,-14.4785,-157.034,-2.09593,50.2481,0.0054355,-0.00159746,-0.00818242,3810.56,3807.81,4144.31,4141.56
17.01,-14.7307,-157.469,-2.09594,50.3636,0.00526895,-0.00147067,-0.00755028,3820.34,3817.69,4153.03,4150.37
17.02,-14.9835,-157.906,-2.09596,50.4789,0.00507396,-0.00137461,-0.00707325,3830.4,3827.31,4162.01,4158.93
17.03,-15.2368,-158.343,-2.09597,50.5941,0.00488961,-0.00126841,-0.00654171,3840.12,3837.27,4170.68,4167.82
17.04,-15.4908,-158.781,-2.09598,50.7091,0.00468599,-0.00118833,-0.00614265,3850.14,3846.97,4179.62,4176.45
17.05,-15.7453,-159.221,-2.096,50.824,0.00449853,-0.00109579,-0.0056771,3859.85,3856.98,4188.26,4185.4
17.06,-16.0004,-159.661,-2.09601,50.9387,0.00429692,-0.00102595,-0.00532725,3869.84,3866.73,4197.19,4194.08
17.07,-16.2561,-160.102,-2.09602,51.0532,0.00411594,-0.00093779,-0.00488045,3879.57,3876.76,4205.85,4203.03
17.08,-16.5123,-160.544,-2.09602,51.1676,0.00391926,-0.000875407,-0.004566,3889.56,3886.55,4214.77,4211.75
17.09,-16.7692,-160.988,-2.09603,51.2818,0.00374417,-0.00079414,-0.00415137,3899.31,3896.59,4223.44,4220.72
17.1,-17.0266,-161.432,-2.09604,51.3958,0.00355523,-0.000736363,-0.0038579,3909.3,3906.41,4232.36,4229.47
17.11,-17.2846,-161.877,-2.09605,51.5097,0.00338749,-0.000659696,-0.00346389,3919.07,3916.47,4241.05,4238.45
17.12,-17.5432,-162.323,-2.09605,51.6235,0.00320674,-0.000604736,-0.00318232,3929.07,3926.31,4249.98,4247.21
17.13,-17.8023,-162.771,-2.09606,51.737,0.00306464,-0.000502942,-0.00265247,3938.71,3936.53,4258.54,4256.36
17.14,-18.062,-163.219,-2.09606,51.8504,0.00290563,-0.000412059,-0.00217793,3948.61,3946.49,4267.37,4265.25
17.15,-18.3223,-163.668,-2.09607,51.9637,0.00274455,-0.000315897,-0.00167331,3958.8,3956.19,4276.48,4273.87
17.16,-18.5832,-164.118,-2.09607,52.0768,0.00256308,-0.00024394,-0.00129496,3968.65,3966.24,4285.25,4282.84
17.17,-18.8446,-164.569,-2.09607,52.1897,0.00238804,-0.000164122,-0.000873135,3978.78,3976.03,4294.3,4291.55
17.18,-19.1066,-165.021,-2.09607,52.3024,0.00220275,-0.000101303,-0.000540104,3988.63,3986.11,4303.07,4300.55
17.19,-19.3692,-165.474,-2.09607,52.415,0.0020241,-3.32647e-05,-0.000177734,3998.73,3995.95,4312.09,4309.31
17.2,-19.6323,-165.928,-2.09607,52.5275,0.00184211,2.37457e-05,0.000127146,4008.58,4006.06,4320.86,4318.34
17.21,-19.896,-166.383,-2.09607,52.6397,0.00166551,8.32836e-05,0.000446894,4018.66,4015.95,4329.86,4327.14
17.22,-20.1603,-166.839,-2.09607,52.7518,0.00149023,0.000136719,0.000735185,4028.54,4026.06,4338.65,4336.18
17.23,-20.4251,-167.296,-2.09607,52.8638,0.00131837,0.000190049,0.00102413,4038.61,4035.98,4347.64,4345.01
17.24,-20.6905,-167.754,-2.09607,52.9756,0.00115094,0.000241321,0.00130317,4048.51,4046.1,4356.45,4354.05
17.25,-20.9564,-168.213,-2.09607,53.0872,0.000984705,0.000290012,0.00156941,4058.59,4056.05,4365.44,4362.91
17.26,-21.2229,-168.673,-2.09606,53.1986,0.000824969,0.000339946,0.00184349,4068.5,4066.17,4374.28,4371.94
17.27,-21.49,-169.134,-2.09606,53.3099,0.000664284,0.00038505,0.00209246,4078.58,4076.14,4383.27,4380.83
17.28,-21.7576,-169.595,-2.09605,53.4211,0.000522366,0.000451063,0.00245629,4088.46,4086.33,4392.06,4389.93
17.29,-22.0258,-170.058,-2.09605,53.532,0.000371043,0.000510543,0.00278597,4098.61,4096.25,4401.12,4398.77
17.3,-22.2945,-170.522,-2.09604,53.6428,0.000220145,0.000572087,0.00312828,4108.64,4106.31,4410.07,4407.73
17.31,-22.5638,-170.987,-2.09604,53.7535,5.86886e-05,0.000620115,0.0033979,4118.76,4116.29,4419.09,4416.63
17.32,-22.8336,-171.452,-2.09603,53.8639,-9.69645e-05,0.000673114,0.00369588,4128.78,4126.38,4428.02,4425.63
17.33,-23.104,-171.919,-2.09602,53.9742,-0.000257336,0.000716544,0.0039424,4138.78,4136.51,4436.93,4434.66
17.34,-23.3749,-172.386,-2.09602,54.0844,-0.000413715,0.000761516,0.00419838,4148.9,4146.52,4445.96,4443.58
17.35,-23.6464,-172.855,-2.09601,54.1944,-0.000570629,0.000800309,0.00442123,4158.9,4156.66,4454.87,4452.63
17.36,-23.9185,-173.324,-2.096,54.3042,-0.000723686,0.00083957,0.00464752,4169.02,4166.7,4463.89,4461.58
17.37,-24.191,-173.794,-2.09599,54.4138,-0.000873899,0.000876597,0.00486228,4179.04,4176.84,4472.82,4470.63
17.38,-24.4642,-174.266,-2.09598,54.5233,-0.00102239,0.000911504,0.00506608,4189.15,4186.91,4481.84,4479.6
17.39,-24.7379,-174.738,-2.09597,54.6327,-0.00116652,0.000946088,0.00526884,4199.18,4197.06,4490.78,4488.66
17.4,-25.0121,-175.211,-2.09596,54.7418,-0.00130947,0.000977887,0.00545681,4209.29,4207.15,4499.8,4497.65
17.41,-25.2868,-175.685,-2.09595,54.8508,-0.00144688,0.00101168,0.00565663,4219.35,4217.3,4508.76,4506.71
17.42,-25.5621,-176.161,-2.09594,54.9596,-0.00158465,0.00104102,0.0058322,4229.46,4227.4,4517.78,4515.71
17.43,-25.838,-176.637,-2.09593,55.068,-0.00171328,0.00107848,0.00605401,4242.3,4240.37,4523.9,4521.97
17.44,-26.1144,-177.114,-2.09592,55.1748,-0.00184324,0.00111351,0.00626278,4257.27,4255.36,4527.78,4525.87
17.45,-26.3913,-177.591,-2.09591,55.28,-0.00197301,0.00114745,0.00646598,4272.13,4270.17,4531.58,4529.62
17.46,-26.6687,-178.07,-2.0959,55.3835,-0.00210323,0.00117807,0.00665093,4286.81,4284.89,4535.21,4533.29
17.47,-26.9466,-178.55,-2.09589,55.4854,-0.0022325,0.00120693,0.00682641,4301.39,4299.45,4538.75,4536.81
17.48,-27.2251,-179.031,-2.09588,55.5855,-0.00235994,0.00123416,0.00699303,4315.79,4313.9,4542.13,4540.24
17.49,-27.504,-179.512,-2.09586,55.6841,-0.00248594,0.00125935,0.00714841,4330.07,4328.19,4545.4,4543.52
17.5,-27.7834,-179.994,-2.09585,55.7809,-0.00260897,0.00128391,0.00730049,4344.19,4342.36,4548.53,4546.7
17.51,-28.0633,-180.477,-2.09584,55.8762,-0.00273018,0.0013065,0.00744159,4358.18,4356.38,4551.55,4549.75
17.52,-28.3437,-180.961,-2.09582,55.9697,-0.00284808,0.00132884,0.0075815,4372.02,4370.27,4554.43,4552.68
17.53,-28.6245,-181.446,-2.09581,56.0616,-0.00296369,0.00134973,0.00771338,4385.73,4384.02,4557.19,4555.48
17.54,-28.9058,-181.932,-2.0958,56.1519,-0.0030764,0.00136999,0.00784176,4399.29,4397.62,4559.82,4558.15
17.55,-29.1875,-182.418,-2.09578,56.2406,-0.00318651,0.00138935,0.00796512,4412.71,4411.08,4562.33,4560.7
17.56,-29.4696,-182.905,-2.09577,56.3276,-0.00329383,0.00140809,0.00808506,4425.99,4424.4,4564.7,4563.12
17.57,-29.7522,-183.393,-2.09576,56.4129,-0.00339875,0.00142595,0.00819999,4439.13,4437.57,4566.96,4565.4
17.58,-30.0352,-183.881,-2.09574,56.4966,-0.00350069,0.00144361,0.00831385,4452.11,4450.61,4569.07,4567.57
17.59,-30.3186,-184.371,-2.09573,56.5787,-0.00360077,0.00145992,0.00842002,4464.96,4463.49,4571.07,4569.6
17.6,-30.6024,-184.861,-2.09571,56.6592,-0.00369773,0.00147646,0.00852754,4477.68,4476.21,4572.95,4571.49
17.61,-30.8865,-185.351,-2.0957,56.738,-0.00379522,0.00148779,0.00860491,4490.23,4488.81,4574.69,4573.26
17.62,-31.1711,-185.843,-2.09568,56.8152,-0.00388833,0.00149945,0.00868419,4502.65,4501.26,4576.3,4574.9
17.63,-31.4561,-186.335,-2.09567,56.8908,-0.00397795,0.00151031,0.00875869,4514.89,4513.58,4577.75,4576.44
17.64,-31.7414,-186.827,-2.09565,56.9648,-0.00406459,0.0015205,0.00882926,4527.01,4525.73,4579.1,4577.82
17.65,-32.0271,-187.321,-2.09564,57.0371,-0.00414686,0.00153157,0.00890483,4538.96,4537.77,4580.29,4579.09
17.66,-32.3131,-187.814,-2.09562,57.1078,-0.00422767,0.00154066,0.00896877,4550.8,4549.62,4581.38,4580.2
17.67,-32.5994,-188.309,-2.09561,57.177,-0.00430416,0.0015513,0.00904164,4562.5,4561.31,4582.36,4581.17
17.68,-32.8862,-188.804,-2.09559,57.2445,-0.00437969,0.00155922,0.00909856,4573.99,4572.91,4583.14,4582.06
17.69,-33.1732,-189.3,-2.09557,57.3103,-0.00445147,0.00156869,0.00916433,4585.4,4584.3,4583.86,4582.76
17.7,-33.4605,-189.796,-2.09556,57.3746,-0.00452132,0.00157685,0.00922232,4596.6,4595.6,4584.38,4583.38
17.71,-33.7482,-190.293,-2.09554,57.4373,-0.00458954,0.00158412,0.00927497,4607.71,4606.7,4584.83,4583.81
17.72,-34.0362,-190.79,-2.09553,57.4984,-0.00465378,0.00159273,0.00933533,4618.62,4617.69,4585.09,4584.17
17.73,-34.3244,-191.288,-2.09551,57.5579,-0.00471809,0.00159852,0.00937893,4629.42,4628.49,4585.27,4584.34
17.74,-34.613,-191.787,-2.0955,57.6157,-0.00477805,0.00160658,0.00943572,4640.1,4639.13,4585.33,4584.36
17.75,-34.9018,-192.285,-2.09548,57.672,-0.0048383,0.00161089,0.00947029,4650.54,4649.69,4585.18,4584.32
17.76,-35.1909,-192.785,-2.09546,57.7267,-0.00489471,0.00161743,0.00951775,4660.91,4660.02,4584.97,4584.08
17.77,-35.4802,-193.285,-2.09545,57.7798,-0.0049497,0.00162225,0.0095549,4671.06,4670.28,4584.55,4583.78
17.78,-35.7698,-193.785,-2.09543,57.8314,-0.0050035,0.00162604,0.00958572,4681.13,4680.32,4584.07,4583.27
17.79,-36.0597,-194.286,-2.09541,57.8813,-0.00505299,0.00163162,0.00962692,4690.98,4690.28,4583.39,4582.69
17.8,-36.3498,-194.787,-2.0954,57.9296,-0.0051037,0.00163268,0.00964124,4700.74,4700.02,4582.63,4581.92
17.81,-36.6401,-195.289,-2.09538,57.9764,-0.00514954,0.00163671,0.00967281,4710.36,4709.6,4581.76,4581
17.82,-36.9306,-195.791,-2.09537,58.0216,-0.00519487,0.00163762,0.00968574,4719.74,4719.12,4580.66,4580.03
17.83,-37.2214,-196.293,-2.09535,58.0652,-0.00523703,0.0016401,0.00970773,4729.06,4728.39,4579.51,4578.84
17.84,-37.5123,-196.796,-2.09533,58.1073,-0.0052767,0.00164202,0.00972615,4738.15,4737.6,4578.15,4577.6
17.85,-37.8035,-197.299,-2.09532,58.1477,-0.00531629,0.00164154,0.00973006,4747.16,4746.58,4576.72,4576.15
17.86,-38.0949,-197.802,-2.0953,58.1867,-0.00535017,0.00164469,0.00975523,4755.94,4755.48,4575.1,4574.63
17.87,-38.3864,-198.306,-2.09528,58.224,-0.00538665,0.00164133,0.00974156,4764.64,4764.17,4573.4,4572.92
17.88,-38.6781,-198.81,-2.09527,58.2598,-0.00541802,0.0016415,0.00974856,4773.21,4772.68,4571.58,4571.05
17.89,-38.97,-199.315,-2.09525,58.294,-0.00544777,0.00163972,0.00974372,4781.53,4781.14,4569.53,4569.14
17.9,-39.262,-199.819,-2.09523,58.3267,-0.00547625,0.001637,0.00973298,4789.78,4789.36,4567.43,4567.01
17.91,-39.5542,-200.324,-2.09522,58.3578,-0.00550601,0.00162691,0.00967815,4797.86,4797.46,4565.17,4564.77
17.92,-39.8465,-200.83,-2.0952,58.3873,-0.00553335,0.00161093,0.00958795,4805.76,4805.43,4562.75,4562.42
17.93,-40.139,-201.335,-2.09519,58.4153,-0.00554936,0.00160113,0.00953422,4813.54,4813.21,4560.23,4559.91
17.94,-40.4316,-201.841,-2.09517,58.4418,-0.00556261,0.00158819,0.00946145,4821.06,4820.95,4557.47,4557.36
17.95,-40.7243,-202.347,-2.09515,58.4667,-0.00556926,0.00157919,0.00941181,4828.55,4828.42,4554.69,4554.56
17.96,-41.0171,-202.853,-2.09514,58.4901,-0.00557133,0.00157125,0.00936828,4835.79,4835.83,4551.68,4551.72
17.97,-41.3101,-203.36,-2.09512,58.5119,-0.00557247,0.00156209,0.00931709,4842.98,4842.99,4548.64,4548.64
17.98,-41.6031,-203.866,-2.09511,58.5322,-0.00556706,0.00155827,0.00929752,4849.94,4850.07,4545.38,4545.51
17.99,-41.8962,-204.373,-2.09509,58.551,-0.00556505,0.00154818,0.00924029,4856.83,4856.93,4542.06,4542.16
18,-42.1894,-204.88,-2.09508,58.5682,-0.00555816,0.00154291,0.00921159,4863.59,4863.62,4538.64,4538.66
18.01,-42.4827,-205.387,-2.09506,58.5839,-0.00555066,0.00153618,0.00917383,4870.09,4870.26,4534.96,4535.13
18.02,-42.776,-205.894,-2.09504,58.598,-0.00554308,0.00152901,0.00913321,4876.54,4876.65,4531.26,4531.37
18.03,-43.0694,-206.401,-2.09503,58.6107,-0.00553132,0.00152515,0.00911216,4882.75,4882.97,4527.33,4527.55
18.04,-43.3629,-206.909,-2.09501,58.6218,-0.00552323,0.00151576,0.00905778,4888.89,4889.06,4523.35,4523.53
18.05,-43.6564,-207.416,-2.095,58.6314,-0.00551051,0.00151106,0.00903114,4894.91,4894.98,4519.26,4519.34
18.06,-43.9499,-207.924,-2.09498,58.6395,-0.00549915,0.00150266,0.00898221,4900.65,4900.88,4514.92,4515.15
18.07,-44.2435,-208.432,-2.09497,58.646,-0.00548653,0.00149527,0.00893902,4906.35,4906.5,4510.55,4510.7
18.08,-44.537,-208.939,-2.09495,58.6511,-0.00547089,0.00148938,0.00890457,4911.8,4912.08,4505.94,4506.23
18.09,-44.8306,-209.447,-2.09494,58.6546,-0.00545789,0.00147927,0.00884463,4917.19,4917.42,4501.3,4501.53
18.1,-45.1242,-209.955,-2.09492,58.6566,-0.00543964,0.00147397,0.00881325,4922.46,4922.59,4496.54,4496.67
18.11,-45.4178,-210.463,-2.09491,58.6572,-0.00542433,0.00146292,0.00874729,4927.44,4927.74,4491.51,4491.81
18.12,-45.7114,-210.97,-2.0949,58.6562,-0.00540593,0.00145469,0.00869793,4932.4,4932.62,4486.48,4486.7
18.13,-46.005,-211.478,-2.09488,58.6537,-0.0053856,0.00144619,0.00864676,4937.1,4937.46,4481.2,4481.56
18.14,-46.2985,-211.986,-2.09487,58.6497,-0.00536649,0.00143513,0.00857999,4941.75,4942.05,4475.89,4476.2
18.15,-46.592,-212.494,-2.09485,58.6443,-0.00534151,0.00142909,0.00854309,4946.16,4946.58,4470.36,4470.78
18.16,-46.8855,-213.001,-2.09484,58.6378,-0.00532068,0.00141677,0.00846852,4946.57,4946.94,4468.79,4469.16
18.17,-47.179,-213.509,-2.09482,58.6314,-0.00529495,0.0014092,0.00842237,4945.36,4945.62,4468.91,4469.18
18.18,-47.4724,-214.017,-2.09481,58.6253,-0.00527064,0.00139755,0.00835184,4944.05,4944.48,4468.9,4469.33
18.19,-47.7657,-214.524,-2.0948,58.6193,-0.00524489,0.00138688,0.00828726,4942.9,4943.25,4469.01,4469.36
18.2,-48.059,-215.032,-2.09478,58.6136,-0.00521588,0.00137775,0.00823189,4941.68,4942.17,4469.01,4469.5
18.21,-48.3523,-215.539,-2.09477,58.608,-0.00518954,0.00136423,0.00815032,4940.6,4941.03,4469.1,4469.53
18.22,-48.6456,-216.047,-2.09475,58.6026,-0.00515772,0.00135577,0.00809907,4939.57,4939.89,4469.22,4469.54
18.23,-48.9388,-216.554,-2.09474,58.5974,-0.00512896,0.00134144,0.00801271,4938.43,4938.94,4469.19,4469.69
18.24,-49.232,-217.061,-2.09473,58.5923,-0.00509709,0.00133013,0.00794447,4937.46,4937.88,4469.29,4469.71
18.25,-49.5252,-217.568,-2.09471,58.5874,-0.00506339,0.00131865,0.00787523,4936.41,4936.97,4469.28,4469.84
18.26,-49.8183,-218.076,-2.0947,58.5826,-0.00503115,0.00130467,0.00779112,4935.49,4935.99,4469.37,4469.86
18.27,-50.1114,-218.583,-2.09469,58.578,-0.00499318,0.00129595,0.00773843,4934.51,4935.12,4469.36,4469.98
18.28,-50.4045,-219.09,-2.09468,58.5735,-0.00496031,0.00127947,0.00763945,4933.64,4934.21,4469.44,4470
18.29,-50.6975,-219.597,-2.09466,58.5692,-0.00492274,0.001268,0.00757044,4932.82,4933.3,4469.54,4470.01
18.3,-50.9905,-220.104,-2.09465,58.565,-0.00488504,0.00125457,0.00748969,4931.91,4932.53,4469.51,4470.13
18.31,-51.2835,-220.611,-2.09464,58.5609,-0.00484757,0.00124052,0.00740532,4931.14,4931.69,4469.59,4470.14
18.32,-51.5764,-221.118,-2.09463,58.557,-0.0048058,0.00122999,0.00734193,4930.29,4930.96,4469.58,4470.25
18.33,-51.8694,-221.625,-2.09461,58.5532,-0.00476818,0.00121351,0.00724312,4929.56,4930.17,4469.65,4470.27
18.34,-52.1623,-222.132,-2.0946,58.5495,-0.00472576,0.00120213,0.00717476,4928.87,4929.38,4469.74,4470.26
18.35,-52.4551,-222.639,-2.09459,58.5459,-0.00468503,0.00118697,0.0070838,4928.08,4928.75,4469.71,4470.38
18.36,-52.748,-223.146,-2.09458,58.5425,-0.00464319,0.00117306,0.00700037,4927.42,4928.01,4469.79,4470.38
18.37,-53.0408,-223.653,-2.09457,58.5391,-0.00459855,0.00116087,0.00692725,4926.69,4927.41,4469.77,4470.48
18.38,-53.3336,-224.16,-2.09455,58.5358,-0.004557,0.00114458,0.00682968,4926.07,4926.73,4469.84,4470.49
18.39,-53.6264,-224.667,-2.09454,58.5327,-0.00451057,0.00113342,0.00676273,4925.5,4926.04,4469.93,4470.47
18.4,-53.9192,-225.174,-2.09453,58.5296,-0.00446764,0.00111669,0.00666253,4924.81,4925.51,4469.88,4470.59
18.41,-54.2118,-225.68,-2.09452,58.4005,-0.00448206,0.00118332,0.00704448,6794.16,6791.5,2587.58,2584.93
18.42,-54.5028,-226.184,-2.09451,57.9794,-0.00471814,0.00142264,0.00840813,6758.48,6754.15,2546.4,2542.08
18.43,-54.7923,-226.685,-2.09449,57.7271,-0.00493809,0.00151941,0.00894098,6735.17,6730,2523.77,2518.61
18.44,-55.0799,-227.183,-2.09448,57.3121,-0.00533524,0.00171813,0.0100377,6700.41,6693.86,2483.4,2476.85
18.45,-55.3656,-227.678,-2.09446,56.9413,-0.00578126,0.00185322,0.0107568,6669,6661.48,2447.88,2440.36
18.46,-55.6494,-228.169,-2.09444,56.6134,-0.00624502,0.00193045,0.0111406,6640.58,6632.82,2416.87,2409.12
18.47,-55.9314,-228.658,-2.09442,56.2082,-0.00679697,0.00209127,0.0119823,6607.3,6598.65,2377.79,2369.14
18.48,-56.2114,-229.142,-2.0944,55.8066,-0.00740908,0.00223725,0.0127272,6574.65,6565.06,2339.28,2329.69
18.49,-56.4894,-229.624,-2.09437,55.4085,-0.00806981,0.00236816,0.0133758,6542.41,6532.28,2301.1,2290.97
18.5,-56.7657,-230.102,-2.09435,55.0907,-0.00864308,0.00237249,0.0133234,6515.53,6505.68,2271.44,2261.59
18.51,-57.0401,-230.577,-2.09433,54.6987,-0.0093107,0.00250697,0.0139784,6484.23,6474.05,2234.1,2223.91
18.52,-57.3129,-231.05,-2.0943,54.3856,-0.00986676,0.00250261,0.0138742,6458.14,6448.27,2205.15,2195.27
18.53,-57.5838,-231.519,-2.09428,53.9996,-0.0105463,0.00263376,0.0144976,6427.96,6417.56,2168.8,2158.4
18.54,-57.853,-231.985,-2.09425,53.6538,-0.0111758,0.00267627,0.0146373,6400.45,6390.01,2136.71,2126.27
18.55,-58.1202,-232.448,-2.09422,53.3105,-0.0118214,0.00270905,0.0147218,4490.24,4489.39,3972.23,3971.38
18.56,-58.3858,-232.908,-2.09419,52.9335,-0.0125187,0.00283883,0.015318,6344.51,6333.86,2069.82,2059.16
18.57,-58.6495,-233.364,-2.09417,52.5953,-0.013171,0.00286605,0.0153661,6318.23,6307.68,2038.82,2028.26
18.58,-58.9114,-233.818,-2.09414,52.2241,-0.0138922,0.00298889,0.0159115,6290.49,6279.5,2004.65,1993.66
18.59,-59.1716,-234.269,-2.09411,51.8911,-0.0145505,0.00299839,0.0158603,6264.98,6254.25,1974.32,1963.6
18.6,-59.43,-234.716,-2.09408,51.5255,-0.015279,0.00312358,0.0164061,6238.09,6227.11,1940.9,1929.92
18.61,-59.6867,-235.161,-2.09404,51.1974,-0.0159255,0.00313352,0.0163535,6213.42,6202.66,1911.32,1900.57
18.62,-59.9417,-235.603,-2.09401,50.8374,-0.0166629,0.00326602,0.0169252,6187.56,6176.3,1878.83,1867.58
18.63,-60.195,-236.042,-2.09398,50.5477,-0.0171894,0.00312872,0.0161213,6165.01,6155.08,1852.99,1843.05
18.64,-60.4467,-236.478,-2.09395,50.1928,-0.0178771,0.00327168,0.0167395,6140.05,6129.48,1821.31,1810.73
18.65,-60.6967,-236.911,-2.09392,49.8738,-0.0184733,0.00326871,0.016618,6116.78,6106.66,1792.96,1782.85
18.66,-60.9451,-237.341,-2.09388,49.5242,-0.0191756,0.00342151,0.0172729,6092.69,6081.87,1762.07,1751.25
18.67,-61.1918,-237.768,-2.09385,49.2096,-0.0197825,0.00340765,0.0170937,6070.2,6059.74,1734.43,1723.97
18.68,-61.4368,-238.193,-2.09381,48.8651,-0.0205064,0.0035574,0.0177199,6046.92,6035.79,1704.25,1693.12
18.69,-61.6802,-238.615,-2.09378,48.5548,-0.0211199,0.00352695,0.0174567,6025.06,6014.44,1677.17,1666.54
18.7,-61.9219,-239.034,-2.09374,48.2153,-0.0218527,0.00368104,0.018092,6002.51,5991.32,1647.63,1636.45
18.71,-62.162,-239.45,-2.0937,47.9092,-0.0224673,0.00364545,0.0178033,5981.33,5970.67,1621.15,1610.49
18.72,-62.4006,-239.863,-2.09367,47.5745,-0.0232084,0.00380759,0.0184652,5959.64,5948.21,1592.39,1580.96
18.73,-62.6375,-240.274,-2.09363,47.2725,-0.0238343,0.00375364,0.0180881,5939.04,5928.29,1566.42,1555.67
18.74,-62.8728,-240.682,-2.09359,46.9425,-0.0245824,0.00391882,0.0187522,5918.1,5906.55,1538.34,1526.79
18.75,-63.1065,-241.087,-2.09355,46.6445,-0.0252125,0.00384948,0.0183035,4008.08,4021.07,3374.71,3387.69
18.76,-63.3387,-241.489,-2.09351,46.319,-0.0259554,0.00402364,0.0189981,5872.53,5861.05,1490.68,1479.2
18.77,-63.5693,-241.889,-2.09347,45.9959,-0.0267495,0.00418598,0.0196267,5847.62,5835.43,1468.5,1456.31
18.78,-63.7985,-242.286,-2.09343,45.7333,-0.0270507,0.00387759,0.018077,5826.03,5816.2,1449.13,1439.3
18.79,-64.0261,-242.681,-2.09339,45.4143,-0.0277409,0.00405178,0.0187573,5801.85,5791.14,1427.62,1416.9
18.8,-64.2523,-243.073,-2.09335,45.1264,-0.0282275,0.00396211,0.0182259,5779.33,5769.49,1407.49,1397.65
18.81,-64.4769,-243.462,-2.09331,44.8117,-0.028915,0.0041287,0.0188597,5755.75,5745.12,1386.51,1375.88
18.82,-64.7,-243.849,-2.09327,44.5276,-0.0294014,0.00401232,0.0182119,5733.73,5724.15,1366.82,1357.24
18.83,-64.9216,-244.233,-2.09323,44.2171,-0.0300724,0.00417345,0.0188112,5710.8,5700.4,1346.41,1336.02
18.84,-65.1416,-244.615,-2.09319,43.9087,-0.0307922,0.00431971,0.0193347,5688.11,5677.05,1326.22,1315.16
18.85,-65.3601,-244.994,-2.09314,43.6024,-0.0315519,0.00445379,0.0197957,5665.68,5654.07,1306.25,1294.65
18.86,-65.5771,-245.37,-2.0931,43.326,-0.0321124,0.00425474,0.0187911,3750.64,3773.33,3144.64,3167.33
18.87,-65.7928,-245.744,-2.09306,43.0512,-0.0324564,0.00410452,0.0180127,5623.81,5615.03,1268.77,1259.99
18.88,-66.007,-246.116,-2.09302,42.7507,-0.0330727,0.00425259,0.0185322,5602.36,5592.8,1249.68,1240.12
18.89,-66.2199,-246.485,-2.09298,42.5068,-0.0331051,0.00376008,0.0162924,5583.06,5576.88,1232.29,1226.11
18.9,-66.4314,-246.852,-2.09294,42.2099,-0.0335586,0.00393028,0.016911,5562.29,5555.04,1213.83,1206.58
18.91,-66.6414,-247.216,-2.0929,41.9149,-0.0340738,0.00407831,0.0174253,5541.64,5533.65,1195.46,1187.47
18.92,-66.8499,-247.578,-2.09286,41.6219,-0.0346366,0.00421199,0.0178706,5521.34,5512.48,1177.41,1168.55
18.93,-67.057,-247.937,-2.09281,41.3307,-0.0352482,0.00431716,0.0181887,5501.14,5491.77,1159.43,1150.05
18.94,-67.2628,-248.294,-2.09278,41.0945,-0.0351166,0.0037444,0.0156855,5482.77,5477.16,1142.84,1137.23
18.95,-67.4672,-248.649,-2.09274,40.8068,-0.0355252,0.00388082,0.0161431,5463.25,5456.76,1125.49,1118.99
18.96,-67.6703,-249.001,-2.0927,40.5734,-0.0353453,0.00328464,0.013585,5445.23,5442.61,1109.21,1106.58
18.97,-67.8721,-249.351,-2.09267,40.2889,-0.035567,0.00344755,0.0141588,5426.36,5422.52,1092.44,1088.61
18.98,-68.0724,-249.699,-2.09263,40.0062,-0.0358595,0.00357848,0.0145934,5407.6,5402.82,1075.77,1070.99
18.99,-68.2714,-250.044,-2.0926,39.7253,-0.0362067,0.00368163,0.0149087,5389,5383.49,1059.22,1053.72
19,-68.469,-250.387,-2.09256,39.4461,-0.0365955,0.00376036,0.0151204,5370.55,5364.5,1042.8,1036.75
19.01,-68.6652,-250.728,-2.09252,39.2198,-0.0363358,0.00306061,0.0122361,5353.24,5351.65,1027.13,1025.54
19.02,-68.8602,-251.067,-2.09249,38.9437,-0.036481,0.00318215,0.0126325,5335.47,5332.86,1011.34,1008.73
19.03,-69.0539,-251.403,-2.09246,38.6693,-0.0366843,0.00327138,0.0128952,5317.81,5314.44,995.636,992.27
19.04,-69.2462,-251.737,-2.09243,38.4217,-0.0365107,0.00298385,0.0116865,5300.74,5299.18,980.32,978.758
19.05,-69.4373,-252.068,-2.0924,38.1504,-0.0366598,0.00305453,0.0118788,5283.7,5281.04,965.183,962.521
19.06,-69.627,-252.398,-2.09237,37.9556,-0.0359144,0.0019231,0.00744061,5266.72,5270.9,951.56,955.75
19.07,-69.8157,-252.725,-2.09235,37.687,-0.0356874,0.00205401,0.00789089,5251.2,5254.01,935.911,938.721
19.08,-70.0031,-253.051,-2.09233,37.4201,-0.0355391,0.00213998,0.0081629,5234.73,5236.52,921.284,923.066
19.09,-70.1891,-253.374,-2.09231,37.1793,-0.0350887,0.00183755,0.0069642,5218.65,5222.16,906.853,910.364
19.1,-70.3739,-253.695,-2.09229,36.9152,-0.0348926,0.00191518,0.00720686,5202.59,5205.1,892.582,895.091
19.11,-70.5574,-254.014,-2.09228,36.6527,-0.0347528,0.00195375,0.00729974,5186.59,5188.38,878.359,880.148
19.12,-70.7398,-254.33,-2.09226,36.4402,-0.0338898,0.00124116,0.00461041,5171.7,5176.95,864.897,870.145
19.13,-70.9209,-254.645,-2.09225,36.1804,-0.0335696,0.00126596,0.00466902,5156.12,5160.58,851.044,855.505
19.14,-71.1008,-254.957,-2.09224,35.9941,-0.0325015,0.000192668,0.000706923,3246.8,3291.2,2696.11,2740.52
19.15,-71.2797,-255.268,-2.09224,35.7368,-0.0318482,0.000277375,0.00101045,5126.75,5135.92,824.598,833.776
19.16,-71.4573,-255.577,-2.09223,35.481,-0.031274,0.000309058,0.00111781,5111.82,5119.98,811.345,819.508
19.17,-71.6337,-255.883,-2.09223,35.2739,-0.0302319,-0.000332915,-0.00119707,5097.69,5109.3,798.555,810.172
19.18,-71.8089,-256.187,-2.09224,35.0206,-0.029502,-0.000286676,-0.0010234,5083.21,5093.62,785.712,796.122
19.19,-71.9829,-256.49,-2.09224,34.7687,-0.0288725,-0.000342363,-0.00121341,5068.95,5078.09,773.068,782.212
19.2,-72.1558,-256.79,-2.09224,34.5415,-0.0280045,-0.000710506,-0.00250172,5054.63,5065.74,760.195,771.303
19.21,-72.3274,-257.088,-2.09225,34.2921,-0.0272858,-0.000764917,-0.00267386,5040.4,5050.9,747.534,758.042
19.22,-72.4978,-257.384,-2.09226,34.0441,-0.0265972,-0.000860204,-0.0029852,5026.21,5036.38,734.904,745.075
19.23,-72.6672,-257.679,-2.09228,33.8897,-0.0249906,-0.00196886,-0.00680164,5014.4,5030.43,724.055,740.085
19.24,-72.8356,-257.971,-2.0923,33.6438,-0.0239569,-0.00199936,-0.00685688,5000.82,5015.88,711.999,727.062
19.25,-73.0027,-258.262,-2.09232,33.3992,-0.0229749,-0.00208117,-0.00708557,4987.24,5001.68,699.928,714.366
19.26,-73.1688,-258.55,-2.09234,33.2014,-0.021678,-0.00262771,-0.00889335,4975.14,4991.47,689.04,705.361
19.27,-73.3337,-258.837,-2.09237,32.9591,-0.0206032,-0.00276138,-0.00927754,4961.76,4977.69,677.13,693.059
19.28,-73.4975,-259.121,-2.0924,32.718,-0.019545,-0.00293649,-0.0097937,4948.43,4964.21,665.245,681.033
19.29,-73.6602,-259.404,-2.09243,32.5457,-0.0180979,-0.00356591,-0.0118303,4937.31,4956.28,655.163,674.13
19.3,-73.8219,-259.685,-2.09247,32.3067,-0.0168489,-0.00370778,-0.0122106,4924.42,4942.92,643.69,662.198
19.31,-73.9823,-259.964,-2.0925,32.0689,-0.0156202,-0.00389359,-0.0127282,4911.55,4929.87,632.226,650.545
19.32,-74.1419,-260.241,-2.09255,31.9214,-0.0141281,-0.0044399,-0.0144473,4901.72,4922.7,624.262,645.247
19.33,-74.3005,-260.517,-2.09259,31.6855,-0.0127428,-0.00460247,-0.0148656,4889.72,4910.29,612.645,633.208
19.34,-74.4579,-260.79,-2.09264,31.4508,-0.0114215,-0.00487822,-0.0156395,4877.54,4897.37,601.826,621.649
19.35,-74.6142,-261.062,-2.09269,31.2612,-0.0100791,-0.00521049,-0.0166041,4866.65,4888.12,592.028,613.493
19.36,-74.7695,-261.332,-2.09274,31.0286,-0.00864245,-0.00546765,-0.0172939,4854.34,4875.89,581.044,602.594
19.37,-74.9236,-261.599,-2.0928,30.7971,-0.0071932,-0.00575843,-0.0180778,4842.08,4863.9,570.102,591.921
19.38,-75.0767,-261.866,-2.09286,30.6537,-0.00597351,-0.00585671,-0.0183007,2961.27,2973.53,2444.22,2456.48
19.39,-75.2291,-262.13,-2.09292,30.4457,-0.00455864,-0.00609555,-0.0189178,4823.62,4845.92,553.61,575.913
19.4,-75.3804,-262.393,-2.09298,30.217,-0.0030543,-0.00641245,-0.0197518,4811.67,4834.37,542.936,565.633
19.41,-75.5305,-262.654,-2.09305,29.9893,-0.00153068,-0.00674988,-0.0206345,4725.81,4748.64,606.711,629.54
19.42,-75.6798,-262.913,-2.09311,29.8485,-0.000600353,-0.00664228,-0.0202102,4666.7,4687.77,654.077,675.146
19.43,-75.8281,-263.171,-2.09318,29.6225,0.00081413,-0.00702057,-0.0211995,4570.49,4591.69,728.629,749.83
19.44,-75.9753,-263.427,-2.09325,29.3976,0.00222653,-0.00737738,-0.0221078,4474.96,4495.99,803.066,824.092
19.45,-76.1216,-263.681,-2.09332,29.2586,0.00292525,-0.00693478,-0.0206832,4416.6,4435.22,850.768,869.391
19.46,-76.267,-263.933,-2.09339,29.0354,0.00414891,-0.00722695,-0.0213902,4322.65,4340.64,924.511,942.494
19.47,-76.4113,-264.184,-2.09347,28.8132,0.00531258,-0.0074658,-0.021928,4228.95,4245.82,998.731,1015.6
19.48,-76.5545,-264.432,-2.09354,28.6549,0.00586353,-0.0069519,-0.0203064,2873.11,2862.13,2365.93,2354.94
19.49,-76.6971,-264.68,-2.09361,28.4763,0.00632613,-0.00673333,-0.0195454,4089.1,4100.22,1113.42,1124.53
19.5,-76.8387,-264.926,-2.09368,28.2566,0.00698129,-0.00688838,-0.0198412,3997.61,4005.73,1187.94,1196.06
19.51,-76.9791,-265.17,-2.09375,28.0378,0.00745909,-0.00701123,-0.0200387,3906.05,3912.29,1261.65,1267.89
19.52,-77.1188,-265.412,-2.09381,27.9237,0.00703411,-0.00604375,-0.0172032,3858.66,3861.18,1302.52,1305.04
19.53,-77.2577,-265.653,-2.09387,27.7116,0.00715501,-0.00604614,-0.0170793,3770.47,3771.53,1373.19,1374.26
19.54,-77.3955,-265.892,-2.09393,27.5086,0.00714638,-0.00588083,-0.0164907,3685.62,3684.41,1442.29,1441.08
19.55,-77.5323,-266.129,-2.09399,27.3143,0.00696556,-0.00557283,-0.0155166,3604.78,3600.8,1508.78,1504.79
19.56,-77.6685,-266.366,-2.09404,27.1804,0.00636124,-0.00479982,-0.0132988,3549.18,3543.11,1554.73,1548.65
19.57,-77.8037,-266.6,-2.09408,27.0002,0.00585593,-0.00435949,-0.0119987,3474.36,3465.59,1616.54,1607.78
19.58,-77.9381,-266.833,-2.09413,26.8278,0.00517796,-0.00386769,-0.0105771,3402.74,3391.52,1675.69,1664.47
19.59,-78.0717,-267.065,-2.09416,26.6627,0.00435165,-0.00336089,-0.00913458,3334.05,3320.84,1732.17,1718.96
19.6,-78.2046,-267.295,-2.09419,26.5192,0.00340225,-0.00288295,-0.00779343,3274.08,3259.79,1780.95,1766.66
19.61,-78.3367,-267.524,-2.09422,26.3701,0.00245471,-0.00251434,-0.00675876,3210.55,3196.95,1831.05,1817.45
19.62,-78.4681,-267.752,-2.09424,26.2366,0.00160696,-0.00233152,-0.00623559,3153.07,3141.16,1875.47,1863.56
19.63,-78.5989,-267.979,-2.09427,26.1175,0.000894094,-0.00223746,-0.00595688,3100.98,3092.24,1914.29,1905.55
19.64,-78.7292,-268.204,-2.09429,26.0113,0.000351424,-0.00213479,-0.00566042,3055.38,3047.78,1949.79,1942.19
19.65,-78.859,-268.429,-2.09431,25.9165,-0.000114777,-0.00209991,-0.00554765,3014.66,3008.19,1981.41,1974.94
19.66,-78.9883,-268.653,-2.09433,25.832,-0.000508352,-0.0021023,-0.00553584,2978.32,2972.9,2009.62,2004.19
19.67,-79.1172,-268.876,-2.09435,25.7566,-0.00080885,-0.0020883,-0.00548291,2945.26,2942.08,2034.14,2030.96
19.68,-79.2458,-269.099,-2.09437,25.6893,-0.00100848,-0.00202928,-0.00531404,2916.6,2913.77,2056.84,2054.02
19.69,-79.3741,-269.321,-2.09439,25.6292,-0.00118311,-0.00200454,-0.00523699,2891,2888.56,2077.07,2074.63
19.7,-79.5021,-269.543,-2.09441,25.5757,-0.00133266,-0.00199918,-0.00521206,2868.16,2866.08,2095.11,2093.03
19.71,-79.6299,-269.764,-2.09443,25.5279,-0.00142459,-0.00196066,-0.0051021,2847.17,2846.64,2110.6,2110.07
19.72,-79.7574,-269.985,-2.09445,25.4853,-0.00146486,-0.00189112,-0.00491293,2829.2,2828.56,2125.16,2124.52
19.73,-79.8848,-270.206,-2.09447,25.4472,-0.00150838,-0.00185275,-0.00480606,2813.12,2812.47,2138.11,2137.46
19.74,-80.012,-270.426,-2.09449,25.4133,-0.00155068,-0.00183313,-0.00474881,2798.76,2798.14,2149.65,2149.03
19.75,-80.139,-270.646,-2.09451,25.383,-0.00155016,-0.00177475,-0.00459211,2785.39,2785.92,2159.38,2159.91
19.76,-80.2659,-270.865,-2.09452,25.356,-0.00152598,-0.00170159,-0.00439812,2774.12,2774.36,2168.72,2168.97
19.77,-80.3926,-271.085,-2.09454,25.332,-0.00151633,-0.00165814,-0.00428175,2764.02,2764.1,2177.01,2177.09
19.78,-80.5193,-271.304,-2.09456,25.3105,-0.00151503,-0.00163303,-0.00421333,2754.98,2754.97,2184.38,2184.36
19.79,-80.6458,-271.523,-2.09457,25.2913,-0.00148147,-0.00157266,-0.00405451,2746.4,2747.35,2190.43,2191.38
19.8,-80.7723,-271.742,-2.09459,25.2742,-0.00143212,-0.00149948,-0.00386321,2739.35,2739.94,2196.44,2197.03
19.81,-80.8987,-271.961,-2.0946,25.2589,-0.00140142,-0.00145486,-0.00374599,2733.01,2733.38,2201.75,2202.12
19.82,-81.025,-272.18,-2.09462,25.2453,-0.00138263,-0.00142805,-0.00367497,2727.33,2727.55,2206.46,2206.68
19.83,-81.1512,-272.398,-2.09463,25.2332,-0.0013313,-0.00136177,-0.00350273,2721.79,2722.83,2210.2,2211.23
19.84,-81.2774,-272.617,-2.09464,25.2223,-0.00127604,-0.00129446,-0.00332817,2717.39,2718.07,2214.07,2214.75
19.85,-81.4036,-272.835,-2.09466,25.2127,-0.00123955,-0.001253,-0.00322034,2713.42,2713.87,2217.48,2217.93
19.86,-81.5297,-273.053,-2.09467,25.2039,-0.0012154,-0.00122771,-0.00315425,2711.23,2711.53,2219.11,2219.41
19.87,-81.6558,-273.271,-2.09468,25.1954,-0.00116231,-0.00116582,-0.00299423,2709.65,2710.68,2219.27,2220.3
19.88,-81.7818,-273.489,-2.09469,25.1872,-0.00110655,-0.00110296,-0.00283186,2708.65,2709.34,2219.95,2220.64
19.89,-81.9078,-273.708,-2.0947,25.1793,-0.00106893,-0.001064,-0.00273097,2707.62,2708.09,2220.56,2221.03
19.9,-82.0337,-273.925,-2.09471,25.1716,-0.0010434,-0.00104,-0.00266855,2706.59,2706.91,2221.11,2221.43
19.91,-82.1596,-274.143,-2.09472,25.1641,-0.000991827,-0.000982408,-0.00252002,2705.19,2706.18,2221.24,2222.23
19.92,-82.2855,-274.361,-2.09473,25.1568,-0.00093826,-0.000924018,-0.00236956,2704.31,2704.98,2221.85,2222.52
19.93,-82.4114,-274.579,-2.09474,25.1498,-0.000901769,-0.000887685,-0.00227575,2703.41,2703.87,2222.4,2222.85
19.94,-82.5372,-274.797,-2.09475,25.143,-0.000876707,-0.000865166,-0.00221742,2702.51,2702.82,2222.89,2223.21
19.95,-82.663,-275.014,-2.09476,25.1364,-0.000823655,-0.000806547,-0.00206663,2701.27,2702.17,2223.01,2223.91
19.96,-82.7887,-275.232,-2.09477,25.13,-0.000774982,-0.000754886,-0.00193377,2700.5,2701.11,2223.56,2224.17
19.97,-82.9144,-275.45,-2.09477,25.1238,-0.000741584,-0.000722646,-0.00185072,2699.71,2700.13,2224.04,2224.46
19.98,-83.0401,-275.667,-2.09478,25.1177,-0.000718448,-0.000702572,-0.00179888,2698.91,2699.2,2224.48,2224.77
19.99,-83.1658,-275.885,-2.09479,25.1119,-0.000669728,-0.000649344,-0.00166221,2697.81,2698.63,2224.58,2225.4
20,-83.2914,-276.102,-2.09479,25.1062,-0.000624963,-0.000602314,-0.00154147,2697.13,2697.69,2225.06,2225.62
20.01,-83.417,-276.319,-2.0948,25.1007,-0.00059411,-0.000572888,-0.00146584,2696.43,2696.82,2225.49,2225.88
20.02,-83.5426,-276.537,-2.09481,25.0954,-0.000572614,-0.000554487,-0.00141846,2695.73,2696,2225.88,2226.15
20.03,-83.6682,-276.754,-2.09481,25.0902,-0.000527969,-0.000506027,-0.00129422,2694.75,2695.5,2225.96,2226.71
20.04,-83.7937,-276.971,-2.09482,25.0852,-0.000486944,-0.000463198,-0.00118445,2694.15,2694.67,2226.39,2226.91
20.05,-83.9192,-277.188,-2.09482,25.0804,-0.000458561,-0.000436329,-0.00111552,2693.54,2693.9,2226.77,2227.13
20.06,-84.0447,-277.405,-2.09482,25.0757,-0.000438689,-0.000419452,-0.00107218,2692.92,2693.17,2227.12,2227.37
20.07,-84.1702,-277.622,-2.09483,25.0711,-0.000398,-0.000375511,-0.000959681,2692.05,2692.73,2227.19,2227.87
20.08,-84.2956,-277.839,-2.09483,25.0667,-0.000360613,-0.000336675,-0.000860278,2691.52,2691.99,2227.57,2228.04
20.09,-84.421,-278.056,-2.09484,25.0624,-0.000334654,-0.000312243,-0.000797711,2690.98,2691.31,2227.91,2228.24
20.1,-84.5464,-278.273,-2.09484,25.0582,-0.000316392,-0.000296825,-0.000758195,2690.43,2690.67,2228.22,2228.45
20.11,-84.6718,-278.49,-2.09484,25.0542,-0.000279528,-0.000257192,-0.000656854,2689.66,2690.28,2228.28,2228.9
20.12,-84.7972,-278.707,-2.09484,25.0503,-0.000245658,-0.000222166,-0.00056731,2689.2,2689.63,2228.62,2229.04
20.13,-84.9225,-278.924,-2.09485,25.0465,-0.000222057,-0.000200061,-0.000510788,2688.72,2689.02,2228.92,2229.22
20.14,-85.0478,-279.141,-2.09485,25.0428,-0.000205376,-0.000186041,-0.000474922,2688.24,2688.45,2229.19,2229.4
20.15,-85.1731,-279.358,-2.09485,25.0392,-0.000172184,-0.000150506,-0.000384154,2687.56,2688.11,2229.24,2229.8
20.16,-85.2984,-279.575,-2.09485,25.0357,-0.000141692,-0.000119101,-0.000303953,2687.15,2687.54,2229.54,2229.93
20.17,-85.4237,-279.791,-2.09485,25.0324,-0.000120367,-9.92134e-05,-0.000253165,2686.73,2687,2229.81,2230.08
20.18,-85.5489,-280.008,-2.09485,25.0291,-0.000105221,-8.65294e-05,-0.00022077,2686.3,2686.5,2230.05,2230.25
20.19,-85.6742,-280.225,-2.09485,25.026,-7.55339e-05,-5.48755e-05,-0.000139991,2685.7,2686.2,2230.1,2230.59
20.2,-85.7994,-280.441,-2.09485,25.0229,-4.82659e-05,-2.68992e-05,-6.86134e-05,2685.34,2685.68,2230.36,2230.71
20.21,-85.9246,-280.658,-2.09485,25.02,-2.91216e-05,-9.11461e-06,-2.32464e-05,2684.97,2685.21,2230.6,2230.84
20.22,-86.0498,-280.875,-2.09485,25.0171,-1.54561e-05,2.29764e-06,5.85936e-06,2684.59,2684.77,2230.81,2230.99
20.23,-86.175,-281.091,-2.09485,25.0143,1.09028e-05,3.02899e-05,7.72356e-05,2684.06,2684.5,2230.86,2231.3
20.24,-86.3001,-281.308,-2.09485,25.0116,3.51097e-05,5.50319e-05,0.000140309,2683.74,2684.05,2231.09,2231.4
20.25,-86.4253,-281.524,-2.09485,25.009,5.21754e-05,7.08296e-05,0.000180568,2683.41,2683.63,2231.3,2231.52
20.26,-86.5504,-281.741,-2.09485,25.0064,6.4423e-05,8.10361e-05,0.000206567,2683.08,2683.23,2231.49,2231.65
20.27,-86.6755,-281.957,-2.09485,25.004,8.76374e-05,0.000105587,0.000269123,2682.61,2683,2231.53,2231.92
20.28,-86.8007,-282.174,-2.09485,25.0016,0.000108952,0.00012729,0.00032441,2682.33,2682.6,2231.74,2232.01
20.29,-86.9258,-282.39,-2.09485,24.9992,0.000116924,0.000132185,0.000336852,2682.21,2682.06,2232.09,2231.94
20.3,-87.0508,-282.607,-2.09485,24.997,0.000109314,0.000118824,0.000302776,2681.86,2681.77,2232.2,2232.11
20.31,-87.1759,-282.823,-2.09485,24.9948,0.00012089,0.000130986,0.000333739,2681.37,2681.63,2232.17,2232.42
20.32,-87.301,-283.039,-2.09484,24.9927,0.000134801,0.000145701,0.0003712,2681.11,2681.29,2232.34,2232.51
20.33,-87.426,-283.256,-2.09484,24.9907,0.000144655,0.000155189,0.000395339,2680.84,2680.97,2232.49,2232.62
20.34,-87.5511,-283.472,-2.09484,24.9887,0.000151783,0.000161411,0.000411157,2680.58,2680.67,2232.63,2232.72
20.35,-87.6761,-283.689,-2.09484,24.9867,0.000170857,0.000182857,0.000465749,2680.18,2680.51,2232.63,2232.96
20.36,-87.8011,-283.905,-2.09484,24.9849,0.000189056,0.000202429,0.000515561,2679.96,2680.2,2232.8,2233.03
20.37,-87.9261,-284.121,-2.09484,24.9831,0.000201921,0.000215038,0.000547636,2679.74,2679.9,2232.95,2233.11
20.38,-88.0511,-284.337,-2.09483,24.9813,0.000211211,0.000223302,0.000568642,2679.51,2679.63,2233.08,2233.2
20.39,-88.1761,-284.554,-2.09483,24.9796,0.000229618,0.000243291,0.000619502,2679.17,2679.48,2233.09,2233.4
20.4,-88.3011,-284.77,-2.09483,24.9779,0.00024669,0.000261072,0.000664733,2678.98,2679.2,2233.24,2233.46
20.41,-88.4261,-284.986,-2.09483,24.9763,0.000258875,0.000272622,0.000694098,2678.78,2678.94,2233.37,2233.53
20.42,-88.5511,-285.202,-2.09482,24.9748,0.00026777,0.00028028,0.00071355,2678.58,2678.7,2233.49,2233.6
20.43,-88.676,-285.419,-2.09482,24.9733,0.000283886,0.000297341,0.000756941,2678.29,2678.56,2233.51,2233.77
20.44,-88.801,-285.635,-2.09482,24.9718,0.000298719,0.000312453,0.000795364,2678.12,2678.31,2233.64,2233.83
20.45,-88.9259,-285.851,-2.09481,24.9704,0.000309408,0.000322366,0.000820552,2677.95,2678.09,2233.75,2233.89
20.46,-89.0509,-286.067,-2.09481,24.969,0.000317297,0.000329029,0.000837465,2677.77,2677.87,2233.85,2233.96
20.47,-89.1758,-286.284,-2.09481,24.9677,0.000330833,0.000343116,0.000873274,2677.52,2677.74,2233.88,2234.1
20.48,-89.3007,-286.5,-2.0948,24.9664,0.000343251,0.000355584,0.00090496,2677.37,2677.53,2233.99,2234.15
20.49,-89.4256,-286.716,-2.0948,24.9652,0.000352291,0.000363859,0.000925974,2677.21,2677.33,2234.09,2234.21
20.5,-89.5505,-286.932,-2.0948,24.9639,0.000359042,0.000369511,0.000940311,2677.05,2677.14,2234.18,2234.27
20.51,-89.6754,-287.148,-2.09479,24.9628,0.000370055,0.000380814,0.000969029,2676.84,2677.02,2234.21,2234.39
20.52,-89.8003,-287.364,-2.09479,24.9616,0.000380139,0.000390819,0.000994442,2676.7,2676.83,2234.3,2234.43
20.53,-89.9252,-287.58,-2.09478,24.9605,0.000387567,0.000397559,0.00101155,2676.56,2676.65,2234.39,2234.49
20.54,-90.0501,-287.797,-2.09478,24.9594,0.000393195,0.000402256,0.00102345,2676.42,2676.49,2234.47,2234.54
20.55,-90.175,-288.013,-2.09478,24.9584,0.000401849,0.000411007,0.00104568,2676.23,2676.37,2234.5,2234.64
20.56,-90.2998,-288.229,-2.09477,24.9574,0.000409757,0.000418756,0.00106535,2676.11,2676.21,2234.58,2234.68
20.57,-90.4247,-288.445,-2.09477,24.9564,0.000415677,0.000424085,0.00107886,2675.98,2676.06,2234.65,2234.73
20.58,-90.5495,-288.661,-2.09476,24.9555,0.000420245,0.000427899,0.00108853,2675.85,2675.92,2234.72,2234.78
20.59,-90.6744,-288.877,-2.09476,24.9545,0.000426735,0.000434333,0.00110485,2675.7,2675.81,2234.76,2234.86
20.6,-90.7992,-289.093,-2.09476,24.9537,0.000432653,0.000440036,0.00111932,2675.59,2675.67,2234.83,2234.91
20.61,-90.9241,-289.309,-2.09475,24.9528,0.000437185,0.00044408,0.00112957,2675.47,2675.53,2234.89,2234.95
20.62,-91.0489,-289.525,-2.09475,24.952,0.000440775,0.000447086,0.00113717,2675.36,2675.41,2234.95,2235
20.63,-91.1737,-289.741,-2.09474,24.9511,-3.15364e-05,-0.000145073,-0.000368983,2679.75,2670.79,2239.5,2230.54
20.64,-91.2986,-289.957,-2.09475,24.9504,-0.00051898,-0.000717663,-0.00182527,2678.21,2672.1,2238.13,2232.02
20.65,-91.4234,-290.173,-2.09476,24.9496,-0.000854624,-0.00107933,-0.00274504,2677.17,2672.92,2237.24,2233
20.66,-91.5482,-290.389,-2.09477,24.9488,-0.00108996,-0.00130993,-0.00333142,2676.44,2673.44,2236.67,2233.67
20.67,-91.6731,-290.605,-2.09479,24.9481,-0.00261994,-0.00316235,-0.00804227,2688.81,2660.86,2249.19,2221.24
20.68,-91.7979,-290.821,-2.09483,24.9474,-0.00414597,-0.00490584,-0.0124759,2684.34,2665.14,2244.86,2225.66
20.69,-91.9228,-291.037,-2.09489,24.9467,-0.00520425,-0.00601163,-0.0152875,2681.36,2667.92,2242.02,2228.58
20.7,-92.0477,-291.253,-2.09495,24.9461,-0.00595208,-0.00672074,-0.0170903,2679.34,2669.76,2240.13,2230.55
20.71,-92.1726,-291.469,-2.09503,24.9454,-0.00860908,-0.00983182,-0.0250009,2697.99,2650.92,2258.92,2211.84
20.72,-92.2976,-291.685,-2.09515,24.9448,-0.0111877,-0.012697,-0.0322859,2690.64,2658.09,2251.69,2219.15
20.73,-92.4226,-291.901,-2.09529,24.9442,-0.0129883,-0.0145219,-0.0369254,2685.75,2662.81,2246.93,2223.99
20.74,-92.5477,-292.117,-2.09544,24.9436,-0.0142702,-0.0156991,-0.0399178,2682.44,2665.95,2243.74,2227.25
20.75,-92.6728,-292.332,-2.09562,24.943,-0.0179555,-0.0199167,-0.0506404,2706.23,2642,2267.65,2203.41
20.76,-92.7979,-292.548,-2.09584,24.9425,-0.0214832,-0.0237614,-0.0604148,2696.35,2651.71,2257.88,2213.25
20.77,-92.9232,-292.764,-2.09609,24.9419,-0.0239597,-0.0262197,-0.0666636,2689.77,2658.14,2251.42,2219.78
20.78,-93.0485,-292.98,-2.09636,24.9414,-0.0257331,-0.027814,-0.0707155,2685.31,2662.44,2247.07,2224.2
20.79,-93.1739,-293.195,-2.09666,24.9409,-0.0303098,-0.032971,-0.0838252,2713.3,2634.31,2275.16,2196.17
20.8,-93.2994,-293.411,-2.09702,24.9403,-0.0346569,-0.0376465,-0.09571,2701.28,2646.17,2263.26,2208.14
20.81,-93.4251,-293.626,-2.09741,24.9398,-0.0377216,-0.0406465,-0.103335,2693.27,2654.04,2255.35,2216.12
20.82,-93.5508,-293.841,-2.09783,24.9393,-0.039927,-0.0426021,-0.108304,2687.84,2659.33,2250.02,2221.51
20.83,-93.6767,-294.057,-2.09828,24.9388,-0.0452545,-0.0485399,-0.123397,2719.18,2627.84,2281.47,2190.12
20.84,-93.8027,-294.272,-2.0988,24.9383,-0.0502899,-0.0539056,-0.137035,2705.41,2641.46,2267.8,2203.85
20.85,-93.9288,-294.487,-2.09936,24.9378,-0.0538532,-0.0573604,-0.145815,2696.22,2650.51,2258.71,2213
20.86,-94.0551,-294.702,-2.09995,24.9374,-0.0564286,-0.0596235,-0.151565,2689.99,2656.62,2252.57,2219.2
20.87,-94.1816,-294.917,-2.10057,24.9368,-0.0623728,-0.0661958,-0.168269,2723.95,2622.51,2286.63,2185.2
20.88,-94.3083,-295.132,-2.10127,24.9363,-0.067973,-0.0721225,-0.18333,2708.77,2637.54,2271.56,2200.34
20.89,-94.4351,-295.347,-2.10201,24.9359,-0.0719495,-0.0759517,-0.19306,2698.64,2647.54,2261.53,2210.43
20.9,-94.5622,-295.561,-2.10279,24.9354,-0.0748352,-0.0784725,-0.199464,2691.76,2654.29,2254.74,2217.27
20.91,-94.6894,-295.776,-2.1036,24.9349,-0.0807406,-0.084897,-0.21579,2729.43,2616.48,2292.51,2179.56
20.92,-94.8169,-295.99,-2.10449,24.9344,-0.0869791,-0.0915311,-0.232647,2712.57,2633.19,2275.76,2196.38
20.93,-94.9446,-296.204,-2.10543,24.9339,-0.0914133,-0.0958252,-0.243557,2701.32,2644.3,2264.61,2207.59
20.94,-95.0726,-296.418,-2.1064,24.9334,-0.0946368,-0.0986603,-0.250758,2693.7,2651.79,2257.08,2215.18
20.95,-95.2008,-296.632,-2.10742,24.9329,-0.100956,-0.105502,-0.268141,2732.62,2612.72,2296.11,2176.22
20.96,-95.3293,-296.845,-2.10851,24.9323,-0.107587,-0.112523,-0.28598,2714.84,2630.35,2278.44,2193.95
20.97,-95.458,-297.059,-2.10967,24.9318,-0.112315,-0.117084,-0.297565,2702.97,2642.07,2266.68,2205.78
20.98,-95.5871,-297.272,-2.11086,24.9314,-0.115765,-0.120109,-0.305248,2694.92,2649.98,2258.73,2213.79
20.99,-95.7165,-297.485,-2.11209,24.9308,-0.122364,-0.127217,-0.323306,2734.66,2610.08,2298.58,2174
21,-95.8461,-297.698,-2.1134,24.9302,-0.129264,-0.134494,-0.341791,2716.31,2628.26,2280.36,2192.31
21.01,-95.9762,-297.911,-2.11477,24.9297,-0.134201,-0.139238,-0.353838,2704.06,2640.36,2268.22,2204.51
21.02,-96.1065,-298.124,-2.11618,24.9292,-0.137817,-0.142402,-0.361871,2695.75,2648.53,2260,2212.79
21.03,-96.2372,-298.336,-2.11764,24.9286,-0.144601,-0.149679,-0.380355,2735.83,2608.28,2300.21,2172.66
21.04,-96.3683,-298.548,-2.11918,24.9279,-0.151676,-0.157116,-0.399243,2717.17,2626.75,2281.69,2191.26
21.05,-96.4997,-298.76,-2.12078,24.9273,-0.156756,-0.161983,-0.4116,2704.71,2639.05,2269.34,2203.68
21.06,-96.6316,-298.971,-2.12242,24.9268,-0.160493,-0.165246,-0.419884,2696.25,2647.35,2260.99,2212.1
21.07,-96.7638,-299.183,-2.1241,24.9261,-0.167382,-0.172611,-0.438586,2736.24,2607.18,2301.12,2172.05
21.08,-96.8964,-299.394,-2.12587,24.9254,-0.174553,-0.180127,-0.457668,2717.5,2625.71,2282.52,2190.74
21.09,-97.0295,-299.604,-2.1277,24.9248,-0.179719,-0.185065,-0.470203,2704.97,2638.06,2270.13,2203.21
21.1,-97.163,-299.815,-2.12957,24.9242,-0.183536,-0.188396,-0.478655,2696.46,2646.4,2261.74,2211.68
21.11,-97.297,-300.025,-2.13149,24.9235,-0.190462,-0.195777,-0.497393,2735.98,2606.68,2301.4,2172.1
21.12,-97.4314,-300.235,-2.13349,24.9227,-0.197659,-0.203298,-0.516487,2717.35,2625.09,2282.93,2190.67
21.13,-97.5663,-300.445,-2.13555,24.922,-0.202862,-0.208262,-0.529084,2704.89,2637.35,2270.61,2203.08
21.14,-97.7016,-300.654,-2.13765,24.9214,-0.206725,-0.211631,-0.537629,2696.42,2645.64,2262.27,2211.49
21.15,-97.8374,-300.863,-2.1398,24.9206,-0.213628,-0.218965,-0.556243,2735.13,2606.71,2301.14,2172.72
21.16,-97.9738,-301.071,-2.14204,24.9197,-0.220788,-0.226431,-0.575187,2716.77,2624.82,2282.96,2191.01
21.17,-98.1107,-301.28,-2.14433,24.919,-0.225985,-0.23138,-0.587743,2704.49,2636.89,2270.84,2203.23
21.18,-98.2481,-301.487,-2.14666,24.9183,-0.229862,-0.234762,-0.596315,2696.14,2645.04,2262.63,2211.52
21.19,-98.386,-301.695,-2.14904,24.9174,-0.23612,-0.241293,-0.612884,2735.64,2605.31,2302.29,2171.96
21.2,-98.5245,-301.902,-2.15149,24.9165,-0.24339,-0.24893,-0.63226,2717.06,2623.63,2283.9,2190.47
21.21,-98.6635,-302.109,-2.15401,24.9157,-0.248676,-0.254007,-0.645132,2704.64,2635.81,2271.65,2202.82
21.22,-98.8031,-302.315,-2.15657,24.9149,-0.252628,-0.257487,-0.653953,2696.2,2644.03,2263.37,2211.2
21.23,-98.9433,-302.521,-2.15918,24.914,-0.258842,-0.263961,-0.670369,2734.11,2605.87,2301.46,2173.22
21.24,-99.084,-302.727,-2.16186,24.913,-0.266009,-0.271471,-0.689416,2715.99,2623.71,2283.54,2191.27
21.25,-99.2254,-302.932,-2.1646,24.9121,-0.271242,-0.276488,-0.702132,2703.87,2635.58,2271.6,2203.31
21.26,-99.3674,-303.137,-2.16739,24.9113,-0.275176,-0.279952,-0.710904,2695.63,2643.58,2263.54,2211.48
21.27,-99.5099,-303.341,-2.17021,24.9103,-0.281262,-0.28627,-0.72692,2731.88,2607.07,2299.97,2175.16
21.28,-99.6531,-303.545,-2.17312,24.9093,-0.288253,-0.293573,-0.745433,2714.41,2624.22,2282.73,2192.54
21.29,-99.797,-303.748,-2.17608,24.9083,-0.293381,-0.29848,-0.757862,2702.73,2635.63,2271.25,2204.14
21.3,-99.9415,-303.951,-2.17909,24.9074,-0.297259,-0.301893,-0.766501,2694.79,2643.32,2263.49,2212.01
21.31,-100.087,-304.154,-2.18213,24.9064,-0.303176,-0.308015,-0.782012,2729.22,2608.61,2298.11,2177.51
21.32,-100.232,-304.356,-2.18525,24.9053,-0.309947,-0.315068,-0.799884,2712.53,2624.97,2281.66,2194.1
21.33,-100.379,-304.557,-2.18843,24.9043,-0.314941,-0.319836,-0.811956,2701.37,2635.85,2270.71,2205.19
21.34,-100.526,-304.758,-2.19165,24.9033,-0.31874,-0.323181,-0.820415,2693.77,2643.18,2263.3,2212.71
21.35,-100.674,-304.958,-2.19491,24.9022,-0.324458,-0.329078,-0.835349,2726.23,2610.41,2295.98,2180.16
21.36,-100.822,-305.158,-2.19824,24.9011,-0.330977,-0.33585,-0.8525,2710.41,2625.89,2280.41,2195.89
21.37,-100.972,-305.358,-2.20162,24.9,-0.335813,-0.340459,-0.864162,2699.81,2636.18,2270.03,2206.4
21.38,-101.122,-305.556,-2.20504,24.899,-0.339516,-0.343721,-0.872407,2692.6,2643.11,2263.02,2213.53
21.39,-101.272,-305.755,-2.20851,24.8979,-0.345012,-0.349371,-0.886707,2723,2612.4,2293.65,2183.05
21.4,-101.424,-305.952,-2.21204,24.8966,-0.351255,-0.355838,-0.903074,2708.1,2626.95,2279,2197.85
21.41,-101.576,-306.149,-2.21562,24.8955,-0.355914,-0.360272,-0.914286,2698.12,2636.61,2269.25,2207.74
21.42,-101.729,-306.346,-2.21924,24.8945,-0.359507,-0.36344,-0.922288,2691.31,2643.11,2262.66,2214.46
21.43,-101.882,-306.542,-2.2229,24.8933,-0.364329,-0.368287,-0.934544,2721,2613.11,2292.57,2184.68
21.44,-102.037,-306.737,-2.22662,24.892,-0.370428,-0.374646,-0.950632,2706.57,2627.17,2278.41,2199.01
21.45,-102.192,-306.932,-2.23039,24.8909,-0.374996,-0.379027,-0.961703,2696.92,2636.49,2269,2208.57
21.46,-102.348,-307.126,-2.2342,24.8898,-0.378536,-0.382176,-0.969652,2690.35,2642.75,2262.65,2215.05
21.47,-102.505,-307.319,-2.23804,24.8886,-0.383182,-0.386839,-0.981435,2717.58,2615.19,2290.12,2187.73
21.48,-102.662,-307.512,-2.24194,24.8873,-0.388989,-0.392874,-0.996694,2704.12,2628.28,2276.93,2201.09
21.49,-102.82,-307.704,-2.24589,24.8861,-0.393369,-0.397067,-1.00728,2695.1,2636.95,2268.16,2210.01
21.5,-102.979,-307.896,-2.24988,24.885,-0.396789,-0.400113,-1.01496,2688.95,2642.77,2262.24,2216.06
21.51,-103.139,-308.086,-2.2539,24.8837,-0.401212,-0.404534,-1.02613,2713.81,2617.58,2287.35,2191.11
21.52,-103.3,-308.276,-2.25798,24.8824,-0.406691,-0.410206,-1.04046,2701.41,2629.6,2275.21,2203.41
21.53,-103.461,-308.466,-2.26211,24.8812,-0.410855,-0.414184,-1.0505,2693.09,2637.57,2267.15,2211.63
21.54,-103.623,-308.655,-2.26626,24.88,-0.414138,-0.41711,-1.05787,2687.42,2642.91,2261.71,2217.21
21.55,-103.786,-308.843,-2.27045,24.8788,-0.418322,-0.421276,-1.06838,2709.92,2620.06,2284.46,2194.61
21.56,-103.95,-309.03,-2.2747,24.8774,-0.423459,-0.426572,-1.08176,2698.59,2631,2273.42,2205.82
21.57,-104.115,-309.216,-2.27898,24.8762,-0.427398,-0.430328,-1.09123,2691,2638.24,2266.08,2213.32
21.58,-104.28,-309.402,-2.2833,24.875,-0.430534,-0.433127,-1.09827,2685.81,2643.09,2261.13,2218.41
21.59,-104.447,-309.587,-2.28765,24.8738,-0.434473,-0.437033,-1.10812,2705.97,2622.59,2281.54,2198.16
21.6,-104.614,-309.771,-2.29205,24.8724,-0.439262,-0.441951,-1.12053,2695.74,2632.43,2271.59,2208.28
21.61,-104.782,-309.955,-2.29649,24.8712,-0.442972,-0.445482,-1.12942,2688.87,2638.94,2264.98,2215.05
21.62,-104.951,-310.137,-2.30096,24.87,-0.445957,-0.448151,-1.13614,2684.17,2643.3,2260.52,2219.65
21.63,-105.12,-310.319,-2.30546,24.8687,-0.449648,-0.451797,-1.14532,2702.02,2625.11,2278.62,2201.71
21.64,-105.291,-310.5,-2.31,24.8674,-0.454089,-0.456338,-1.15677,2692.87,2633.87,2269.75,2210.75
21.65,-105.462,-310.681,-2.31458,24.8661,-0.457567,-0.459642,-1.16509,2686.72,2639.66,2263.86,2216.8
21.66,-105.635,-310.86,-2.31919,24.8649,-0.460399,-0.46218,-1.17147,2682.51,2643.53,2259.9,2220.91
21.67,-105.808,-311.039,-2.32383,24.8637,-0.463842,-0.465568,-1.17999,2698.09,2627.6,2275.72,2205.24
21.68,-105.981,-311.216,-2.32851,24.8624,-0.467937,-0.469735,-1.19049,2690.01,2635.3,2267.92,2213.21
21.69,-106.156,-311.393,-2.33323,24.8611,-0.471184,-0.472815,-1.19824,2684.58,2640.38,2262.74,2218.54
21.7,-106.332,-311.569,-2.33797,24.8599,-0.473861,-0.475222,-1.20428,2680.85,2643.76,2259.26,2222.17
21.71,-106.508,-311.745,-2.34273,24.8587,-0.477059,-0.478355,-1.21216,2694.21,2630.06,2272.87,2208.71
21.72,-106.685,-311.919,-2.34754,24.8574,-0.480812,-0.482154,-1.22172,2687.19,2636.71,2266.11,2215.64
21.73,-106.864,-312.092,-2.35238,24.8562,-0.483831,-0.485013,-1.22891,2682.45,2641.09,2261.63,2220.27
21.74,-107.043,-312.265,-2.35724,24.855,-0.486355,-0.48729,-1.23462,2679.2,2644.01,2258.62,2223.43
21.75,-107.222,-312.436,-2.36213,24.8538,-0.489311,-0.490173,-1.24186,2690.42,2632.45,2270.08,2212.12
21.76,-107.403,-312.607,-2.36705,24.8525,-0.49273,-0.493614,-1.25051,2684.41,2638.09,2264.34,2218.02
21.77,-107.585,-312.777,-2.372,24.8513,-0.495524,-0.496257,-1.25715,2680.36,2641.8,2260.54,2221.98
21.78,-107.767,-312.946,-2.37697,24.8501,-0.497898,-0.498406,-1.26253,2677.58,2644.26,2257.99,2224.67
21.79,-107.95,-313.114,-2.38197,24.8489,-0.500617,-0.501046,-1.26916,2686.72,2634.77,2267.38,2215.43
21.8,-108.134,-313.281,-2.387,24.8477,-0.503711,-0.504139,-1.27693,2681.71,2639.44,2262.62,2220.34
21.81,-108.319,-313.447,-2.39205,24.8465,-0.506285,-0.506571,-1.28303,2678.32,2642.49,2259.47,2223.64
21.82,-108.505,-313.612,-2.39713,24.8454,-0.50851,-0.508595,-1.2881,2675.98,2644.51,2257.36,2225.89
21.83,-108.692,-313.776,-2.40223,24.8442,-0.511,-0.511,-1.29413,2683.15,2637.01,2264.76,2218.63
21.84,-108.879,-313.939,-2.40735,24.843,-0.513779,-0.513757,-1.30105,2679.08,2640.74,2260.95,2222.6
21.85,-109.068,-314.101,-2.4125,24.8419,-0.51614,-0.515986,-1.30663,2676.33,2643.17,2258.43,2225.26
21.86,-109.257,-314.262,-2.41767,24.8408,-0.518221,-0.517889,-1.31139,2674.43,2644.76,2256.75,2227.08
21.87,-109.447,-314.422,-2.42286,24.8397,-0.5204,-0.519957,-1.31657,2679.99,2638.88,2262.54,2221.42
21.88,-109.638,-314.581,-2.42808,24.8385,-0.522907,-0.522436,-1.32279,2676.74,2641.8,2259.52,2224.58
21.89,-109.829,-314.739,-2.43331,24.8374,-0.525082,-0.524496,-1.32794,2674.54,2643.69,2257.54,2226.7
21.9,-110.022,-314.896,-2.43857,24.8364,-0.527037,-0.526299,-1.33245,2673.01,2644.92,2256.23,2228.15
21.91,-110.215,-315.052,-2.44384,24.8353,-0.529039,-0.528195,-1.33719,2676.66,2640.96,2260.1,2224.41
21.92,-110.409,-315.207,-2.44914,24.8342,-0.531252,-0.530359,-1.34261,2674.29,2643.02,2257.96,2226.69
21.93,-110.604,-315.361,-2.45445,24.8332,-0.533228,-0.532227,-1.34729,2672.68,2644.33,2256.56,2228.22
21.94,-110.8,-315.514,-2.45978,24.8321,-0.535046,-0.533915,-1.3515,2671.55,2645.17,2255.65,2229.27
21.95,-110.997,-315.666,-2.46513,24.8311,-0.53687,-0.535634,-1.3558,2673.42,2643,2257.73,2227.31
21.96,-111.194,-315.816,-2.4705,24.8301,-0.538796,-0.537492,-1.36044,2671.91,2644.22,2256.43,2228.74
21.97,-111.392,-315.966,-2.47588,24.8291,-0.540577,-0.539173,-1.36464,2670.87,2644.97,2255.6,2229.7
21.98,-111.591,-316.114,-2.48128,24.8281,-0.542261,-0.540747,-1.36857,2670.13,2645.43,2255.06,2230.36
21.99,-111.791,-316.262,-2.4867,24.8271,-0.543912,-0.542298,-1.37244,2670.34,2644.95,2255.47,2230.07
22,-111.992,-316.408,-2.49213,24.8261,-0.545566,-0.543864,-1.37635,2669.64,2645.37,2254.97,2230.69
22.01,-112.193,-316.553,-2.49758,24.8252,-0.54716,-0.545367,-1.3801,2669.15,2645.59,2254.67,2231.11
22.02,-112.396,-316.697,-2.50304,24.8242,-0.548715,-0.546833,-1.38376,2668.78,2645.69,2254.49,2231.41
22.03,-112.599,-316.84,-2.50851,24.8233,-0.550216,-0.548242,-1.38727,2667.38,2646.83,2253.28,2232.73
22.04,-112.802,-316.982,-2.514,24.8224,-0.551606,-0.549526,-1.39047,2667.46,2646.48,2253.55,2232.57
22.05,-113.007,-317.123,-2.51951,24.8215,-0.55302,-0.550856,-1.39379,2667.49,2646.2,2253.76,2232.48
22.06,-113.212,-317.262,-2.52502,24.8206,-0.554452,-0.552218,-1.39718,2667.48,2645.96,2253.94,2232.42
22.07,-113.419,-317.401,-2.53055,24.8197,-0.555818,-0.553502,-1.40038,2664.55,2648.63,2251.19,2235.27
22.08,-113.625,-317.538,-2.53609,24.8189,-0.556956,-0.554517,-1.4029,2665.39,2647.56,2252.2,2234.37
22.09,-113.833,-317.674,-2.54164,24.818,-0.558197,-0.555681,-1.4058,2665.91,2646.8,2252.89,2233.78
22.1,-114.042,-317.809,-2.54721,24.8172,-0.559509,-0.556941,-1.40894,2666.24,2646.23,2253.39,2233.39
22.11,-114.251,-317.942,-2.55278,24.8164,-0.560808,-0.558184,-1.41204,2661.71,2650.52,2249.04,2237.85
22.12,-114.461,-318.075,-2.55837,24.8156,-0.561689,-0.558916,-1.41385,2663.31,2648.7,2250.79,2236.19
22.13,-114.671,-318.206,-2.56396,24.8148,-0.562753,-0.559906,-1.41631,2664.34,2647.45,2251.99,2235.1
22.14,-114.883,-318.336,-2.56957,24.814,-0.563943,-0.561059,-1.41918,2665.01,2646.55,2252.82,2234.36
22.15,-115.095,-318.465,-2.57519,24.8132,-0.565135,-0.56221,-1.42204,2659.14,2652.2,2247.11,2240.17
22.16,-115.307,-318.593,-2.58081,24.8125,-0.565785,-0.562693,-1.42322,2661.41,2649.72,2249.53,2237.84
22.17,-115.521,-318.72,-2.58644,24.8118,-0.56669,-0.563529,-1.4253,2662.9,2648.03,2251.17,2236.29
22.18,-115.735,-318.845,-2.59208,24.811,-0.567769,-0.564588,-1.42793,2663.89,2646.83,2252.3,2235.25
22.19,-115.95,-318.969,-2.59773,24.8103,-0.568864,-0.565656,-1.43059,2656.77,2653.74,2245.34,2242.31
22.2,-116.166,-319.092,-2.60339,24.8097,-0.5693,-0.565911,-1.4312,2659.67,2650.66,2248.37,2239.36
22.21,-116.382,-319.213,-2.60905,24.809,-0.570058,-0.566605,-1.43292,2661.58,2648.56,2250.41,2237.4
22.22,-116.599,-319.334,-2.61473,24.8083,-0.571034,-0.567577,-1.43533,2662.84,2647.1,2251.82,2236.07
22.23,-116.817,-319.453,-2.62041,24.8076,-0.57216,-0.568724,-1.43819,2663.7,2646.04,2252.82,2235.16
22.24,-117.035,-319.571,-2.62609,24.807,-0.572357,-0.568707,-1.43812,2657.8,2651.78,2247.04,2241.01
22.25,-117.254,-319.687,-2.63178,24.8064,-0.572952,-0.569234,-1.43941,2660.18,2649.23,2249.54,2238.59
22.26,-117.474,-319.803,-2.63748,24.8058,-0.573814,-0.570101,-1.44157,2661.77,2647.46,2251.26,2236.95
22.27,-117.694,-319.917,-2.64319,24.8051,-0.574861,-0.571184,-1.44427,2662.84,2646.2,2252.46,2235.83
22.28,-117.915,-320.03,-2.6489,24.8046,-0.574864,-0.570958,-1.44367,2656.24,2652.65,2245.97,2242.39
22.29,-118.137,-320.141,-2.65461,24.8041,-0.575324,-0.571354,-1.44464,2659,2649.74,2248.84,2239.59
22.3,-118.359,-320.252,-2.66033,24.8035,-0.576092,-0.57214,-1.44659,2660.84,2647.74,2250.8,2237.7
22.31,-118.582,-320.361,-2.66605,24.8029,-0.577071,-0.573174,-1.44917,2662.09,2646.31,2252.18,2236.4
22.32,-118.805,-320.468,-2.67178,24.8024,-0.577006,-0.572887,-1.44842,2654.5,2653.77,2244.68,2243.95
22.33,-119.029,-320.575,-2.67751,24.8019,-0.57731,-0.573117,-1.44897,2657.71,2650.42,2247.99,2240.71
22.34,-119.254,-320.68,-2.68325,24.8014,-0.57797,-0.5738,-1.45067,2659.85,2648.13,2250.24,2238.52
22.35,-119.479,-320.784,-2.68899,24.8009,-0.578872,-0.574769,-1.45308,2661.31,2646.51,2251.81,2237.02
22.36,-119.705,-320.886,-2.69474,24.8005,-0.57865,-0.574315,-1.45191,2653.14,2654.57,2243.73,2245.16
22.37,-119.932,-320.987,-2.70048,24.8,-0.578835,-0.57443,-1.45218,2656.68,2650.91,2247.35,2241.58
22.38,-120.159,-321.087,-2.70623,24.7995,-0.57941,-0.57504,-1.45369,2659.05,2648.4,2249.82,2239.17
22.39,-120.387,-321.186,-2.71198,24.799,-0.580252,-0.575964,-1.456,2660.66,2646.64,2251.54,2237.52
22.4,-120.615,-321.283,-2.71774,24.7987,-0.580021,-0.575519,-1.45485,2651.53,2655.66,2242.49,2246.62
22.41,-120.843,-321.379,-2.7235,24.7983,-0.580058,-0.575472,-1.45471,2655.5,2651.59,2246.53,2242.62
22.42,-121.073,-321.474,-2.72925,24.7979,-0.580531,-0.575982,-1.45598,2658.16,2648.81,2249.28,2239.93
22.43,-121.303,-321.567,-2.73502,24.7974,-0.581301,-0.576842,-1.45812,2659.96,2646.87,2251.18,2238.09
22.44,-121.533,-321.659,-2.74078,24.7971,-0.580944,-0.576266,-1.45665,2650.37,2656.37,2241.65,2247.65
22.45,-121.764,-321.75,-2.74654,24.7967,-0.580878,-0.576118,-1.45626,2654.62,2652.03,2245.97,2243.38
22.46,-121.995,-321.839,-2.75231,24.7964,-0.581277,-0.576565,-1.45736,2657.47,2649.07,2248.9,2240.5
22.47,-122.227,-321.927,-2.75808,24.7959,-0.581994,-0.577384,-1.45941,2659.42,2647.01,2250.93,2238.52
22.48,-122.459,-322.014,-2.76385,24.7957,-0.58168,-0.576879,-1.45811,2648.9,2657.44,2240.48,2249.01
22.49,-122.692,-322.099,-2.76962,24.7954,-0.581476,-0.576576,-1.45733,2653.56,2652.71,2245.19,2244.33
22.5,-122.926,-322.183,-2.77538,24.7951,-0.581779,-0.576924,-1.45819,2656.68,2649.49,2248.37,2241.19
22.51,-123.16,-322.266,-2.78116,24.7947,-0.582428,-0.577682,-1.46008,2658.8,2647.26,2250.57,2239.03
22.52,-123.394,-322.347,-2.78693,24.7944,-0.582176,-0.57727,-1.45903,2647.4,2658.58,2239.23,2250.41
22.53,-123.629,-322.427,-2.7927,24.7942,-0.581828,-0.576801,-1.45783,2652.48,2653.44,2244.35,2245.32
22.54,-123.864,-322.505,-2.79847,24.7939,-0.582031,-0.577045,-1.45843,2655.88,2649.96,2247.81,2241.9
22.55,-124.1,-322.583,-2.80425,24.7936,-0.582609,-0.577737,-1.46016,2658.19,2647.56,2250.19,2239.56
22.56,-124.336,-322.658,-2.81002,24.7934,-0.582268,-0.577235,-1.45888,2646.49,2659.19,2238.54,2251.23
22.57,-124.572,-322.733,-2.81579,24.7932,-0.581835,-0.576683,-1.45747,2651.8,2653.84,2243.88,2245.92
22.58,-124.809,-322.806,-2.82156,24.7929,-0.581978,-0.576875,-1.45794,2655.35,2650.21,2247.48,2242.35
22.59,-125.047,-322.878,-2.82733,24.7926,-0.582511,-0.577532,-1.45959,2657.77,2647.71,2249.96,2239.9
22.6,-125.284,-322.948,-2.83311,24.7924,-0.582285,-0.577188,-1.4587,2645.19,2660.22,2237.43,2252.46
22.61,-125.523,-323.017,-2.83888,24.7923,-0.581724,-0.576485,-1.45692,2650.87,2654.51,2243.13,2246.77
22.62,-125.761,-323.085,-2.84464,24.7921,-0.581779,-0.576581,-1.45715,2654.67,2650.65,2246.97,2242.96
22.63,-126,-323.151,-2.85041,24.7918,-0.582251,-0.577178,-1.45865,2657.25,2648,2249.61,2240.35
22.64,-126.24,-323.216,-2.85618,24.7917,-0.581956,-0.576766,-1.45759,2644.47,2660.73,2236.87,2253.12
22.65,-126.479,-323.279,-2.86194,24.7916,-0.581328,-0.575996,-1.45564,2650.33,2654.84,2242.74,2247.25
22.66,-126.719,-323.341,-2.8677,24.7914,-0.581333,-0.57605,-1.45577,2654.25,2650.87,2246.7,2243.32
22.67,-126.96,-323.402,-2.87347,24.7912,-0.581769,-0.576619,-1.45719,2656.93,2648.14,2249.42,2240.63
22.68,-127.201,-323.461,-2.87924,24.791,-0.581623,-0.576405,-1.45664,2643.3,2661.72,2235.83,2254.24
22.69,-127.442,-323.519,-2.88499,24.791,-0.580877,-0.575491,-1.45433,2649.51,2655.49,2242.05,2248.03
22.7,-127.683,-323.576,-2.89075,24.7908,-0.580802,-0.575453,-1.45423,2653.66,2651.3,2246.22,2243.87
22.71,-127.925,-323.631,-2.8965,24.7906,-0.58118,-0.575964,-1.45551,2656.48,2648.43,2249.08,2241.03
22.72,-128.167,-323.685,-2.90227,24.7905,-0.581189,-0.575955,-1.45548,2642.06,2662.8,2234.7,2255.44
22.73,-128.409,-323.737,-2.90802,24.7905,-0.580316,-0.574884,-1.45277,2648.65,2656.21,2241.28,2248.85
22.74,-128.652,-323.788,-2.91377,24.7904,-0.580154,-0.574747,-1.45241,2653.04,2651.79,2245.7,2244.45
22.75,-128.895,-323.837,-2.91952,24.7902,-0.580471,-0.575194,-1.45354,2656.03,2648.76,2248.72,2241.45
22.76,-129.138,-323.886,-2.92527,24.7901,-0.580428,-0.575136,-1.45338,2641.54,2663.21,2234.26,2255.92
22.77,-129.382,-323.932,-2.93102,24.7901,-0.579505,-0.574014,-1.45055,2648.26,2656.49,2240.98,2249.2
22.78,-129.626,-323.978,-2.93675,24.79,-0.579305,-0.573844,-1.45011,2652.75,2651.99,2245.48,2244.71
22.79,-129.87,-324.022,-2.94249,24.7899,-0.579594,-0.57427,-1.45118,2655.8,2648.9,2248.55,2241.65
22.8,-130.114,-324.064,-2.94824,24.7898,-0.579746,-0.574468,-1.45167,2640.5,2664.16,2233.28,2256.94
22.81,-130.358,-324.105,-2.95398,24.7898,-0.578714,-0.573206,-1.44849,2647.55,2657.13,2240.32,2249.9
22.82,-130.603,-324.145,-2.95971,24.7898,-0.57844,-0.572948,-1.44784,2652.25,2652.42,2245.03,2245.19
22.83,-130.848,-324.184,-2.96544,24.7897,-0.578678,-0.573318,-1.44876,2655.44,2649.2,2248.24,2242
22.84,-131.093,-324.221,-2.97117,24.7896,-0.579022,-0.573771,-1.4499,2639.38,2665.22,2232.21,2258.05
22.85,-131.339,-324.256,-2.9769,24.7896,-0.577873,-0.572355,-1.44633,2646.79,2657.84,2239.59,2250.65
22.86,-131.584,-324.29,-2.98262,24.7896,-0.577518,-0.572,-1.44543,2651.72,2652.9,2244.53,2245.71
22.87,-131.83,-324.323,-2.98835,24.7895,-0.577699,-0.572308,-1.4462,2655.06,2649.54,2247.88,2242.37
22.88,-132.076,-324.354,-2.99407,24.7894,-0.578248,-0.573033,-1.44803,2657.36,2647.2,2250.21,2240.05
22.89,-132.322,-324.384,-2.99979,24.7895,-0.576978,-0.571459,-1.44406,2646.02,2658.57,2238.85,2251.4
22.9,-132.569,-324.413,-3.0055,24.7895,-0.576542,-0.571004,-1.44291,2651.19,2653.41,2244.02,2246.23
22.91,-132.815,-324.44,-3.01122,24.7895,-0.576666,-0.571248,-1.44352,2654.69,2649.9,2247.52,2242.73
22.92,-133.062,-324.466,-3.01693,24.7894,-0.577173,-0.571931,-1.44524,2657.09,2647.46,2249.95,2240.32
22.93,-133.308,-324.49,-3.02264,24.7895,-0.575872,-0.570329,-1.4412,2645.82,2658.77,2238.65,2251.61
22.94,-133.555,-324.513,-3.02834,24.7895,-0.575413,-0.569855,-1.44,2651.04,2653.56,2243.86,2246.39
22.95,-133.802,-324.535,-3.03404,24.7895,-0.575519,-0.570085,-1.44058,2654.57,2650.02,2247.4,2242.85
22.96,-134.05,-324.555,-3.03974,24.7894,-0.576012,-0.570758,-1.44228,2657,2647.56,2249.85,2240.41
22.97,-134.297,-324.573,-3.04544,24.7895,-0.574869,-0.569348,-1.43873,2645.21,2659.39,2238.04,2252.22
22.98,-134.544,-324.591,-3.05113,24.7896,-0.574342,-0.568788,-1.43731,2650.63,2653.99,2243.44,2246.8
22.99,-134.792,-324.607,-3.05682,24.7896,-0.574402,-0.568964,-1.43776,2654.29,2650.32,2247.1,2243.14
23,-135.039,-324.621,-3.06252,24.7895,-0.574863,-0.569602,-1.43936,2656.8,2647.79,2249.63,2240.62
23.01,-135.287,-324.634,-3.06821,24.7896,-0.573875,-0.568384,-1.43629,2644.53,2660.09,2237.34,2252.9
23.02,-135.534,-324.646,-3.07389,24.7897,-0.573274,-0.567727,-1.43464,2650.17,2654.47,2242.97,2247.27
23.03,-135.782,-324.656,-3.07956,24.7897,-0.573282,-0.56784,-1.43492,2653.97,2650.67,2246.77,2243.46
23.04,-136.03,-324.665,-3.08524,24.7897,-0.573706,-0.568438,-1.43643,2656.59,2648.05,2249.39,2240.85
23.05,-136.278,-324.673,-3.09092,24.7898,-0.572699,-0.567203,-1.43332,2644.44,2660.22,2237.22,2253
23.06,-136.526,-324.679,-3.09659,24.7899,-0.572085,-0.566536,-1.43164,2650.1,2654.59,2242.86,2247.35
23.07,-136.774,-324.683,-3.10226,24.7899,-0.572082,-0.566641,-1.4319,2653.93,2650.77,2246.68,2243.53
23.08,-137.022,-324.687,-3.10793,24.7899,-0.572496,-0.567233,-1.4334,2656.55,2648.14,2249.31,2240.9
23.09,-137.27,-324.688,-3.11359,24.79,-0.571672,-0.566222,-1.43085,2643.9,2660.82,2236.64,2253.56
23.1,-137.518,-324.689,-3.11925,24.7901,-0.570996,-0.56547,-1.42896,2649.75,2655,2242.47,2247.72
23.11,-137.765,-324.688,-3.12491,24.7901,-0.57095,-0.565522,-1.42909,2653.69,2651.07,2246.4,2243.78
23.12,-138.013,-324.686,-3.13056,24.7901,-0.571335,-0.566079,-1.43049,2656.39,2648.36,2249.11,2241.08
23.13,-138.261,-324.682,-3.13622,24.7902,-0.570687,-0.565286,-1.4285,2643.27,2661.51,2235.96,2254.21
23.14,-138.509,-324.677,-3.14187,24.7903,-0.569939,-0.564438,-1.42636,2649.33,2655.48,2242.01,2248.15
23.15,-138.757,-324.67,-3.14751,24.7904,-0.569846,-0.564429,-1.42634,2653.41,2651.41,2246.08,2244.07
23.16,-139.005,-324.662,-3.15316,24.7903,-0.570196,-0.564945,-1.42764,2656.21,2648.62,2248.87,2241.28
23.17,-139.253,-324.653,-3.15881,24.7904,-0.569729,-0.564379,-1.42622,2642.61,2662.23,2235.26,2254.88
23.18,-139.501,-324.642,-3.16445,24.7906,-0.568907,-0.56343,-1.42383,2648.91,2655.98,2241.53,2248.6
23.19,-139.748,-324.63,-3.17008,24.7906,-0.568762,-0.563357,-1.42365,2653.13,2651.77,2245.74,2244.38
23.2,-139.996,-324.616,-3.17572,24.7906,-0.569077,-0.563833,-1.42485,2656.02,2648.89,2248.63,2241.49
23.21,-140.243,-324.602,-3.18136,24.7907,-0.568594,-0.563252,-1.42339,2642.62,2662.31,2235.21,2254.9
23.22,-140.491,-324.585,-3.18698,24.7909,-0.567768,-0.562301,-1.42099,2648.92,2656.06,2241.47,2248.61
23.23,-140.738,-324.568,-3.1926,24.7909,-0.567618,-0.562226,-1.42081,2653.14,2651.85,2245.68,2244.39
23.24,-140.985,-324.548,-3.19823,24.7909,-0.567929,-0.562699,-1.422,2656.03,2648.96,2248.57,2241.51
23.25,-141.232,-324.528,-3.20386,24.791,-0.567652,-0.562376,-1.42119,2642.11,2662.9,2234.64,2255.43
23.26,-141.479,-324.506,-3.20947,24.7912,-0.566766,-0.56134,-1.41858,2648.59,2656.47,2241.09,2248.96
23.27,-141.726,-324.483,-3.21509,24.7913,-0.566577,-0.56121,-1.41826,2652.94,2652.15,2245.41,2244.63
23.28,-141.973,-324.458,-3.2207,24.7913,-0.566859,-0.561648,-1.41936,2655.9,2649.19,2248.37,2241.66
23.29,-142.22,-324.432,-3.22632,24.7913,-0.56678,-0.561573,-1.41918,2641.49,2663.6,2233.96,2256.07
23.3,-142.466,-324.405,-3.23193,24.7915,-0.565823,-0.560436,-1.41632,2648.2,2656.95,2240.63,2249.38
23.31,-142.713,-324.376,-3.23753,24.7916,-0.565586,-0.560243,-1.41583,2652.68,2652.49,2245.09,2244.9
23.32,-142.959,-324.346,-3.24314,24.7916,-0.565836,-0.56064,-1.41684,2655.74,2649.44,2248.14,2241.85
23.33,-143.205,-324.315,-3.24874,24.7916,-0.565956,-0.56082,-1.41729,2640.84,2664.34,2233.25,2256.75
23.34,-143.45,-324.282,-3.25435,24.7918,-0.564925,-0.559577,-1.41416,2647.78,2657.46,2240.15,2249.82
23.35,-143.696,-324.247,-3.25994,24.7919,-0.564638,-0.559317,-1.41351,2652.42,2652.85,2244.76,2245.2
23.36,-143.941,-324.212,-3.26553,24.792,-0.564853,-0.559671,-1.41441,2655.57,2649.71,2247.9,2242.05
23.37,-144.187,-324.175,-3.27113,24.792,-0.564954,-0.559829,-1.41481,2640.91,2664.37,2233.25,2256.7
23.38,-144.432,-324.136,-3.27672,24.7922,-0.563924,-0.558591,-1.41169,2647.83,2657.5,2240.13,2249.8
23.39,-144.676,-324.097,-3.28231,24.7923,-0.563637,-0.558333,-1.41105,2652.46,2652.91,2244.73,2245.18
23.4,-144.921,-324.056,-3.28789,24.7923,-0.56385,-0.558688,-1.41194,2655.6,2649.78,2247.87,2242.04
23.41,-145.165,-324.013,-3.29348,24.7923,-0.564176,-0.559132,-1.41307,2640.39,2664.98,2232.66,2257.25
23.42,-145.409,-323.969,-3.29907,24.7925,-0.563086,-0.557803,-1.40972,2647.51,2657.92,2239.74,2250.15
23.43,-145.653,-323.924,-3.30464,24.7926,-0.562758,-0.557488,-1.40893,2652.26,2653.21,2244.46,2245.41
23.44,-145.897,-323.877,-3.31022,24.7927,-0.562945,-0.557806,-1.40974,2655.48,2650,2247.67,2242.19
23.45,-146.14,-323.83,-3.3158,24.7926,-0.563484,-0.558524,-1.41155,2657.71,2647.77,2249.9,2239.96
23.46,-146.383,-323.78,-3.32138,24.7929,-0.56232,-0.557086,-1.40793,2647.11,2658.42,2239.26,2250.58
23.47,-146.626,-323.73,-3.32694,24.793,-0.561944,-0.556703,-1.40696,2652,2653.56,2244.13,2245.69
23.48,-146.868,-323.678,-3.33251,24.793,-0.562097,-0.556978,-1.40766,2655.32,2650.26,2247.44,2242.38
23.49,-147.111,-323.624,-3.33809,24.793,-0.562613,-0.557668,-1.4094,2657.61,2647.97,2249.73,2240.09
23.5,-147.353,-323.57,-3.34366,24.7932,-0.561609,-0.556422,-1.40627,2646.67,2658.95,2238.76,2251.04
23.51,-147.594,-323.514,-3.34922,24.7933,-0.561181,-0.555967,-1.40512,2651.73,2653.93,2243.79,2246
23.52,-147.835,-323.456,-3.35478,24.7933,-0.561298,-0.556197,-1.40571,2655.15,2650.53,2247.2,2242.58
23.53,-148.076,-323.398,-3.36034,24.7933,-0.561789,-0.556857,-1.40737,2657.5,2648.17,2249.55,2240.22
23.54,-148.317,-323.338,-3.3659,24.7935,-0.560788,-0.555616,-1.40425,2646.74,2658.98,2238.76,2251
23.55,-148.557,-323.276,-3.37146,24.7936,-0.560361,-0.555166,-1.40312,2651.78,2653.97,2243.78,2245.96
23.56,-148.797,-323.214,-3.37701,24.7937,-0.560479,-0.555397,-1.4037,2655.19,2650.58,2247.17,2242.56
23.57,-149.037,-323.15,-3.38257,24.7937,-0.56097,-0.556057,-1.40537,2657.54,2648.23,2249.52,2240.21
23.58,-149.276,-323.084,-3.38812,24.7939,-0.560145,-0.55503,-1.40279,2646.4,2659.42,2238.35,2251.37
23.59,-149.515,-323.018,-3.39367,24.794,-0.559676,-0.554517,-1.4015,2651.57,2654.28,2243.49,2246.21
23.6,-149.753,-322.95,-3.39922,24.794,-0.559766,-0.554709,-1.40198,2655.06,2650.8,2246.98,2242.72
23.61,-149.992,-322.88,-3.40477,24.794,-0.560237,-0.555343,-1.40359,2657.47,2648.4,2249.38,2240.31
23.62,-150.229,-322.81,-3.41032,24.7942,-0.55958,-0.554519,-1.40151,2645.95,2659.95,2237.84,2251.84
23.63,-150.467,-322.738,-3.41586,24.7943,-0.559059,-0.553931,-1.40003,2651.29,2654.65,2243.15,2246.51
23.64,-150.704,-322.665,-3.4214,24.7943,-0.559113,-0.554076,-1.4004,2654.89,2651.07,2246.74,2242.92
23.65,-150.94,-322.59,-3.42694,24.7943,-0.55956,-0.554681,-1.40193,2657.36,2648.6,2249.2,2240.45
23.66,-151.176,-322.514,-3.43249,24.7945,-0.558901,-0.553856,-1.39985,2646.03,2659.96,2237.85,2251.79
23.67,-151.412,-322.437,-3.43802,24.7946,-0.558383,-0.553273,-1.39839,2651.35,2654.68,2243.15,2246.47
23.68,-151.647,-322.358,-3.44355,24.7947,-0.558438,-0.55342,-1.39876,2654.94,2651.11,2246.72,2242.89
23.69,-151.882,-322.279,-3.44909,24.7947,-0.558885,-0.554025,-1.40029,2657.4,2648.65,2249.18,2240.43
23.7,-152.116,-322.198,-3.45463,24.7948,-0.558409,-0.553423,-1.39878,2645.65,2660.43,2237.41,2252.19
23.71,-152.35,-322.115,-3.46016,24.7949,-0.557846,-0.552773,-1.39714,2651.12,2655,2242.85,2246.73
23.72,-152.584,-322.031,-3.46569,24.795,-0.557872,-0.552878,-1.39741,2654.8,2651.34,2246.52,2243.06
23.73,-152.817,-321.947,-3.47122,24.795,-0.558298,-0.553456,-1.39887,2657.32,2648.82,2249.04,2240.54
23.74,-153.049,-321.86,-3.47675,24.7951,-0.557995,-0.553067,-1.39789,2645.16,2660.99,2236.87,2252.7
23.75,-153.281,-321.773,-3.48228,24.7952,-0.557376,-0.552336,-1.39605,2650.81,2655.39,2242.49,2247.06
23.76,-153.513,-321.684,-3.4878,24.7953,-0.557365,-0.552389,-1.39619,2654.6,2651.61,2246.26,2243.27
23.77,-153.744,-321.594,-3.49333,24.7953,-0.557766,-0.552935,-1.39757,2657.2,2649.02,2248.86,2240.68
23.78,-153.975,-321.502,-3.49886,24.7953,-0.557636,-0.552763,-1.39714,2644.63,2661.59,2236.29,2253.25
23.79,-154.205,-321.41,-3.50438,24.7955,-0.556956,-0.551945,-1.39508,2650.47,2655.8,2242.09,2247.42
23.8,-154.434,-321.316,-3.5099,24.7955,-0.556904,-0.551945,-1.39508,2654.39,2651.9,2245.99,2243.51
23.81,-154.663,-321.221,-3.51542,24.7955,-0.557277,-0.552457,-1.39638,2657.06,2649.23,2248.66,2240.84
23.82,-154.892,-321.124,-3.52095,24.7956,-0.557137,-0.552272,-1.39591,2644.69,2661.62,2236.29,2253.21
23.83,-155.12,-321.027,-3.52647,24.7957,-0.556458,-0.551458,-1.39386,2650.52,2655.83,2242.08,2247.4
23.84,-155.347,-320.928,-3.53198,24.7958,-0.556407,-0.55146,-1.39387,2654.43,2651.94,2245.98,2243.49
23.85,-155.574,-320.828,-3.5375,24.7958,-0.55678,-0.551972,-1.39517,2657.09,2649.28,2248.64,2240.83
23.86,-155.8,-320.726,-3.54302,24.7958,-0.556832,-0.552029,-1.39531,2644.24,2662.13,2235.79,2253.68
23.87,-156.026,-320.623,-3.54854,24.796,-0.556102,-0.551138,-1.39307,2650.24,2656.18,2241.75,2247.7
23.88,-156.251,-320.519,-3.55405,24.796,-0.556017,-0.551092,-1.39296,2654.25,2652.19,2245.75,2243.69
23.89,-156.476,-320.414,-3.55956,24.796,-0.556367,-0.551573,-1.39417,2656.98,2649.46,2248.48,2240.96
23.9,-156.7,-320.308,-3.56508,24.7961,-0.556602,-0.551861,-1.3949,2643.68,2662.76,2235.18,2254.26
23.91,-156.923,-320.2,-3.57059,24.7962,-0.555809,-0.550878,-1.39242,2649.88,2656.6,2241.35,2248.07
23.92,-157.146,-320.091,-3.5761,24.7963,-0.555681,-0.550773,-1.39216,2654.02,2652.48,2245.48,2243.94
23.93,-157.368,-319.981,-3.58161,24.7963,-0.556002,-0.551218,-1.39329,2656.84,2649.67,2248.29,2241.12
23.94,-157.59,-319.87,-3.58713,24.7963,-0.556423,-0.551742,-1.39461,2643.06,2663.44,2234.52,2254.9
23.95,-157.811,-319.757,-3.59264,24.7964,-0.55556,-0.550659,-1.39188,2649.48,2657.06,2240.91,2248.49
23.96,-158.032,-319.644,-3.59814,24.7965,-0.555386,-0.550492,-1.39146,2653.76,2652.8,2245.18,2244.21
23.97,-158.251,-319.529,-3.60365,24.7965,-0.555677,-0.550898,-1.39249,2656.67,2649.89,2248.08,2241.3
23.98,-158.47,-319.412,-3.60916,24.7965,-0.556077,-0.551399,-1.39376,2643.09,2663.47,2234.5,2254.89
23.99,-158.689,-319.295,-3.61467,24.7966,-0.555214,-0.550318,-1.39103,2649.5,2657.1,2240.89,2248.48
24,-158.907,-319.177,-3.62017,24.7967,-0.555039,-0.550152,-1.39062,2653.79,2652.84,2245.15,2244.21
24.01,-159.124,-319.057,-3.62567,24.7967,-0.555328,-0.550558,-1.39164,2656.69,2649.93,2248.06,2241.3
24.02,-159.34,-318.936,-3.63118,24.7966,-0.555936,-0.551325,-1.39358,2658.7,2647.91,2250.08,2239.29
24.03,-159.556,-318.814,-3.63669,24.7968,-0.555013,-0.550154,-1.39063,2649.16,2657.49,2240.51,2248.83
24.04,-159.772,-318.69,-3.64219,24.7969,-0.554799,-0.549932,-1.39007,2653.57,2653.1,2244.9,2244.44
24.05,-159.986,-318.566,-3.64769,24.7969,-0.555062,-0.550303,-1.39101,2656.56,2650.12,2247.88,2241.45
24.06,-160.2,-318.44,-3.6532,24.7968,-0.555652,-0.551047,-1.39289,2658.62,2648.05,2249.95,2239.39
24.07,-160.413,-318.313,-3.6587,24.797,-0.55487,-0.550045,-1.39036,2648.74,2657.96,2240.05,2249.28
24.08,-160.625,-318.185,-3.6642,24.797,-0.554608,-0.549756,-1.38963,2653.29,2653.43,2244.59,2244.73
24.09,-160.837,-318.056,-3.6697,24.797,-0.554838,-0.550084,-1.39047,2656.38,2650.35,2247.67,2241.64
24.1,-161.048,-317.925,-3.6752,24.797,-0.555405,-0.550802,-1.39228,2658.5,2648.22,2249.8,2239.52
24.11,-161.258,-317.794,-3.68071,24.7971,-0.55462,-0.549798,-1.38975,2648.74,2658,2240.02,2249.28
24.12,-161.468,-317.661,-3.6862,24.7972,-0.554356,-0.549508,-1.38902,2653.3,2653.47,2244.56,2244.73
24.13,-161.677,-317.527,-3.6917,24.7972,-0.554584,-0.549836,-1.38985,2656.39,2650.39,2247.65,2241.65
24.14,-161.885,-317.392,-3.6972,24.7972,-0.55515,-0.550552,-1.39166,2658.51,2648.25,2249.78,2239.52
24.15,-162.092,-317.256,-3.7027,24.7973,-0.554519,-0.549734,-1.38959,2648.36,2658.43,2239.61,2249.68
24.16,-162.299,-317.119,-3.7082,24.7974,-0.554211,-0.549382,-1.38871,2653.06,2653.76,2244.29,2244.99
24.17,-162.505,-316.981,-3.71369,24.7974,-0.55441,-0.549671,-1.38944,2656.23,2650.59,2247.46,2241.82
24.18,-162.71,-316.841,-3.71919,24.7973,-0.554957,-0.550363,-1.39119,2658.41,2648.4,2249.65,2239.63
24.19,-162.914,-316.7,-3.72469,24.7974,-0.554472,-0.549722,-1.38957,2647.88,2658.95,2239.1,2250.17
24.2,-163.117,-316.559,-3.73019,24.7975,-0.55411,-0.549296,-1.3885,2652.74,2654.11,2243.95,2245.31
24.21,-163.32,-316.416,-3.73568,24.7975,-0.554274,-0.549539,-1.38911,2656.02,2650.83,2247.22,2242.03
24.22,-163.522,-316.272,-3.74118,24.7975,-0.554796,-0.550202,-1.39078,2658.27,2648.57,2249.48,2239.78
24.23,-163.723,-316.127,-3.74668,24.7975,-0.554459,-0.549742,-1.38963,2647.35,2659.51,2238.55,2250.71
24.24,-163.924,-315.98,-3.75218,24.7976,-0.554039,-0.549236,-1.38835,2652.4,2654.48,2243.58,2245.66
24.25,-164.123,-315.833,-3.75767,24.7976,-0.554164,-0.549429,-1.38884,2655.8,2651.09,2246.97,2242.27
24.26,-164.322,-315.685,-3.76317,24.7976,-0.554659,-0.55006,-1.39043,2658.12,2648.76,2249.31,2239.94
24.27,-164.52,-315.535,-3.76867,24.7976,-0.55431,-0.54959,-1.38925,2647.33,2659.57,2238.5,2250.74
24.28,-164.717,-315.385,-3.77416,24.7977,-0.553885,-0.54908,-1.38797,2652.38,2654.53,2243.54,2245.69
24.29,-164.913,-315.233,-3.77965,24.7977,-0.554006,-0.549271,-1.38845,2655.79,2651.13,2246.94,2242.29
24.3,-165.109,-315.08,-3.78515,24.7977,-0.554498,-0.5499,-1.39004,2658.12,2648.79,2249.28,2239.95
24.31,-165.303,-314.926,-3.79065,24.7977,-0.554315,-0.549635,-1.38937,2646.86,2660.06,2238.02,2251.21
24.32,-165.497,-314.771,-3.79614,24.7978,-0.55384,-0.549052,-1.3879,2652.08,2654.86,2243.22,2246
24.33,-165.69,-314.615,-3.80163,24.7978,-0.553927,-0.549197,-1.38827,2655.59,2651.36,2246.72,2242.49
24.34,-165.882,-314.458,-3.80713,24.7978,-0.554396,-0.549798,-1.38978,2657.99,2648.95,2249.13,2240.09
24.35,-166.073,-314.3,-3.81263,24.7978,-0.554371,-0.54973,-1.38961,2646.29,2660.65,2237.43,2251.79
24.36,-166.263,-314.141,-3.81812,24.7979,-0.553833,-0.54906,-1.38792,2651.71,2655.26,2242.83,2246.38
24.37,-166.453,-313.981,-3.82361,24.7979,-0.553878,-0.549151,-1.38815,2655.34,2651.63,2246.46,2242.74
24.38,-166.641,-313.82,-3.8291,24.7979,-0.55432,-0.549718,-1.38959,2657.82,2649.14,2248.95,2240.26
24.39,-166.829,-313.658,-3.8346,24.7979,-0.554455,-0.549852,-1.38992,2645.67,2661.29,2236.79,2252.42
24.4,-167.016,-313.494,-3.8401,24.798,-0.553849,-0.549089,-1.388,2651.3,2655.68,2242.41,2246.79
24.41,-167.201,-313.33,-3.84559,24.798,-0.55385,-0.549121,-1.38808,2655.07,2651.92,2246.18,2243.02
24.42,-167.386,-313.165,-3.85108,24.798,-0.55426,-0.549651,-1.38942,2657.64,2649.34,2248.75,2240.45
24.43,-167.57,-312.999,-3.85658,24.798,-0.554377,-0.549766,-1.38971,2645.61,2661.37,2236.72,2252.48
24.44,-167.754,-312.831,-3.86207,24.798,-0.553764,-0.548997,-1.38777,2651.27,2655.74,2242.36,2246.83
24.45,-167.936,-312.663,-3.86756,24.7981,-0.553759,-0.549025,-1.38785,2655.05,2651.97,2246.13,2243.05
24.46,-168.117,-312.494,-3.87306,24.798,-0.554165,-0.549553,-1.38918,2657.62,2649.38,2248.72,2240.47
24.47,-168.297,-312.323,-3.87856,24.798,-0.554464,-0.549898,-1.39005,2645.06,2661.93,2236.16,2253.03
24.48,-168.477,-312.152,-3.88405,24.7981,-0.553791,-0.549043,-1.38789,2650.91,2656.12,2241.99,2247.2
24.49,-168.655,-311.98,-3.88954,24.7981,-0.553747,-0.549018,-1.38783,2654.81,2652.22,2245.89,2243.29
24.5,-168.833,-311.806,-3.89503,24.7981,-0.554126,-0.549512,-1.38908,2657.47,2649.56,2248.55,2240.63
24.51,-169.009,-311.632,-3.90053,24.798,-0.554599,-0.55008,-1.39051,2644.39,2662.61,2235.48,2253.71
24.52,-169.185,-311.457,-3.90602,24.7981,-0.553854,-0.549123,-1.3881,2650.47,2656.57,2241.54,2247.64
24.53,-169.359,-311.281,-3.91152,24.7982,-0.553762,-0.549034,-1.38787,2654.52,2652.52,2245.59,2243.59
24.54,-169.533,-311.104,-3.91701,24.7981,-0.554109,-0.549489,-1.38902,2657.27,2649.77,2248.34,2240.83
24.55,-169.706,-310.926,-3.92251,24.7981,-0.55456,-0.550032,-1.39039,2644.32,2662.7,2235.4,2253.78
24.56,-169.877,-310.747,-3.928,24.7982,-0.553806,-0.549067,-1.38796,2650.42,2656.63,2241.48,2247.69
24.57,-170.048,-310.567,-3.93349,24.7982,-0.553707,-0.548974,-1.38772,2654.49,2652.57,2245.54,2243.63
24.58,-170.218,-310.386,-3.93898,24.7982,-0.55405,-0.549424,-1.38886,2657.25,2649.81,2248.31,2240.86
24.59,-170.387,-310.204,-3.94448,24.7981,-0.554696,-0.550219,-1.39087,2659.16,2647.88,2250.23,2238.95
24.6,-170.554,-310.021,-3.94998,24.7982,-0.553876,-0.549158,-1.38819,2650.02,2657.04,2241.07,2248.1
24.61,-170.721,-309.838,-3.95547,24.7983,-0.553734,-0.549005,-1.38781,2654.22,2652.85,2245.27,2243.89
24.62,-170.887,-309.653,-3.96096,24.7982,-0.554047,-0.549419,-1.38885,2657.07,2649.99,2248.12,2241.04
24.63,-171.051,-309.468,-3.96646,24.7982,-0.554673,-0.55019,-1.39079,2659.04,2648.01,2250.1,2239.07
24.64,-171.215,-309.281,-3.97195,24.7983,-0.55398,-0.549282,-1.3885,2649.53,2657.54,2240.58,2248.58
24.65,-171.378,-309.094,-3.97744,24.7983,-0.553785,-0.549058,-1.38794,2653.9,2653.18,2244.94,2244.22
24.66,-171.539,-308.906,-3.98294,24.7983,-0.554063,-0.549428,-1.38887,2656.85,2650.22,2247.9,2241.26
24.67,-171.7,-308.717,-3.98843,24.7982,-0.554665,-0.550171,-1.39075,2658.89,2648.16,2249.95,2239.22
24.68,-171.859,-308.527,-3.99393,24.7983,-0.55396,-0.549252,-1.38843,2649.46,2657.61,2240.51,2248.65
24.69,-172.018,-308.336,-3.99942,24.7983,-0.553757,-0.549022,-1.38785,2653.85,2653.23,2244.89,2244.27
24.7,-172.175,-308.144,-4.00491,24.7983,-0.554029,-0.549387,-1.38877,2656.82,2650.26,2247.86,2241.3
24.71,-172.332,-307.952,-4.01041,24.7982,-0.554626,-0.550127,-1.39064,2658.86,2648.2,2249.91,2239.25
24.72,-172.487,-307.758,-4.01591,24.7983,-0.554063,-0.549379,-1.38875,2649.02,2658.06,2240.06,2249.1
24.73,-172.641,-307.564,-4.0214,24.7983,-0.553812,-0.549083,-1.38801,2653.56,2653.53,2244.59,2244.56
24.74,-172.794,-307.369,-4.02689,24.7983,-0.554052,-0.549407,-1.38882,2656.62,2650.46,2247.66,2241.5
24.75,-172.947,-307.173,-4.03239,24.7982,-0.554628,-0.550121,-1.39063,2658.73,2648.34,2249.78,2239.39
24.76,-173.098,-306.976,-4.03789,24.7983,-0.5542,-0.549538,-1.38916,2648.48,2658.6,2239.52,2249.64
24.77,-173.248,-306.779,-4.04338,24.7983,-0.553891,-0.549164,-1.38821,2653.2,2653.89,2244.23,2244.92
24.78,-173.396,-306.58,-4.04888,24.7983,-0.554092,-0.549439,-1.38891,2656.38,2650.71,2247.41,2241.74
24.79,-173.544,-306.381,-4.05437,24.7983,-0.554641,-0.550123,-1.39063,2658.56,2648.51,2249.61,2239.55
24.8,-173.691,-306.181,-4.05988,24.7983,-0.554351,-0.549711,-1.38959,2647.89,2659.18,2238.94,2250.22
24.81,-173.836,-305.98,-4.06537,24.7983,-0.553979,-0.549252,-1.38843,2652.81,2654.28,2243.84,2245.31
24.82,-173.981,-305.778,-4.07086,24.7983,-0.554138,-0.549475,-1.389,2656.12,2650.97,2247.15,2242
24.83,-174.124,-305.576,-4.07636,24.7983,-0.554658,-0.550126,-1.39064,2658.38,2648.69,2249.43,2239.73
24.84,-174.266,-305.373,-4.08186,24.7983,-0.554351,-0.549697,-1.38956,2647.8,2659.28,2238.84,2250.32
24.85,-174.407,-305.169,-4.08736,24.7984,-0.553969,-0.54923,-1.38838,2652.75,2654.35,2243.77,2245.38
24.86,-174.547,-304.964,-4.09285,24.7983,-0.55412,-0.549447,-1.38893,2656.07,2651.02,2247.1,2242.05
24.87,-174.686,-304.759,-4.09835,24.7983,-0.554635,-0.550094,-1.39056,2658.35,2648.73,2249.39,2239.77
24.88,-174.824,-304.552,-4.10385,24.7983,-0.554485,-0.549861,-1.38997,2647.28,2659.79,2238.32,2250.83
24.89,-174.961,-304.345,-4.10934,24.7984,-0.554048,-0.549316,-1.3886,2652.4,2654.69,2243.43,2245.72
24.9,-175.096,-304.137,-4.11484,24.7983,-0.554162,-0.549485,-1.38902,2655.84,2651.25,2246.87,2242.28
24.91,-175.23,-303.929,-4.12034,24.7983,-0.554652,-0.550102,-1.39058,2658.19,2648.89,2249.23,2239.93
24.92,-175.364,-303.72,-4.12584,24.7983,-0.554653,-0.550059,-1.39047,2646.66,2660.41,2237.7,2251.46
24.93,-175.496,-303.51,-4.13134,24.7983,-0.554149,-0.549423,-1.38887,2651.99,2655.1,2243.02,2246.13
24.94,-175.626,-303.299,-4.13683,24.7983,-0.554219,-0.549535,-1.38915,2655.56,2651.53,2246.59,2242.56
24.95,-175.756,-303.087,-4.14233,24.7983,-0.554678,-0.550117,-1.39062,2658,2649.08,2249.04,2240.12
24.96,-175.885,-302.875,-4.14783,24.7983,-0.554661,-0.550053,-1.39046,2646.56,2660.51,2237.6,2251.56
24.97,-176.012,-302.662,-4.15333,24.7983,-0.554145,-0.549407,-1.38883,2651.92,2655.18,2242.95,2246.2
24.98,-176.138,-302.449,-4.15882,24.7983,-0.554207,-0.549513,-1.38909,2655.51,2651.58,2246.54,2242.61
24.99,-176.263,-302.235,-4.16432,24.7983,-0.55466,-0.55009,-1.39055,2657.96,2649.12,2249,2240.16
25,-176.387,-302.02,-4.16982,24.7983,-0.554813,-0.550241,-1.39093,2645.99,2661.08,2237.04,2252.13
25.01,-176.51,-301.804,-4.17532,24.7983,-0.554237,-0.54951,-1.38909,2651.54,2655.55,2242.57,2246.58
25.02,-176.631,-301.588,-4.18082,24.7983,-0.554259,-0.549562,-1.38922,2655.26,2651.83,2246.29,2242.86
25.03,-176.751,-301.371,-4.18631,24.7983,-0.554685,-0.550106,-1.39059,2657.79,2649.29,2248.83,2240.33
25.04,-176.87,-301.153,-4.19182,24.7983,-0.55486,-0.550286,-1.39104,2640.14,2666.93,2231.19,2257.98
25.05,-176.988,-300.935,-4.19731,24.7984,-0.55365,-0.548772,-1.38722,2647.59,2659.52,2238.61,2250.54
25.06,-177.105,-300.716,-4.2028,24.7985,-0.553238,-0.548333,-1.38612,2652.54,2654.59,2243.55,2245.59
25.07,-177.22,-300.497,-4.20828,24.7985,-0.553362,-0.548565,-1.38671,2655.89,2651.24,2246.9,2242.24
25.08,-177.335,-300.276,-4.21377,24.7985,-0.553444,-0.548699,-1.38704,2627.7,2679.42,2218.71,2270.43
25.09,-177.448,-300.056,-4.21924,24.7988,-0.550878,-0.545562,-1.37913,2639.14,2668.08,2230.08,2259.02
25.1,-177.56,-299.834,-4.22468,24.799,-0.549531,-0.544102,-1.37545,2646.71,2660.58,2237.6,2251.47
25.11,-177.67,-299.612,-4.23012,24.7991,-0.548998,-0.543684,-1.3744,2651.79,2655.53,2242.66,2246.39
25.12,-177.78,-299.39,-4.23556,24.7993,-0.548493,-0.543249,-1.37331,2616.02,2691.32,2206.87,2282.17
25.13,-177.888,-299.167,-4.24096,24.7998,-0.544633,-0.538674,-1.36177,2631.1,2676.39,2221.84,2267.13
25.14,-177.995,-298.943,-4.24634,24.8002,-0.54238,-0.536299,-1.35579,2641.09,2666.52,2231.74,2257.18
25.15,-178.101,-298.719,-4.25169,24.8004,-0.541199,-0.535292,-1.35326,2647.8,2659.89,2238.4,2250.49
25.16,-178.206,-298.494,-4.25704,24.8006,-0.540745,-0.535141,-1.35289,2652.39,2655.35,2242.95,2245.91
25.17,-178.31,-298.268,-4.26236,24.8014,-0.535516,-0.529008,-1.33742,2622.68,2685.26,2213.1,2275.68
25.18,-178.412,-298.042,-4.26763,24.802,-0.532306,-0.525643,-1.32895,2635.23,2672.88,2225.53,2263.17
25.19,-178.513,-297.816,-4.27288,24.8024,-0.530441,-0.523996,-1.32481,2643.66,2664.57,2233.87,2254.78
25.2,-178.613,-297.589,-4.27811,24.8027,-0.529488,-0.523425,-1.32338,2649.43,2658.9,2239.57,2249.04
25.21,-178.712,-297.361,-4.28331,24.8036,-0.523678,-0.516727,-1.30649,2614.67,2693.9,2204.64,2283.86
25.22,-178.81,-297.133,-4.28845,24.8044,-0.519546,-0.512397,-1.29559,2629.69,2679.1,2219.49,2268.91
25.23,-178.907,-296.905,-4.29356,24.805,-0.517021,-0.510126,-1.28987,2639.77,2669.19,2229.45,2258.87
25.24,-179.002,-296.676,-4.29866,24.8055,-0.515584,-0.509141,-1.28741,2646.66,2662.44,2236.25,2252.02
25.25,-179.097,-296.446,-4.30371,24.8066,-0.5089,-0.501528,-1.26821,2609.08,2700.32,2198.45,2289.69
25.26,-179.19,-296.216,-4.30869,24.8075,-0.504095,-0.496548,-1.25567,2625.79,2683.88,2214.96,2273.06
25.27,-179.282,-295.986,-4.31364,24.8082,-0.501078,-0.493847,-1.24887,2637.02,2672.86,2226.04,2261.88
25.28,-179.373,-295.755,-4.31857,24.8088,-0.499272,-0.492569,-1.24567,2644.71,2665.35,2233.6,2254.25
25.29,-179.463,-295.525,-4.32361,24.7087,-0.455933,-0.506221,-1.27503,2627.33,2676.35,2214.66,2263.68
25.3,-179.552,-295.294,-4.32857,24.7103,-0.454791,-0.488697,-1.23097,2648.86,2644.96,2246.17,2242.28
25.31,-179.64,-295.063,-4.33339,24.7132,-0.456133,-0.478878,-1.20638,2657.22,2626.82,2264.53,2234.13
25.32,-179.726,-294.832,-4.33819,24.6967,-0.451619,-0.476641,-1.19994,2666.91,2611.22,2278.82,2223.13
25.33,-179.812,-294.601,-4.34305,24.5573,-0.396236,-0.503473,-1.26034,3890.75,5134.71,0,989.915
25.34,-179.896,-294.371,-4.34831,24.3571,-0.308915,-0.543398,-1.34919,3831.11,5187.76,0,1033.86
25.35,-179.979,-294.143,-4.35396,24.1576,-0.214298,-0.582871,-1.43535,3774.59,5237.9,0,1074.89
25.36,-180.062,-293.917,-4.3599,24.0369,-0.156623,-0.581433,-1.42465,2698.03,2555.01,2283.64,2140.62
25.37,-180.142,-293.691,-4.36554,23.9361,-0.118108,-0.571164,-1.39362,3792.73,5203.72,0,1039.68
25.38,-180.222,-293.466,-4.37146,23.7377,-0.0201218,-0.609164,-1.47402,3739.81,5250.61,0,1077.45
25.39,-180.301,-293.244,-4.37776,23.54,0.084452,-0.647376,-1.55344,3688,5296.59,0,1114.28
25.4,-180.378,-293.022,-4.38444,23.3615,0.183198,-0.678739,-1.61635,2603.21,2623.74,2163.75,2184.28
25.41,-180.454,-292.802,-4.39103,23.2953,0.21115,-0.659087,-1.5651,3694.96,5274.22,0,1088.97
25.42,-180.529,-292.582,-4.39785,23.0988,0.320886,-0.700529,-1.64948,3635.5,5328.24,0,1133.83
25.43,-180.603,-292.365,-4.40508,22.9025,0.438117,-0.742225,-1.7328,3577.21,5381.25,0,1177.66
25.44,-180.676,-292.149,-4.41274,22.7062,0.56275,-0.784425,-1.81563,3519.4,5433.9,0,1221.13
25.45,-180.748,-291.933,-4.42041,22.6734,0.591933,-0.746639,-1.72567,2507.16,2684.23,2052.6,2229.67
25.46,-180.818,-291.719,-4.42801,22.4953,0.704295,-0.778396,-1.78494,3522.75,5414.41,0,1202.52
25.47,-180.887,-291.506,-4.43602,22.2988,0.834505,-0.819387,-1.86252,3468.75,5463.51,0,1242.42
25.48,-180.956,-291.294,-4.44444,22.102,0.971657,-0.861377,-1.94069,3413.84,5513.11,0,1283.35
25.49,-181.023,-291.084,-4.45311,22.0118,1.05009,-0.85144,-1.91047,2340.55,2822.34,1867.21,2349.01
25.5,-181.089,-290.874,-4.46144,21.9398,1.10859,-0.834926,-1.86729,3453.83,5451.02,0,1231.91
25.51,-181.153,-290.665,-4.47002,21.7425,1.24598,-0.877086,-1.94394,3398.26,5502,0,1273.68
25.52,-181.217,-290.458,-4.47905,21.545,1.38774,-0.923861,-2.02901,3359.09,5526.7,0,1299.17
25.53,-181.28,-290.253,-4.48855,21.3466,1.53734,-0.971459,-2.1139,3287.98,5583.41,0,1356.65
25.54,-181.341,-290.048,-4.49806,21.3231,1.58068,-0.936091,-2.0347,2264.33,2844.09,1797.74,2377.49
25.55,-181.401,-289.843,-4.50741,21.1945,1.68356,-0.949614,-2.05164,3310.26,5542.18,0,1324.02
25.56,-181.461,-289.64,-4.51715,20.9944,1.83703,-0.994988,-2.12938,3248.8,5597.36,0,1371.97
25.57,-181.519,-289.438,-4.52735,20.7929,1.99815,-1.0407,-2.20582,3185.33,5646.57,0,1421.95
25.58,-181.576,-289.238,-4.53793,20.6595,2.12366,-1.05313,-2.21785,2074.27,2993.06,1604.23,2523.01
25.59,-181.632,-289.039,-4.54826,20.6308,2.17935,-1.01736,-2.13955,2143.69,2911.63,1683.75,2451.69
25.6,-181.687,-288.839,-4.55853,20.4626,2.31704,-1.04731,-2.18457,3185.89,5614.95,0,1399.58
25.61,-181.741,-288.641,-4.56926,20.2577,2.4836,-1.09377,-2.25863,3125.71,5669.02,0,1446.41
25.62,-181.794,-288.445,-4.58045,20.0509,2.65696,-1.13993,-2.32993,3038.63,5659.4,0,1520.15
25.63,-181.846,-288.25,-4.59188,19.9639,2.75948,-1.12901,-2.2976,1994.39,3022.17,1529.93,2557.71
25.64,-181.896,-288.056,-4.60298,19.9288,2.82387,-1.09472,-2.22391,2045.56,2958.63,1591.23,2504.3
25.65,-181.945,-287.861,-4.61395,19.7756,2.95367,-1.11423,-2.24614,3026.27,5433.48,0,1514.93
25.66,-181.994,-287.668,-4.62532,19.5717,3.11602,-1.15373,-2.30178,2929.26,5373.94,0,1599.08
25.67,-182.042,-287.477,-4.63705,19.3682,3.28024,-1.18963,-2.34872,2837.73,5302.4,0,1677.93
25.68,-182.088,-287.286,-4.64888,19.2944,3.37265,-1.16753,-2.29631,1950.12,3021.01,1489.07,2559.96
25.69,-182.133,-287.096,-4.66036,19.2538,3.44022,-1.13113,-2.22004,1997.51,2960.97,1546.61,2510.06
25.7,-182.177,-286.906,-4.67162,19.119,3.55154,-1.13658,-2.21511,2881.61,5038.96,0,1618.65
25.71,-182.22,-286.717,-4.68315,18.9214,3.69633,-1.16718,-2.25124,2799.1,4970.47,0,1689.12
25.72,-182.262,-286.53,-4.69498,18.7247,3.84147,-1.19389,-2.27883,2723.13,4892.28,0,1753.22
25.73,-182.303,-286.343,-4.70688,18.6338,3.93361,-1.17578,-2.23337,1958.47,2971.3,1498.72,2511.54
25.74,-182.342,-286.157,-4.71843,18.5891,3.9979,-1.1379,-2.15622,1998.29,2918.65,1548.69,2469.05
25.75,-182.38,-285.971,-4.72966,18.4876,4.08138,-1.12484,-2.11984,2804.65,4598.36,0,1657.52
25.76,-182.418,-285.787,-4.74104,18.2997,4.20255,-1.14725,-2.14009,2661.82,4598.81,0,1789.3
25.77,-182.454,-285.603,-4.75256,18.1097,4.33005,-1.15526,-2.13267,2616.55,4498.65,0,1823.47
25.78,-182.489,-285.421,-4.76408,17.9774,4.43198,-1.13768,-2.08487,1945.77,2946.35,1485.22,2485.8
25.79,-182.524,-285.239,-4.77517,17.9306,4.49364,-1.08546,-1.98399,2009.4,2869.85,1559.01,2419.46
25.8,-182.556,-285.058,-4.78573,17.886,4.54627,-1.03159,-1.88083,2069.03,2797.51,1628.78,2357.27
25.81,-182.588,-284.877,-4.79614,17.7136,4.63034,-1.04609,-1.88889,2757.13,4021.64,395.567,1660.07
25.82,-182.619,-284.697,-4.80664,17.542,4.71478,-1.05398,-1.8847,2695.35,3954.4,453.11,1712.16
25.83,-182.649,-284.519,-4.8172,17.3718,4.79802,-1.05571,-1.86947,2642.48,3873.36,524.62,1755.49
25.84,-182.678,-284.341,-4.8276,17.2892,4.85368,-1.01732,-1.79293,2108.49,2739.54,1653.17,2284.21
25.85,-182.705,-284.164,-4.83747,17.2459,4.89153,-0.960723,-1.68894,2161.36,2674.12,1716.17,2228.94
25.86,-182.732,-283.987,-4.84686,17.1511,4.92798,-0.937761,-1.63951,2846.39,3472.34,913.321,1539.27
25.87,-182.757,-283.811,-4.85628,17.0019,4.97154,-0.943953,-1.63599,2764.26,3443.97,933.528,1613.24
25.88,-182.781,-283.636,-4.86569,16.8578,5.0194,-0.93758,-1.61117,2681.79,3416.49,953.157,1687.85
25.89,-182.805,-283.463,-4.87498,16.7214,5.06854,-0.919724,-1.56769,2629.57,3358.01,1004.26,1732.7
25.9,-182.827,-283.29,-4.88398,16.6362,5.10398,-0.875362,-1.48448,2248.3,2564.22,1793.01,2108.92
25.91,-182.848,-283.117,-4.89237,16.5987,5.12012,-0.809235,-1.36924,2310.03,2490.36,1864.85,2045.18
25.92,-182.868,-282.945,-4.90035,16.5024,5.12307,-0.797136,-1.34094,2862.12,2938.05,1412.45,1488.38
25.93,-182.887,-282.774,-4.90826,16.3952,5.13212,-0.783177,-1.30891,2776.07,2946.32,1398.51,1568.76
25.94,-182.905,-282.604,-4.91595,16.2938,5.14441,-0.755728,-1.25522,2727.3,2912.92,1426.57,1612.19
25.95,-182.922,-282.434,-4.92331,16.1988,5.15571,-0.717832,-1.18532,2707.03,2856.19,1478.32,1627.48
25.96,-182.938,-282.265,-4.93024,16.1106,5.16319,-0.671558,-1.10288,2707.21,2784.47,1545.45,1622.7
25.97,-182.953,-282.097,-4.93666,16.0294,5.16492,-0.618252,-1.01021,2722.61,2703.15,1622.54,1603.08
25.98,-182.967,-281.93,-4.94278,15.9611,5.12832,-0.603047,-0.981172,2923.93,2446.08,1876.07,1398.21
25.99,-182.98,-281.763,-4.94864,15.8958,5.09937,-0.569991,-0.923595,2863.66,2453.55,1865.25,1455.13
26,-182.992,-281.597,-4.9541,15.8346,5.07204,-0.523848,-0.845559,2842.33,2425.36,1890.31,1473.34
26.01,-183.003,-281.431,-4.95903,15.7784,5.04231,-0.467698,-0.752244,2848.03,2374.03,1938.76,1464.76
26.02,-183.012,-281.266,-4.96336,15.7274,5.00742,-0.403534,-0.646947,2873.08,2307.61,2002.58,1437.11
26.03,-183.021,-281.102,-4.96701,15.6819,4.96548,-0.332639,-0.531746,2912.54,2231.19,2076.69,1395.34
26.04,-183.029,-280.938,-4.97016,15.6492,4.88262,-0.301322,-0.480679,3172.25,1944.31,2361.88,1133.93
26.05,-183.036,-280.774,-4.97294,15.618,4.80421,-0.2558,-0.407246,3117.96,1973.42,2331.19,1186.65
26.06,-183.042,-280.611,-4.97518,15.5888,4.72793,-0.195752,-0.311063,3108.45,1959.26,2343.88,1194.69
26.07,-183.046,-280.449,-4.97675,15.5625,4.64905,-0.124854,-0.198067,3129.63,1916.75,2385.07,1172.19
26.08,-183.05,-280.287,-4.97757,15.5398,4.56435,-0.045472,-0.0720311,3172.45,1855.4,2445.27,1128.22
26.09,-183.053,-280.125,-4.97755,15.5208,4.47158,0.0408682,0.0646593,3231.12,1781.2,2518.51,1068.59
26.1,-183.055,-279.964,-4.97681,15.5127,4.34027,0.0938071,0.148338,3557.71,1447.14,2852.11,741.535
26.11,-183.055,-279.803,-4.97558,15.5063,4.20368,0.149714,0.236646,3503.95,1495.85,2803.09,794.983
26.12,-183.055,-279.642,-4.97369,15.4994,4.06984,0.222007,0.350761,3502.46,1491.8,2806.79,796.135
26.13,-183.054,-279.482,-4.97102,15.4932,3.9331,0.306257,0.483681,3536.39,1452.86,2845.42,761.894
26.14,-183.052,-279.323,-4.96745,15.4885,3.78962,0.399609,0.630921,3594.92,1390.37,2907.67,703.118
26.15,-183.049,-279.164,-4.9629,15.4852,3.63674,0.500213,0.789593,3671.1,1311.49,2986.38,626.771
26.16,-183.045,-279.005,-4.95738,15.4882,3.45398,0.582384,0.91948,4077.71,906.308,3391.65,220.25
26.17,-183.041,-278.846,-4.95122,15.4949,3.24743,0.646874,1.02174,4018.56,971.228,3327.09,279.76
26.18,-183.035,-278.688,-4.94431,15.4979,3.04428,0.729976,1.15322,4020.39,972.049,3326.43,278.09
26.19,-183.029,-278.531,-4.93649,15.4982,2.83783,0.826284,1.3054,4062.59,930.286,3368.22,235.914
26.2,-183.022,-278.373,-4.92765,15.4955,2.62365,0.932155,1.4724,4130.55,860.458,3437.93,167.838
26.21,-183.014,-278.217,-4.91772,15.4867,2.4,1.04321,1.64688,4154.39,830.247,3467.75,143.609
26.22,-183.006,-278.06,-4.90693,15.4728,2.21121,1.09773,1.73139,3715.03,1258.59,3038.73,582.282
26.23,-182.997,-277.905,-4.89612,15.4646,2.03203,1.06262,1.67512,3680.76,1285.91,3010.97,616.125
26.24,-182.989,-277.749,-4.88568,15.4499,1.89612,1.03053,1.62299,3361.26,1594.14,2702.05,934.932
26.25,-182.982,-277.594,-4.87551,15.4307,1.79573,1.00606,1.58248,3123.45,1816.81,2478.45,1171.81
26.26,-182.975,-277.439,-4.86556,15.4091,1.72138,0.987316,1.55083,2946.14,1976.94,2317.27,1348.06
26.27,-182.969,-277.284,-4.85577,15.3866,1.66611,0.972824,1.52584,2813.64,2091.45,2201.64,1479.46
26.28,-182.964,-277.129,-4.8461,15.3643,1.6248,0.961468,1.50584,2714.33,2172.79,2119.2,1577.67
26.29,-182.96,-276.975,-4.83658,15.3459,1.57993,0.935615,1.46359,2972.41,1899.06,2391.98,1318.62
26.3,-182.957,-276.821,-4.82747,15.3327,1.51906,0.893568,1.39662,2826.3,2034.91,2255.5,1464.11
26.31,-182.955,-276.667,-4.81867,15.3176,1.47405,0.870843,1.35976,2717.96,2131.19,2158.48,1571.71
26.32,-182.954,-276.513,-4.81004,15.3019,1.44055,0.857236,1.33714,2637.42,2199.19,2089.72,1651.48
26.33,-182.954,-276.36,-4.80152,15.2866,1.41542,0.848205,1.32173,2577.34,2246.91,2041.24,1710.81
26.34,-182.955,-276.206,-4.79308,15.2719,1.39634,0.841646,1.31025,2532.35,2280.09,2007.34,1755.08
26.35,-182.957,-276.053,-4.78469,15.2582,1.38167,0.836529,1.30111,2498.51,2302.84,1983.92,1788.25
26.36,-182.961,-275.9,-4.77646,15.2505,1.34515,0.803634,1.24932,2761.24,2033.3,2253.04,1525.1
26.37,-182.965,-275.747,-4.7686,15.2441,1.30389,0.773809,1.20245,2662.98,2126.6,2159.44,1623.06
26.38,-182.97,-275.594,-4.76096,15.2363,1.27336,0.757912,1.17714,2590.89,2192.51,2093.16,1694.77
26.39,-182.976,-275.441,-4.75344,15.2281,1.25057,0.748455,1.16183,2537.85,2238.97,2046.3,1747.41
26.4,-182.982,-275.289,-4.74599,15.2199,1.23336,0.742155,1.15143,2498.7,2271.55,2013.31,1786.16
26.41,-182.99,-275.136,-4.73859,15.2121,1.22018,0.737517,1.14364,2469.72,2294.21,1990.27,1814.76
26.42,-182.999,-274.984,-4.73124,15.2047,1.20988,0.733818,1.13736,2448.2,2309.78,1974.34,1835.91
26.43,-183.009,-274.832,-4.72416,15.2041,1.16477,0.691539,1.07178,2670.63,2086.44,2197.63,1613.44
26.44,-183.019,-274.68,-4.71737,15.2012,1.13166,0.670545,1.03905,2592.61,2162.25,2121.67,1691.31
26.45,-183.03,-274.528,-4.71073,15.1972,1.10716,0.659037,1.02095,2535.86,2215.89,2067.85,1747.88
26.46,-183.041,-274.376,-4.70418,15.1928,1.08883,0.651963,1.0097,2494.47,2253.79,2029.73,1789.06
26.47,-183.054,-274.224,-4.69769,15.1884,1.07494,0.647096,1.00187,2464.21,2280.47,2002.84,1819.1
26.48,-183.068,-274.072,-4.69124,15.184,1.06424,0.643407,0.995872,2442.06,2299.12,1983.98,1841.04
26.49,-183.082,-273.921,-4.68487,15.1822,1.04062,0.622244,0.963004,2696.46,2042.85,2240.13,1586.53
26.5,-183.097,-273.769,-4.67883,15.1823,1.00372,0.592921,0.917626,2608.69,2130.85,2152.15,1674.31
26.51,-183.112,-273.618,-4.67299,15.1808,0.976632,0.577925,0.89433,2545.57,2193.26,2089.67,1737.36
26.52,-183.128,-273.467,-4.66726,15.1785,0.956553,0.569392,0.880989,2500.36,2237.9,2044.92,1782.46
26.53,-183.145,-273.316,-4.6616,15.1756,0.941496,0.563934,0.872378,2467.81,2269.73,2012.96,1814.87
26.54,-183.163,-273.165,-4.65598,15.1724,0.930036,0.560037,0.866168,2444.38,2292.36,1990.17,1838.15
26.55,-183.181,-273.014,-4.6504,15.169,0.921147,0.556992,0.861266,2427.51,2308.39,1973.98,1854.86
26.56,-183.2,-272.863,-4.64502,15.1694,0.884968,0.522967,0.808675,2626.22,2109.69,2172.68,1656.15
26.57,-183.219,-272.712,-4.6399,15.1686,0.855784,0.503898,0.779148,2557.04,2178.7,2103.64,1725.29
26.58,-183.239,-272.562,-4.63492,15.1669,0.834305,0.493679,0.763259,2507.53,2227.8,2054.46,1774.73
26.59,-183.259,-272.411,-4.63002,15.1646,0.818331,0.487543,0.753659,2471.99,2262.78,2019.37,1810.16
26.6,-183.28,-272.261,-4.62517,15.162,0.806297,0.483408,0.74714,2446.44,2287.68,1994.34,1835.59
26.61,-183.302,-272.11,-4.62035,15.1592,0.797079,0.480326,0.74224,2428.07,2305.36,1976.53,1853.82
26.62,-183.324,-271.96,-4.61559,15.1575,0.780017,0.465811,0.719729,2652.27,2080.63,2201.16,1629.51
26.63,-183.346,-271.81,-4.61109,15.1574,0.747838,0.439202,0.67861,2574.34,2158.57,2123.21,1707.45
26.64,-183.369,-271.66,-4.60678,15.1563,0.724328,0.425833,0.657904,2518.84,2213.8,2067.93,1762.9
26.65,-183.393,-271.51,-4.60257,15.1545,0.706991,0.418384,0.64632,2479.13,2253.09,2028.57,1802.53
26.66,-183.417,-271.36,-4.59841,15.1524,0.694063,0.413721,0.63903,2450.65,2281.05,2000.5,1830.91
26.67,-183.441,-271.211,-4.59429,15.1502,0.684286,0.410461,0.6339,2430.19,2300.94,1980.51,1851.25
26.68,-183.466,-271.061,-4.5902,15.1478,0.676759,0.407959,0.629936,2415.5,2315.03,1966.3,1865.83
26.69,-183.492,-270.912,-4.58623,15.1472,0.651224,0.383874,0.592724,2593.76,2136.58,2144.71,1687.54
26.7,-183.517,-270.762,-4.5825,15.1466,0.625469,0.365735,0.564692,2531.6,2198.6,2082.67,1749.67
26.71,-183.543,-270.613,-4.5789,15.1453,0.606622,0.3563,0.550078,2487.31,2242.57,2038.63,1793.89
26.72,-183.57,-270.464,-4.57537,15.1436,0.592696,0.350825,0.541566,2455.63,2273.85,2007.28,1825.5
26.73,-183.596,-270.315,-4.57188,15.1418,0.582284,0.347259,0.535996,2432.91,2296.11,1984.93,1848.13
26.74,-183.624,-270.165,-4.56843,15.1398,0.574381,0.344682,0.531949,2416.6,2311.92,1969.03,1864.34
26.75,-183.651,-270.017,-4.56499,15.138,0.565463,0.339071,0.523228,2614.81,2113.2,2167.64,1666.03
26.76,-183.679,-269.868,-4.56176,15.1378,0.537307,0.313737,0.484127,2545.41,2182.56,2098.27,1735.43
26.77,-183.707,-269.719,-4.5587,15.1368,0.516848,0.301326,0.464945,2496.23,2231.52,2049.27,1784.56
26.78,-183.736,-269.57,-4.55572,15.1355,0.501853,0.294625,0.454567,2461.16,2266.27,2014.46,1819.57
26.79,-183.765,-269.421,-4.5528,15.134,0.490752,0.290576,0.448275,2436.06,2290.99,1989.67,1844.6
26.8,-183.794,-269.273,-4.54991,15.1324,0.482429,0.287841,0.444008,2418.07,2308.58,1972.01,1862.51
26.81,-183.823,-269.124,-4.54704,15.1307,0.476092,0.285805,0.440819,2405.17,2321.06,1959.44,1875.33
26.82,-183.853,-268.976,-4.54424,15.1298,0.459394,0.270403,0.417037,2560.19,2165.77,2114.67,1720.26
26.83,-183.883,-268.828,-4.54164,15.1291,0.437235,0.253534,0.391005,2505.8,2220.02,2060.4,1774.62
26.84,-183.913,-268.679,-4.53915,15.1281,0.42111,0.244999,0.377816,2467.18,2258.38,2021.99,1813.19
26.85,-183.943,-268.531,-4.53673,15.1269,0.409272,0.24021,0.370401,2439.62,2285.64,1994.67,1840.69
26.86,-183.974,-268.383,-4.53435,15.1256,0.400492,0.237202,0.36573,2419.89,2305.04,1975.21,1860.36
26.87,-184.005,-268.235,-4.53199,15.1241,0.393894,0.235102,0.362459,2405.74,2318.83,1961.35,1874.44
26.88,-184.036,-268.087,-4.52964,15.1227,0.388855,0.233501,0.359956,2395.6,2328.61,1951.5,1884.51
26.89,-184.067,-267.939,-4.52741,15.1221,0.369094,0.215094,0.331567,2502.53,2221.52,2058.56,1777.55
26.9,-184.099,-267.791,-4.52532,15.1213,0.353282,0.204901,0.315837,2464.03,2259.81,2020.23,1816.01
26.91,-184.131,-267.643,-4.52331,15.1202,0.341739,0.199528,0.307534,2436.65,2286.93,1993.05,1843.34
26.92,-184.162,-267.495,-4.52133,15.1191,0.333233,0.196368,0.302641,2417.08,2306.22,1973.72,1862.85
26.93,-184.195,-267.347,-4.51938,15.1179,0.326894,0.194289,0.299413,2403.07,2319.93,1959.95,1876.81
26.94,-184.227,-267.199,-4.51744,15.1167,0.322101,0.192779,0.297062,2393.03,2329.66,1950.15,1886.79
26.95,-184.259,-267.052,-4.51552,15.1155,0.31841,0.19159,0.295207,2385.84,2336.55,1943.21,1893.92
26.96,-184.292,-266.904,-4.51361,15.1143,0.315503,0.190594,0.293649,2380.69,2341.4,1938.3,1899.01
26.97,-184.325,-266.757,-4.51171,15.1131,0.31315,0.189718,0.292276,2377.01,2344.78,1934.87,1902.63
26.98,-184.359,-266.609,-4.50982,15.1119,0.311187,0.188916,0.291019,2374.4,2347.1,1932.49,1905.19
26.99,-184.392,-266.462,-4.50793,15.1108,0.309495,0.188161,0.289833,2372.55,2348.66,1930.88,1906.98
27,-184.426,-266.315,-4.50605,15.1097,0.307987,0.187431,0.288688,2371.26,2349.67,1929.81,1908.21
27.01,-184.46,-266.167,-4.50418,15.1086,0.306603,0.186713,0.287561,2370.38,2350.28,1929.15,1909.05
27.02,-184.495,-266.02,-4.50235,15.1079,0.298146,0.17781,0.273836,2451.38,2269.08,2010.31,1828.01
27.03,-184.529,-265.873,-4.50062,15.1072,0.287839,0.169751,0.261414,2427.03,2293.27,1986.09,1852.33
27.04,-184.564,-265.726,-4.49895,15.1065,0.280228,0.165579,0.254976,2409.75,2310.37,1968.95,1869.57
27.05,-184.599,-265.579,-4.49731,15.1057,0.274531,0.163143,0.251212,2397.43,2322.49,1956.79,1881.86
27.06,-184.634,-265.432,-4.49569,15.1048,0.270195,0.161525,0.248707,2388.62,2331.09,1948.16,1890.62
27.07,-184.669,-265.285,-4.49408,15.104,0.266827,0.160318,0.246834,2382.33,2337.16,1942.04,1896.87
27.08,-184.704,-265.138,-4.49248,15.1032,0.264147,0.15933,0.2453,2377.85,2341.44,1937.73,1901.31
27.09,-184.74,-264.992,-4.49091,15.1025,0.258628,0.154947,0.238541,2395.67,2323.45,1955.68,1883.46
27.1,-184.776,-264.845,-4.48938,15.1018,0.254472,0.152599,0.234915,2386.9,2332.03,1947.06,1892.2
27.11,-184.812,-264.698,-4.48786,15.101,0.25128,0.151154,0.232679,2380.67,2338.08,1940.98,1898.39
27.12,-184.848,-264.552,-4.48636,15.1003,0.24877,0.150128,0.231088,2376.23,2342.33,1936.69,1902.79
27.13,-184.884,-264.405,-4.48486,15.0996,0.246742,0.149308,0.229814,2373.08,2345.3,1933.69,1905.91
27.14,-184.921,-264.258,-4.48337,15.0988,0.245051,0.148594,0.228705,2370.85,2347.35,1931.61,1908.1
27.15,-184.958,-264.112,-4.48188,15.0981,0.244895,0.149488,0.23007,2346.12,2371.89,1907.03,1932.79
27.16,-184.995,-263.966,-4.48038,15.0973,0.246213,0.151186,0.232671,2351.25,2366.56,1912.32,1927.63
27.17,-185.032,-263.819,-4.47886,15.0966,0.246947,0.151735,0.233505,2354.91,2362.72,1916.12,1923.93
27.18,-185.069,-263.673,-4.47734,15.0959,0.247259,0.151777,0.233558,2357.55,2359.91,1918.9,1921.26
27.19,-185.107,-263.527,-4.47583,15.0952,0.247263,0.151578,0.233242,2359.47,2357.82,1920.96,1919.31
27.2,-185.145,-263.381,-4.47431,15.0946,0.247038,0.151253,0.232732,2360.89,2356.24,1922.51,1917.86
27.21,-185.183,-263.235,-4.4728,15.094,0.24664,0.150854,0.232109,2361.95,2355.03,1923.69,1916.77
27.22,-185.221,-263.089,-4.47127,15.0932,0.251947,0.156955,0.241483,2306.4,2410.37,1868.31,1972.28
27.23,-185.26,-262.943,-4.46967,15.0923,0.257624,0.161397,0.248304,2322.76,2393.81,1884.83,1955.88
27.24,-185.299,-262.797,-4.46805,15.0916,0.261466,0.163321,0.251251,2334.42,2381.97,1896.64,1944.18
27.25,-185.338,-262.651,-4.46641,15.091,0.263991,0.1641,0.25244,2342.8,2373.43,1905.15,1935.77
27.26,-185.378,-262.505,-4.46477,15.0904,0.265566,0.164324,0.252775,2348.85,2367.23,1911.32,1929.69
27.27,-185.417,-262.36,-4.46312,15.0899,0.266451,0.164253,0.252656,2353.25,2362.7,1915.82,1925.27
27.28,-185.457,-262.214,-4.46148,15.0893,0.268196,0.16575,0.25495,2254.3,2461.52,1816.98,2024.19
27.29,-185.497,-262.069,-4.45975,15.0883,0.279611,0.176946,0.272151,2285.64,2429.92,1848.53,1992.81
27.3,-185.538,-261.924,-4.45795,15.0875,0.287529,0.181943,0.279822,2307.87,2407.48,1870.93,1970.54
27.31,-185.579,-261.778,-4.45612,15.0868,0.292953,0.184206,0.283291,2323.76,2391.41,1886.96,1954.61
27.32,-185.62,-261.633,-4.45427,15.0862,0.296586,0.185195,0.284801,2335.2,2379.83,1898.52,1943.14
27.33,-185.662,-261.488,-4.45242,15.0857,0.298928,0.185544,0.285328,2343.46,2371.44,1906.88,1934.86
27.34,-185.704,-261.343,-4.45056,15.0853,0.300331,0.185539,0.285311,2349.46,2365.33,1912.97,1928.84
27.35,-185.746,-261.198,-4.44869,15.0845,0.307549,0.193076,0.296886,2238.34,2476.26,1802,2039.92
27.36,-185.788,-261.053,-4.44669,15.0834,0.320667,0.204148,0.313888,2274.2,2440.13,1838.08,2004.01
27.37,-185.831,-260.909,-4.44462,15.0826,0.329778,0.20917,0.321592,2299.72,2414.4,1863.77,1978.45
27.38,-185.874,-260.764,-4.44251,15.082,0.336025,0.211483,0.325135,2318.01,2395.95,1882.19,1960.13
27.39,-185.918,-260.62,-4.44039,15.0814,0.340213,0.212506,0.326697,2331.18,2382.64,1895.47,1946.93
27.4,-185.962,-260.476,-4.43826,15.081,0.342915,0.212863,0.327237,2340.71,2373.01,1905.09,1937.38
27.41,-186.006,-260.331,-4.43613,15.0806,0.344536,0.212842,0.327196,2347.63,2365.99,1912.09,1930.44
27.42,-186.051,-260.187,-4.43394,15.0795,0.3578,0.22653,0.348211,2232.75,2480.61,1797.42,2045.28
27.43,-186.096,-260.043,-4.43162,15.0784,0.37146,0.236563,0.363607,2270.2,2442.86,1835.1,2007.77
27.44,-186.142,-259.9,-4.42922,15.0776,0.380928,0.241161,0.370654,2296.94,2415.92,1862,1980.99
27.45,-186.188,-259.756,-4.4268,15.077,0.387394,0.243282,0.3739,2316.14,2396.57,1881.33,1961.76
27.46,-186.234,-259.613,-4.42436,15.0765,0.391697,0.244197,0.375295,2329.99,2382.6,1895.28,1947.88
27.47,-186.281,-259.469,-4.42192,15.0762,0.394436,0.24447,0.375705,2340.03,2372.47,1905.39,1937.83
27.48,-186.328,-259.326,-4.41947,15.0759,0.396038,0.244367,0.37554,2347.34,2365.08,1912.76,1930.5
27.49,-186.376,-259.183,-4.41691,15.0742,0.415279,0.263593,0.405042,2234.17,2477.86,1799.9,2043.6
27.5,-186.424,-259.04,-4.41422,15.0731,0.428691,0.272225,0.418276,2271.25,2440.49,1837.22,2006.46
27.51,-186.473,-258.897,-4.41147,15.0724,0.437945,0.276197,0.424357,2297.8,2413.75,1863.93,1979.87
27.52,-186.522,-258.755,-4.4087,15.0718,0.444216,0.278006,0.42712,2316.9,2394.5,1883.15,1960.74
27.53,-186.571,-258.612,-4.40592,15.0714,0.448334,0.278732,0.428225,2330.72,2380.59,1897.04,1946.91
27.54,-186.621,-258.47,-4.40313,15.0711,0.450892,0.278866,0.428421,2340.75,2370.48,1907.13,1936.87
27.55,-186.672,-258.328,-4.40032,15.0703,0.458855,0.286623,0.440315,2190.32,2520.74,1756.84,2087.26
27.56,-186.723,-258.186,-4.39736,15.0687,0.477076,0.302484,0.464632,2240.07,2470.56,1806.94,2037.43
27.57,-186.774,-258.044,-4.39429,15.0676,0.489732,0.309651,0.475607,2275.54,2434.82,1842.62,2001.91
27.58,-186.826,-257.903,-4.39117,15.0669,0.498407,0.312938,0.480631,2300.99,2409.18,1868.23,1976.42
27.59,-186.879,-257.762,-4.38804,15.0664,0.504217,0.314383,0.482836,2319.35,2390.69,1886.69,1958.03
27.6,-186.932,-257.62,-4.38489,15.0661,0.507957,0.314882,0.483591,2332.66,2377.3,1900.07,1944.71
27.61,-186.985,-257.479,-4.38174,15.0658,0.510192,0.314846,0.483528,2342.34,2367.55,1909.81,1935.01
27.62,-187.039,-257.339,-4.37857,15.0648,0.520222,0.32509,0.499226,2191.27,2518.41,1758.9,2086.05
27.63,-187.094,-257.198,-4.37522,15.0631,0.538245,0.340167,0.52232,2240.76,2468.47,1808.76,2036.47
27.64,-187.149,-257.058,-4.37178,15.062,0.550724,0.346963,0.532716,2276.12,2432.83,1844.34,2001.06
27.65,-187.205,-256.918,-4.36829,15.0613,0.55923,0.350042,0.537418,2301.53,2407.23,1869.91,1975.61
27.66,-187.261,-256.778,-4.36478,15.0608,0.564875,0.351344,0.539402,2319.89,2388.75,1888.37,1957.22
27.67,-187.318,-256.639,-4.36127,15.0605,0.568447,0.351724,0.539973,2333.22,2375.34,1901.76,1943.88
27.68,-187.376,-256.499,-4.35775,15.0603,0.570512,0.351574,0.539737,2342.95,2365.56,1911.53,1934.14
27.69,-187.434,-256.36,-4.35419,15.059,0.582599,0.36409,0.558902,2194.37,2513.87,1763.17,2082.67
27.7,-187.492,-256.221,-4.35047,15.0572,0.600179,0.378166,0.580442,2242.98,2464.79,1812.16,2033.97
27.71,-187.552,-256.083,-4.34665,15.0561,0.612308,0.384488,0.590102,2277.78,2429.71,1847.19,1999.12
27.72,-187.611,-255.945,-4.34278,15.0554,0.620523,0.387308,0.594403,2302.83,2404.47,1872.39,1974.02
27.73,-187.672,-255.807,-4.3389,15.055,0.625913,0.38844,0.596122,2320.97,2386.22,1890.62,1955.87
27.74,-187.733,-255.669,-4.33502,15.0547,0.629256,0.388682,0.596485,2334.16,2372.96,1903.87,1942.66
27.75,-187.795,-255.531,-4.33113,15.0546,0.631104,0.388409,0.59606,2343.81,2363.26,1913.55,1933
27.76,-187.857,-255.394,-4.32719,15.053,0.645029,0.402879,0.618199,2199.77,2506.97,1769.78,2076.98
27.77,-187.92,-255.257,-4.32309,15.0512,0.661907,0.415813,0.637971,2246.83,2459.43,1817.23,2029.82
27.78,-187.983,-255.121,-4.31889,15.0501,0.6735,0.421589,0.646786,2280.6,2425.38,1851.23,1996.01
27.79,-188.048,-254.984,-4.31466,15.0494,0.681291,0.424111,0.650626,2304.96,2400.84,1875.73,1971.61
27.8,-188.113,-254.848,-4.31041,15.049,0.686334,0.425048,0.652046,2322.62,2383.06,1893.48,1953.93
27.81,-188.178,-254.713,-4.30616,15.0488,0.68938,0.425141,0.652178,2335.5,2370.13,1906.41,1941.04
27.82,-188.244,-254.577,-4.30191,15.0487,0.690967,0.424736,0.651553,2344.95,2360.65,1915.88,1931.58
27.83,-188.311,-254.442,-4.2976,15.0468,0.706466,0.440812,0.676129,2206.87,2498.31,1778.14,2069.58
27.84,-188.379,-254.308,-4.29312,15.0451,0.72245,0.452539,0.694034,2251.9,2452.81,1823.55,2024.46
27.85,-188.447,-254.174,-4.28856,15.044,0.733369,0.457732,0.701948,2284.28,2420.15,1856.15,1992.03
27.86,-188.516,-254.04,-4.28397,15.0433,0.74064,0.459934,0.705294,2307.69,2396.58,1879.7,1968.59
27.87,-188.585,-253.906,-4.27936,15.043,0.745267,0.460663,0.706395,2324.69,2379.47,1896.78,1951.56
27.88,-188.656,-253.773,-4.27476,15.0428,0.74797,0.460597,0.706287,2337.12,2366.99,1909.25,1939.12
27.89,-188.726,-253.64,-4.27015,15.0428,0.749262,0.460056,0.705455,2346.28,2357.83,1918.42,1929.97
27.9,-188.798,-253.507,-4.26545,15.0404,0.767774,0.478895,0.734226,2219.97,2483.59,1792.55,2056.17
27.91,-188.87,-253.375,-4.2606,15.0387,0.78219,0.488555,0.748954,2261.26,2441.86,1834.2,2014.79
27.92,-188.943,-253.244,-4.25569,15.0377,0.791955,0.492776,0.755376,2291.03,2411.83,1864.17,1984.98
27.93,-189.017,-253.112,-4.25075,15.0372,0.79836,0.494471,0.757945,2312.61,2390.11,1885.87,1963.37
27.94,-189.092,-252.982,-4.2458,15.0369,0.802326,0.494896,0.758582,2328.33,2374.3,1901.66,1947.63
27.95,-189.167,-252.851,-4.24085,15.0368,0.804511,0.494619,0.758153,2339.86,2362.74,1913.21,1936.1
27.96,-189.243,-252.721,-4.2359,15.0361,0.809764,0.499373,0.765407,2187.25,2515.28,1760.67,2088.69
27.97,-189.319,-252.591,-4.23081,15.0337,0.827769,0.515877,0.790577,2237.68,2464.21,1811.61,2038.14
27.98,-189.397,-252.462,-4.2256,15.0323,0.840098,0.523089,0.801553,2273.94,2427.57,1848.18,2001.8
27.99,-189.475,-252.334,-4.22035,15.0315,0.848336,0.526151,0.806201,2300.17,2401.13,1874.58,1975.54
28,-189.554,-252.205,-4.21509,15.031,0.85361,0.52724,0.807846,2319.24,2381.94,1893.75,1956.45
28.01,-189.633,-252.078,-4.20981,15.0308,0.856725,0.527307,0.807938,2333.18,2367.93,1907.74,1942.49
28.02,-189.714,-251.95,-4.20454,15.0308,0.858257,0.526787,0.80714,2343.46,2357.65,1918.02,1932.21
28.03,-189.795,-251.823,-4.19924,15.0294,0.868633,0.537587,0.823607,2210.63,2490.18,1785.43,2064.98
28.04,-189.876,-251.697,-4.19379,15.0273,0.883922,0.549831,0.842251,2254.35,2445.92,1829.59,2021.16
28.05,-189.959,-251.571,-4.18826,15.0261,0.894281,0.555117,0.850281,2285.9,2414.06,1861.39,1989.55
28.06,-190.042,-251.446,-4.18269,15.0255,0.901076,0.557241,0.853496,2308.79,2390.99,1884.43,1966.63
28.07,-190.127,-251.321,-4.17712,15.0251,0.905281,0.557821,0.854366,2325.49,2374.19,1901.2,1949.91
28.08,-190.211,-251.196,-4.17154,15.025,0.907591,0.557575,0.853983,2337.76,2361.9,1913.5,1937.63
28.09,-190.297,-251.073,-4.16597,15.0251,0.908507,0.556836,0.852855,2346.85,2352.82,1922.58,1928.54
28.1,-190.383,-250.949,-4.16033,15.0229,0.922982,0.571811,0.875663,2231.64,2467.54,1807.76,2043.66
28.11,-190.47,-250.827,-4.15455,15.0212,0.935821,0.5808,0.889328,2269.37,2429.36,1845.85,2005.85
28.12,-190.558,-250.704,-4.14872,15.0202,0.944399,0.584584,0.895065,2296.69,2401.78,1873.38,1978.48
28.13,-190.647,-250.583,-4.14287,15.0197,0.949886,0.585955,0.897131,2316.57,2381.75,1893.38,1958.56
28.14,-190.736,-250.462,-4.13701,15.0195,0.953119,0.586112,0.89736,2331.14,2367.13,1908,1943.98
28.15,-190.826,-250.341,-4.13115,15.0195,0.954698,0.585596,0.896569,2341.89,2356.37,1918.76,1933.23
28.16,-190.917,-250.221,-4.12529,15.0193,0.956984,0.587129,0.898904,2205.36,2492.93,1782.2,2069.77
28.17,-191.009,-250.102,-4.11933,15.0168,0.972714,0.602383,0.922108,2250.27,2447.38,1827.62,2024.74
28.18,-191.101,-249.983,-4.11326,15.0154,0.983373,0.608894,0.931989,2282.71,2414.57,1860.37,1992.23
28.19,-191.194,-249.865,-4.10716,15.0147,0.990362,0.611509,0.935943,2306.28,2390.79,1884.11,1968.62
28.2,-191.288,-249.747,-4.10104,15.0143,0.994681,0.612274,0.93709,2323.5,2373.46,1901.41,1951.37
28.21,-191.383,-249.63,-4.09492,15.0142,0.997045,0.612079,0.936785,2336.17,2360.76,1914.11,1938.7
28.22,-191.479,-249.514,-4.0888,15.0143,0.997966,0.611331,0.935645,2345.58,2351.37,1923.5,1929.29
28.23,-191.575,-249.398,-4.08267,15.0132,1.00479,0.618543,0.946616,2228.25,2468.51,1806.33,2046.59
28.24,-191.672,-249.283,-4.07642,15.0112,1.01786,0.629615,0.963433,2266.62,2429.61,1845.13,2008.11
28.25,-191.77,-249.169,-4.07009,15.0101,1.0266,0.634242,0.970441,2294.45,2401.48,1873.2,1980.23
28.26,-191.868,-249.055,-4.06374,15.0095,1.03219,0.635945,0.973008,2314.74,2381.04,1893.61,1959.91
28.27,-191.967,-248.942,-4.05738,15.0092,1.03547,0.636222,0.973417,2329.62,2366.09,1908.55,1945.02
28.28,-192.067,-248.83,-4.05102,15.0092,1.03706,0.635734,0.972669,2340.62,2355.08,1919.56,1934.01
28.29,-192.168,-248.718,-4.04466,15.0094,1.0374,0.634786,0.971229,2348.84,2346.89,1927.75,1925.8
28.3,-192.27,-248.607,-4.03828,15.0082,1.04518,0.642924,0.983599,2273.35,2422.12,1852.47,2001.24
28.31,-192.372,-248.497,-4.03182,15.007,1.05312,0.648686,0.992339,2299.15,2396.01,1878.52,1975.38
28.32,-192.475,-248.387,-4.02532,15.0065,1.05814,0.6508,0.995535,2317.98,2377.03,1897.48,1956.52
28.33,-192.579,-248.278,-4.0188,15.0062,1.06102,0.651211,0.99615,2331.82,2363.13,1911.36,1942.67
28.34,-192.683,-248.17,-4.01229,15.0063,1.06233,0.650756,0.995454,2342.07,2352.88,1921.61,1932.42
28.35,-192.788,-248.063,-4.00579,15.0064,1.06246,0.649807,0.994014,2349.75,2345.24,1929.26,1924.75
28.36,-192.894,-247.956,-3.9993,15.0066,1.06232,0.649309,0.993265,2310.59,2384.47,1890.04,1963.93
28.37,-193.001,-247.85,-3.99278,15.0061,1.06607,0.653051,0.998955,2325.91,2369,1905.48,1948.57
28.38,-193.108,-247.744,-3.98624,15.0059,1.06808,0.654083,1.00052,2337.19,2357.67,1916.8,1937.28
28.39,-193.216,-247.639,-3.9797,15.006,1.06881,0.65387,1.0002,2345.58,2349.3,1925.18,1928.9
28.4,-193.325,-247.535,-3.97317,15.0062,1.06858,0.653032,0.998932,2351.89,2343.03,1931.45,1922.59
28.41,-193.434,-247.432,-3.96665,15.0065,1.06762,0.651842,0.997131,2356.73,2338.27,1936.23,1917.77
28.42,-193.544,-247.329,-3.96014,15.0069,1.0661,0.650422,0.994984,2360.51,2334.58,1939.94,1914.01
28.43,-193.655,-247.228,-3.95364,15.0073,1.06422,0.648922,0.992717,2361.9,2333.3,1941.24,1912.64
28.44,-193.766,-247.126,-3.94716,15.0077,1.06222,0.647512,0.990588,2363.09,2332.21,1942.35,1911.47
28.45,-193.878,-247.026,-3.94069,15.0081,1.06008,0.646064,0.988403,2364.2,2331.21,1943.37,1910.38
28.46,-193.991,-246.926,-3.93424,15.0086,1.0578,0.644559,0.986129,2365.26,2330.27,1944.33,1909.35
28.47,-194.104,-246.827,-3.9278,15.0091,1.05539,0.642985,0.983752,2366.29,2329.35,1945.27,1908.34
28.48,-194.218,-246.729,-3.92138,15.0095,1.05285,0.641339,0.981264,2367.31,2328.45,1946.2,1907.33
28.49,-194.333,-246.631,-3.91498,15.01,1.05018,0.639616,0.978659,2368.35,2327.54,1947.13,1906.32
28.5,-194.448,-246.534,-3.90861,15.0111,1.04415,0.634271,0.97055,2395.6,2300.53,1974.19,1879.11
28.51,-194.563,-246.438,-3.90229,15.012,1.03843,0.630382,0.96466,2387.6,2308.78,1965.99,1887.17
28.52,-194.679,-246.342,-3.896,15.0128,1.0336,0.627679,0.960573,2382.08,2314.49,1960.31,1892.72
28.53,-194.796,-246.247,-3.88974,15.0135,1.02938,0.625482,0.957252,2378.35,2318.38,1956.45,1896.48
28.54,-194.914,-246.153,-3.88349,15.0141,1.02556,0.623495,0.954249,2375.94,2320.95,1953.91,1898.93
28.55,-195.031,-246.06,-3.87727,15.0146,1.02201,0.621584,0.951359,2374.47,2322.56,1952.33,1900.42
28.56,-195.15,-245.967,-3.87106,15.0153,1.01777,0.618613,0.946856,2436.38,2260.78,2014.14,1838.53
28.57,-195.269,-245.875,-3.86493,15.0169,1.00756,0.609748,0.933387,2416.91,2280.68,1994.32,1858.09
28.58,-195.388,-245.783,-3.85886,15.0181,0.999528,0.604769,0.925838,2403.14,2294.75,1980.31,1871.91
28.59,-195.509,-245.692,-3.85283,15.019,0.993041,0.601474,0.92085,2393.48,2304.65,1970.45,1881.62
28.6,-195.629,-245.602,-3.84683,15.0197,0.987633,0.598931,0.917002,2386.76,2311.56,1963.58,1888.38
28.61,-195.75,-245.513,-3.84086,15.0204,0.98297,0.59673,0.91367,2382.17,2316.3,1958.86,1892.99
28.62,-195.872,-245.424,-3.8349,15.0209,0.978811,0.594681,0.910568,2379.14,2319.48,1955.71,1896.06
28.63,-195.994,-245.336,-3.82898,15.0222,0.970703,0.587589,0.899782,2453.07,2245.82,2029.42,1822.18
28.64,-196.116,-245.248,-3.82316,15.0239,0.958723,0.578268,0.88561,2429.07,2270.26,2005.07,1846.26
28.65,-196.239,-245.162,-3.81741,15.0251,0.949436,0.572999,0.877611,2412.06,2287.58,1987.81,1863.33
28.66,-196.363,-245.075,-3.8117,15.026,0.942055,0.569515,0.872328,2400.05,2299.83,1975.61,1875.38
28.67,-196.486,-244.99,-3.80602,15.0268,0.936016,0.566848,0.868286,2391.64,2308.43,1967.04,1883.83
28.68,-196.611,-244.905,-3.80036,15.0274,0.930912,0.564568,0.864829,2385.83,2314.4,1961.1,1889.67
28.69,-196.736,-244.821,-3.79473,15.0279,0.926451,0.562473,0.861652,2381.89,2318.47,1957.05,1893.64
28.7,-196.861,-244.737,-3.78915,15.0297,0.913958,0.550983,0.844147,2460.56,2240.2,2035.4,1815.04
28.71,-196.986,-244.654,-3.7837,15.0313,0.901255,0.542108,0.83064,2434.58,2266.61,2009.08,1841.11
28.72,-197.112,-244.571,-3.77831,15.0324,0.891466,0.53699,0.82286,2416.13,2285.35,1990.39,1859.61
28.73,-197.239,-244.489,-3.77296,15.0333,0.883744,0.533553,0.81764,2403.08,2298.63,1977.16,1872.7
28.74,-197.366,-244.408,-3.76764,15.034,0.877479,0.530903,0.813616,2393.91,2307.97,1967.85,1881.91
28.75,-197.493,-244.328,-3.76234,15.0345,0.872235,0.528637,0.810175,2387.54,2314.49,1961.36,1888.31
28.76,-197.62,-244.248,-3.75706,15.035,0.867696,0.526563,0.807022,2383.19,2318.96,1956.91,1892.68
28.77,-197.748,-244.168,-3.75189,15.0372,0.850863,0.511074,0.783395,2461.58,2241.08,2034.89,1814.39
28.78,-197.877,-244.089,-3.74683,15.0386,0.838166,0.503064,0.77119,2435.36,2267.67,2008.37,1840.68
28.79,-198.005,-244.011,-3.74183,15.0396,0.828408,0.498321,0.763971,2416.75,2286.55,1989.54,1859.34
28.8,-198.134,-243.933,-3.73686,15.0404,0.820733,0.495065,0.759017,2403.56,2299.93,1976.2,1872.56
28.81,-198.264,-243.856,-3.73193,15.041,0.814531,0.492519,0.755145,2394.29,2309.36,1966.8,1881.87
28.82,-198.393,-243.779,-3.72701,15.0415,0.80936,0.49033,0.751813,2387.82,2315.94,1960.24,1888.36
28.83,-198.523,-243.703,-3.72213,15.0425,0.800323,0.482734,0.740215,2493.74,2210.23,2065.99,1782.48
28.84,-198.654,-243.628,-3.71739,15.0443,0.784141,0.469558,0.720098,2458.18,2246.26,2030.05,1818.13
28.85,-198.784,-243.553,-3.71273,15.0455,0.771942,0.462557,0.709418,2432.92,2271.84,2004.53,1843.45
28.86,-198.915,-243.478,-3.70813,15.0463,0.762572,0.458286,0.702908,2414.98,2290.01,1986.41,1861.44
28.87,-199.046,-243.404,-3.70357,15.047,0.755209,0.455279,0.698326,2402.27,2302.88,1973.56,1874.18
28.88,-199.178,-243.33,-3.69903,15.0475,0.749264,0.45289,0.694685,2393.32,2311.96,1964.51,1883.15
28.89,-199.31,-243.258,-3.69451,15.0479,0.744314,0.450818,0.691525,2387.08,2318.3,1958.19,1889.41
28.9,-199.442,-243.185,-3.69006,15.0501,0.725587,0.432014,0.662776,2581.83,2118.68,2157.9,1694.75
28.91,-199.574,-243.113,-3.68587,15.0542,0.699503,0.411394,0.631315,2513.94,2176.78,2099.99,1762.84
28.92,-199.707,-243.041,-3.68182,15.0591,0.680431,0.400996,0.615558,2464.24,2216.72,2060.29,1812.76
28.93,-199.839,-242.97,-3.67784,15.0649,0.666358,0.395175,0.606858,2427.4,2243.85,2033.43,1849.88
28.94,-199.972,-242.899,-3.67391,15.072,0.655857,0.391525,0.601536,2399.71,2261.9,2015.72,1877.91
28.95,-200.106,-242.828,-3.67001,15.0804,0.647909,0.388986,0.597967,2378.57,2273.46,2004.55,1899.45
28.96,-200.24,-242.758,-3.66613,15.0901,0.641787,0.387064,0.595395,2362.13,2280.39,1998.09,1916.35
28.97,-200.374,-242.688,-3.66232,15.1022,0.627696,0.375109,0.577467,2438.1,2195.02,2084.02,1840.95
28.98,-200.508,-242.619,-3.65862,15.1156,0.613944,0.366138,0.564159,2401.18,2222.63,2057.07,1878.52
28.99,-200.642,-242.549,-3.65499,15.1302,0.603783,0.36138,0.557367,2373.61,2240.93,2039.46,1906.78
29,-200.777,-242.481,-3.65139,15.1461,0.596178,0.358559,0.553597,2352.66,2252.69,2028.47,1928.5
29.01,-200.913,-242.412,-3.64782,15.1634,0.590398,0.356686,0.551334,2336.43,2259.8,2022.19,1945.56
29.02,-201.048,-242.344,-3.64426,15.1821,0.585919,0.355318,0.549895,2323.59,2263.59,2019.3,1959.3
29.03,-201.184,-242.276,-3.64071,15.2022,0.582366,0.354239,0.548951,2313.19,2265.02,2018.84,1970.67
29.04,-201.321,-242.208,-3.63725,15.2249,0.567015,0.340107,0.527837,2383.82,2185.54,2099.41,1901.13
29.05,-201.458,-242.141,-3.63389,15.2486,0.555799,0.333258,0.518013,2353.08,2207.5,2078.61,1933.02
29.06,-201.595,-242.074,-3.63058,15.2736,0.547515,0.329631,0.513215,2330.01,2221.85,2065.46,1957.3
29.07,-201.733,-242.007,-3.6273,15.2999,0.541316,0.327504,0.510781,2312.35,2230.87,2057.73,1976.24
29.08,-201.871,-241.941,-3.62403,15.3276,0.536605,0.326122,0.509548,2298.55,2236.09,2053.85,1991.39
29.09,-202.009,-241.875,-3.62078,15.3567,0.532954,0.325141,0.50898,2287.53,2238.62,2052.75,2003.84
29.1,-202.148,-241.809,-3.61755,15.3878,0.523464,0.316661,0.496711,2370.42,2147.34,2145.55,1922.47
29.11,-202.288,-241.743,-3.61444,15.4206,0.510906,0.307305,0.483062,2335.87,2173.59,2120.91,1958.63
29.12,-202.427,-241.677,-3.6114,15.4547,0.501721,0.302641,0.47678,2310.27,2190.96,2105.21,1985.91
29.13,-202.568,-241.612,-3.60839,15.49,0.494928,0.300117,0.473886,2290.9,2202.17,2095.74,2007.02
29.14,-202.709,-241.547,-3.6054,15.5267,0.489841,0.298627,0.472651,2275.94,2209.04,2090.69,2023.79
29.15,-202.85,-241.482,-3.60241,15.5648,0.485972,0.297673,0.472296,2264.15,2212.84,2088.78,2037.47
29.16,-202.992,-241.417,-3.59944,15.6044,0.482971,0.297016,0.472453,2254.64,2214.43,2089.16,2048.95
29.17,-203.134,-241.353,-3.59655,15.6463,0.468871,0.283984,0.452936,2321.41,2139.86,2165.81,1984.26
29.18,-203.277,-241.288,-3.59375,15.6893,0.458637,0.277731,0.44418,2292.98,2160.56,2147.26,2014.83
29.19,-203.421,-241.224,-3.59099,15.7336,0.451131,0.274536,0.440311,2271.75,2174.14,2135.9,2038.29
29.2,-203.565,-241.16,-3.58826,15.7793,0.445567,0.272788,0.438779,2255.55,2182.77,2129.56,2056.79
29.21,-203.709,-241.096,-3.58553,15.8264,0.441388,0.271768,0.438441,2242.92,2187.91,2126.8,2071.79
29.22,-203.854,-241.032,-3.58282,15.875,0.438202,0.271139,0.438768,2232.86,2190.56,2126.61,2084.3
29.23,-204,-240.968,-3.58014,15.9254,0.428536,0.262422,0.426011,2306.71,2109.42,2210.3,2013.01
29.24,-204.146,-240.904,-3.57757,15.9774,0.417447,0.254455,0.414428,2276.02,2132.9,2189.47,2046.34
29.25,-204.293,-240.84,-3.57505,16.0307,0.409358,0.250506,0.409355,2253.37,2148.43,2176.66,2071.72
29.26,-204.441,-240.777,-3.57255,16.0853,0.403394,0.248442,0.407367,2236.25,2158.5,2169.38,2091.63
29.27,-204.589,-240.713,-3.57008,16.1413,0.398948,0.247312,0.406927,2223.05,2164.76,2166.01,2107.72
29.28,-204.738,-240.65,-3.56761,16.1988,0.395591,0.246675,0.407322,2212.63,2168.3,2165.43,2121.1
29.29,-204.887,-240.587,-3.56516,16.258,0.388318,0.240656,0.398836,2287.55,2086.62,2250.17,2049.24
29.3,-205.037,-240.523,-3.5628,16.3188,0.377043,0.231879,0.385728,2256.44,2111.08,2228.87,2083.52
29.31,-205.188,-240.46,-3.56051,16.381,0.368835,0.227555,0.379976,2233.66,2127.29,2215.91,2109.54
29.32,-205.34,-240.397,-3.55825,16.4445,0.362795,0.225338,0.377734,2216.57,2137.9,2208.63,2129.96
29.33,-205.492,-240.334,-3.556,16.5094,0.358303,0.224167,0.377255,2203.45,2144.63,2205.31,2146.49
29.34,-205.645,-240.271,-3.55376,16.5758,0.354923,0.223545,0.377719,2193.16,2148.62,2204.83,2160.28
29.35,-205.799,-240.207,-3.55154,16.6437,0.348968,0.21908,0.371693,2266.12,2069.46,2287.58,2090.92
29.36,-205.953,-240.144,-3.5494,16.7134,0.337941,0.210137,0.358012,2235.81,2093.7,2267.05,2124.95
29.37,-206.108,-240.081,-3.54733,16.7844,0.329917,0.205713,0.351963,2213.77,2109.75,2254.8,2150.78
29.38,-206.264,-240.018,-3.54529,16.8568,0.324009,0.203458,0.349607,2197.31,2120.32,2248.11,2171.13
29.39,-206.421,-239.955,-3.54326,16.9305,0.319611,0.20229,0.349121,2184.72,2127.12,2245.3,2187.7
29.4,-206.579,-239.891,-3.54124,17.0057,0.3163,0.201696,0.349641,2174.88,2131.26,2245.23,2201.6
29.41,-206.737,-239.828,-3.53924,17.0825,0.309646,0.19642,0.342034,2240.26,2060.3,2320.36,2140.41
29.42,-206.896,-239.765,-3.53732,17.161,0.299543,0.188552,0.32984,2212.72,2082.38,2302.58,2172.23
29.43,-207.056,-239.701,-3.53546,17.2407,0.292171,0.184604,0.324435,2192.72,2097.01,2292.33,2196.61
29.44,-207.217,-239.638,-3.53362,17.3219,0.286724,0.182583,0.322394,2177.79,2106.68,2287.14,2216.03
29.45,-207.378,-239.574,-3.5318,17.4045,0.282654,0.181547,0.322093,2166.36,2112.94,2285.45,2232.03
29.46,-207.541,-239.511,-3.52999,17.4885,0.279576,0.181041,0.322745,2157.44,2116.81,2286.26,2245.63
29.47,-207.704,-239.447,-3.52821,17.5741,0.271652,0.174285,0.312222,2213.95,2055.37,2352.5,2193.91
29.48,-207.869,-239.383,-3.5265,17.6606,0.262658,0.167932,0.302322,2190.88,2073.59,2339.14,2221.86
29.49,-208.034,-239.319,-3.52484,17.7472,0.255925,0.164828,0.298189,2174.2,2085.45,2332.18,2243.44
29.5,-208.2,-239.255,-3.5232,17.834,0.250768,0.163358,0.296976,2161.8,2093.08,2329.5,2260.78
29.51,-208.367,-239.191,-3.52157,17.921,0.246723,0.162741,0.297297,2152.34,2097.8,2329.76,2275.21
29.52,-208.535,-239.127,-3.51995,18.0083,0.243467,0.162586,0.298461,2144.95,2100.48,2332.08,2287.62
29.53,-208.703,-239.062,-3.51837,18.096,0.233487,0.154279,0.284592,2191.15,2049.64,2387.99,2246.48
29.54,-208.873,-238.998,-3.51685,18.1841,0.225429,0.149371,0.276878,2170.85,2065.34,2377.4,2271.89
29.55,-209.043,-238.933,-3.51538,18.2723,0.219336,0.146874,0.273571,2156.2,2075.43,2372.45,2291.68
29.56,-209.215,-238.869,-3.51392,18.3609,0.212255,0.14272,0.267122,2201.71,2025.39,2427.67,2251.35
29.57,-209.387,-238.804,-3.51254,18.4498,0.202309,0.135559,0.254947,2175.9,2046.75,2411.55,2282.4
29.58,-209.56,-238.739,-3.51122,18.5391,0.19177,0.127932,0.241769,2201.27,2016.95,2446.62,2262.31
29.59,-209.734,-238.673,-3.50998,18.6287,0.181365,0.121033,0.229836,2174.5,2039.35,2429.55,2294.4
29.6,-209.909,-238.608,-3.50879,18.7185,0.173635,0.117324,0.223866,2155.55,2053.98,2420.29,2318.72
29.61,-210.085,-238.542,-3.50763,18.8086,0.167754,0.115351,0.22116,2141.68,2063.56,2416.11,2337.99
29.62,-210.262,-238.476,-3.50648,18.8988,0.163176,0.114345,0.220284,2131.22,2069.77,2415.34,2353.89
29.63,-210.439,-238.41,-3.50534,18.9893,0.158906,0.113093,0.218915,2169.91,2026.87,2463.72,2320.68
29.64,-210.618,-238.344,-3.50425,19.0801,0.150867,0.107084,0.208275,2148.36,2044.26,2451.85,2347.75
29.65,-210.797,-238.278,-3.50319,19.1712,0.144919,0.103826,0.202903,2133.33,2055.19,2446.5,2368.36
29.66,-210.978,-238.211,-3.50217,19.2626,0.140386,0.102096,0.200472,2122.42,2062.03,2445.27,2384.88
29.67,-211.159,-238.144,-3.50115,19.3541,0.136828,0.101227,0.199711,2114.23,2066.2,2446.75,2398.73
29.68,-211.341,-238.077,-3.50014,19.4459,0.133956,0.100853,0.199916,2107.86,2068.59,2450.06,2410.79
29.69,-211.524,-238.01,-3.49916,19.5381,0.127165,0.0954418,0.190087,2133.81,2038.71,2485.68,2390.58
29.7,-211.708,-237.943,-3.49823,19.6305,0.121761,0.0920051,0.184109,2119.68,2048.96,2481.22,2410.5
29.71,-211.893,-237.876,-3.49732,19.7232,0.117671,0.0901294,0.181207,2109.59,2055.22,2480.79,2426.42
29.72,-212.079,-237.808,-3.49642,19.8161,0.11447,0.0891501,0.180082,2102.11,2058.91,2482.97,2439.78
29.73,-212.266,-237.74,-3.49554,19.9093,0.111885,0.088691,0.179997,2096.34,2060.93,2486.87,2451.46
29.74,-212.453,-237.672,-3.49467,20.0028,0.1061,0.0840771,0.171435,2121.01,2032.57,2521.2,2432.75
29.75,-212.642,-237.604,-3.49388,20.0966,0.0975727,0.0763303,0.156369,2129.33,2020.61,2539.17,2430.45
29.76,-212.831,-237.535,-3.49314,20.1907,0.0914659,0.0718537,0.147888,2112.7,2033.65,2532.19,2453.15
29.77,-213.022,-237.466,-3.49244,20.2851,0.0869512,0.0692859,0.143269,2101.07,2041.74,2530.21,2470.89
29.78,-213.213,-237.397,-3.49175,20.3797,0.0835054,0.0678413,0.140936,2092.63,2046.68,2531.43,2485.47
29.79,-213.405,-237.328,-3.4911,20.4746,0.0779285,0.0635264,0.132587,2106.29,2029.58,2554.73,2478.01
29.8,-213.598,-237.258,-3.49048,20.5698,0.0735804,0.0607174,0.127313,2095.47,2038.81,2551.74,2495.08
29.81,-213.792,-237.189,-3.48988,20.665,0.0703592,0.0590362,0.124361,2096.49,2054.43,2542.4,2500.34
29.82,-213.987,-237.119,-3.4893,20.76,0.0679479,0.057999,0.122738,2099.64,2067.94,2535.19,2503.48
29.83,-214.183,-237.048,-3.48872,20.8549,0.0661183,0.0573506,0.121921,2104.22,2080.03,2529.4,2505.22
29.84,-214.38,-236.978,-3.48817,20.9497,0.061872,0.0534333,0.114109,2127.31,2073.64,2542.14,2488.46
29.85,-214.578,-236.907,-3.48765,21.0443,0.0588973,0.0510488,0.109509,2127.82,2089.86,2532.28,2494.32
29.86,-214.776,-236.836,-3.48715,21.1388,0.0567735,0.0495891,0.106856,2130.87,2103.55,2524.97,2497.64
29.87,-214.976,-236.765,-3.48666,21.2332,0.0552324,0.0486887,0.105384,2135.57,2115.61,2519.3,2499.34
29.88,-215.177,-236.694,-3.48618,21.3274,0.0532125,0.0470034,0.102188,2162.57,2105.39,2535.93,2478.75
29.89,-215.378,-236.622,-3.48572,21.4216,0.050091,0.0439204,0.0959067,2162.02,2122.75,2525.01,2485.74
29.9,-215.58,-236.55,-3.4853,21.5156,0.0479271,0.0420394,0.092202,2164.52,2137.07,2517.14,2489.69
29.91,-215.784,-236.478,-3.48488,21.6094,0.0464027,0.0408852,0.0900619,2168.95,2149.49,2511.2,2491.74
29.92,-215.988,-236.405,-3.48448,21.7032,0.0442397,0.0388108,0.0858631,2200.36,2134.95,2532.24,2466.82
29.93,-216.193,-236.333,-3.48413,21.7968,0.0381349,0.0318827,0.0708402,2227.03,2125.17,2548.53,2446.67
29.94,-216.399,-236.26,-3.48384,21.8903,0.032583,0.0260307,0.0580857,2219.44,2149.66,2530.57,2460.79
29.95,-216.605,-236.186,-3.4836,21.9837,0.0287381,0.0224642,0.0503411,2217.42,2168.61,2518.18,2469.37
29.96,-216.813,-236.113,-3.48339,22.077,0.0260214,0.0202762,0.0456307,2218.89,2184.09,2509.27,2474.47
29.97,-217.022,-236.039,-3.4832,22.1701,0.0234858,0.0181799,0.0410856,2266.09,2153.86,2546.09,2433.87
29.98,-217.231,-235.965,-3.48305,22.2631,0.0173528,0.0116457,0.0264291,2257.12,2179.82,2526.74,2449.45
29.99,-217.441,-235.89,-3.48296,22.356,0.0130787,0.00765955,0.0174553,2254.2,2199.75,2513.44,2458.99
30,-217.653,-235.815,-3.4829,22.4488,0.0100342,0.00520743,0.0119164,2255.07,2215.9,2503.94,2464.76
30.01,-217.865,-235.74,-3.48286,22.5414,0.0078215,0.00368213,0.00846077,2258.37,2229.65,2496.85,2468.13
30.02,-218.078,-235.664,-3.48284,22.6338,0.00250381,-0.00185408,-0.00427777,2304.81,2200.28,2532.9,2428.38
30.03,-218.291,-235.588,-3.48289,22.7262,-0.00327283,-0.00760317,-0.0176137,2297.88,2224.29,2515.59,2442.01
30.04,-218.506,-235.512,-3.48299,22.8183,-0.0073916,-0.0111311,-0.0258913,2296.17,2243.1,2503.5,2450.43
30.05,-218.721,-235.435,-3.48312,22.9104,-0.0103986,-0.0133239,-0.0311168,2297.78,2258.61,2494.72,2455.56
30.06,-218.938,-235.358,-3.48326,23.0023,-0.0141118,-0.0165744,-0.0388634,2355.41,2218.11,2541.97,2404.67
30.07,-219.155,-235.281,-3.48347,23.094,-0.0217134,-0.0244138,-0.0574733,2343.85,2246.83,2520.02,2422.99
30.08,-219.373,-235.203,-3.48374,23.185,-0.02714,-0.0292419,-0.0691104,2338.78,2269.03,2504.56,2434.81
30.09,-219.592,-235.125,-3.48405,23.2744,-0.0310715,-0.0323085,-0.0766527,2337.88,2286.97,2493.28,2442.37
30.1,-219.811,-235.046,-3.48439,23.3623,-0.0339616,-0.0343162,-0.0817235,2339.72,2302.07,2484.74,2447.1
30.11,-220.031,-234.967,-3.48479,23.4485,-0.0445325,-0.0460501,-0.110072,2440.05,2218.58,2574.7,2353.24
30.12,-220.253,-234.887,-3.48532,23.5331,-0.056737,-0.0590028,-0.141541,2415.14,2260.22,2539.43,2384.51
30.13,-220.474,-234.807,-3.48596,23.6161,-0.0653583,-0.0671008,-0.161535,2401.19,2290.8,2515.12,2404.73
30.14,-220.697,-234.727,-3.48666,23.6977,-0.0715551,-0.0722894,-0.174627,2394.24,2314.29,2497.81,2417.87
30.15,-220.92,-234.646,-3.48743,23.7775,-0.0808686,-0.0816483,-0.1979,2437.33,2287.62,2530.56,2380.85
30.16,-221.144,-234.564,-3.48829,23.8558,-0.0891914,-0.0896096,-0.217911,2423.86,2317.41,2506.75,2400.29
30.17,-221.368,-234.482,-3.48922,23.9326,-0.0951599,-0.0947684,-0.231198,2417.2,2340.29,2489.75,2412.84
30.18,-221.593,-234.399,-3.49019,24.0079,-0.0995033,-0.0982195,-0.240371,2414.96,2358.64,2477.18,2420.86
30.19,-221.819,-234.316,-3.4912,24.0815,-0.106339,-0.105173,-0.258178,2465.91,2323.7,2517.8,2375.59
30.2,-222.045,-234.232,-3.4923,24.1535,-0.114203,-0.113295,-0.278948,2452.8,2352.69,2494.37,2394.27
30.21,-222.272,-234.148,-3.49346,24.224,-0.119786,-0.118593,-0.292843,2446.44,2374.83,2477.7,2406.09
30.22,-222.499,-234.063,-3.49467,24.293,-0.123811,-0.122161,-0.302514,2444.45,2392.49,2465.4,2413.44
30.23,-222.727,-233.977,-3.49591,24.3603,-0.129045,-0.127567,-0.316775,2500.33,2352.17,2510.98,2362.82
30.24,-222.955,-233.891,-3.49724,24.426,-0.137197,-0.136552,-0.340002,2485.61,2382.32,2485.96,2382.68
30.25,-223.184,-233.805,-3.49864,24.4902,-0.142929,-0.142428,-0.355565,2478.22,2405.03,2468.29,2395.1
30.26,-223.413,-233.717,-3.50008,24.5528,-0.147023,-0.146395,-0.366402,2475.56,2422.91,2455.34,2402.69
30.27,-223.643,-233.629,-3.50157,24.6139,-0.152278,-0.152076,-0.381569,2530.8,2382.75,2500.31,2352.26
30.28,-223.873,-233.541,-3.50315,24.6732,-0.16041,-0.161279,-0.405635,2515.69,2412.82,2474.94,2372.06
30.29,-224.103,-233.452,-3.50479,24.7311,-0.16611,-0.167346,-0.42188,2508.02,2435.34,2457,2384.32
30.3,-224.334,-233.362,-3.50649,24.7875,-0.17017,-0.171474,-0.433273,2505.12,2452.97,2443.85,2391.69
30.31,-224.565,-233.272,-3.50823,24.8422,-0.17465,-0.176359,-0.446601,2561.91,2410.8,2490.38,2339.27
30.32,-224.796,-233.181,-3.51005,24.8953,-0.182936,-0.185993,-0.472002,2545.92,2441.26,2464.15,2359.49
30.33,-225.028,-233.089,-3.51194,24.9468,-0.188725,-0.192378,-0.489215,2537.62,2463.91,2445.62,2371.91
30.34,-225.26,-232.996,-3.51389,24.9969,-0.192838,-0.196746,-0.501329,2534.29,2481.49,2432.05,2379.26
30.35,-225.492,-232.903,-3.51588,25.0453,-0.197323,-0.201781,-0.515155,2589.65,2440.25,2477.19,2327.79
30.36,-225.725,-232.81,-3.51795,25.092,-0.205514,-0.211441,-0.540824,2573.65,2470.22,2450.98,2347.54
30.37,-225.958,-232.715,-3.52011,25.1372,-0.211236,-0.217891,-0.558326,2565.3,2492.42,2432.42,2359.54
30.38,-226.191,-232.62,-3.52231,25.181,-0.215306,-0.22234,-0.570718,2561.88,2509.58,2418.79,2366.5
30.39,-226.424,-232.524,-3.52459,25.2226,-0.224674,-0.233584,-0.600572,2653.09,2438.53,2493.23,2278.67
30.4,-226.657,-232.427,-3.527,25.2594,-0.236402,-0.247459,-0.637171,2640.25,2492.51,2442.26,2294.52
30.41,-226.89,-232.329,-3.52953,25.2908,-0.244558,-0.256601,-0.661533,2636.57,2532.87,2404.48,2300.78
30.42,-227.123,-232.231,-3.53213,25.3175,-0.250347,-0.262774,-0.678164,2638.26,2563.87,2375.68,2301.29
30.43,-227.356,-232.132,-3.53479,25.3398,-0.256343,-0.269347,-0.69574,2685.81,2545.35,2396.05,2255.59
30.44,-227.589,-232.032,-3.53753,25.3581,-0.264111,-0.27811,-0.718894,2677.88,2578.88,2364.03,2265.03
30.45,-227.822,-231.931,-3.54035,25.3731,-0.269657,-0.284026,-0.73462,2675.54,2604.01,2340.14,2268.61
30.46,-228.055,-231.83,-3.54321,25.3851,-0.273722,-0.288146,-0.745628,2676.49,2623.33,2321.82,2268.66
30.47,-228.287,-231.728,-3.54612,25.3943,-0.278516,-0.293313,-0.759273,2720.5,2597.24,2348.68,2225.42
30.48,-228.519,-231.625,-3.54909,25.4009,-0.285369,-0.301008,-0.779394,2710.61,2622.8,2323.67,2235.86
30.49,-228.751,-231.521,-3.55214,25.4054,-0.290325,-0.306233,-0.793064,2705.88,2641.46,2305.39,2240.97
30.5,-228.983,-231.417,-3.55522,25.408,-0.294023,-0.3099,-0.802646,2704.27,2655.43,2291.65,2242.82
30.51,-229.214,-231.311,-3.55834,25.4088,-0.299026,-0.315299,-0.816653,2742.19,2628.33,2318.83,2204.97
30.52,-229.445,-231.205,-3.56153,25.4079,-0.305394,-0.322307,-0.834775,2731,2648.9,2298.2,2216.1
30.53,-229.676,-231.099,-3.56478,25.4058,-0.310065,-0.327092,-0.847098,2724.69,2663.52,2283.42,2222.25
30.54,-229.906,-230.991,-3.56808,25.4025,-0.31361,-0.330478,-0.855756,2721.39,2674.16,2272.52,2225.29
30.55,-230.136,-230.883,-3.5714,25.398,-0.31844,-0.335559,-0.868758,2755.72,2646.18,2300.14,2190.61
30.56,-230.365,-230.774,-3.57479,25.3924,-0.324598,-0.3422,-0.885756,2743.53,2663.75,2282.12,2202.35
30.57,-230.594,-230.664,-3.57824,25.386,-0.329164,-0.346753,-0.897318,2736.1,2675.93,2269.44,2209.27
30.58,-230.822,-230.553,-3.58173,25.379,-0.332676,-0.349994,-0.905453,2731.64,2684.54,2260.26,2213.15
30.59,-231.05,-230.441,-3.58525,25.3711,-0.337831,-0.35537,-0.919075,2761.35,2658.31,2285.85,2182.82
30.6,-231.278,-230.329,-3.58884,25.3625,-0.34366,-0.361476,-0.934549,2749.26,2673.26,2270.21,2194.21
30.61,-231.504,-230.216,-3.59248,25.3535,-0.348043,-0.365695,-0.945121,2741.58,2683.44,2259.3,2201.16
30.62,-231.731,-230.101,-3.59616,25.344,-0.351465,-0.36873,-0.952609,2736.7,2690.47,2251.51,2205.28
30.63,-231.957,-229.987,-3.59987,25.334,-0.356821,-0.374263,-0.966521,2762.53,2666.3,2274.87,2178.64
30.64,-232.182,-229.871,-3.60364,25.3235,-0.362303,-0.379834,-0.980502,2751.01,2679.1,2261.22,2189.32
30.65,-232.407,-229.754,-3.60746,25.3128,-0.366481,-0.383721,-0.990118,2743.51,2687.68,2251.78,2195.95
30.66,-232.631,-229.637,-3.61132,25.3019,-0.369792,-0.386551,-0.99699,2738.56,2693.51,2245.07,2200.02
30.67,-232.855,-229.518,-3.61521,25.2905,-0.374917,-0.391731,-1.00989,2762.15,2670.46,2267.2,2175.51
30.68,-233.078,-229.399,-3.61915,25.2789,-0.380167,-0.396961,-1.02291,2751.05,2681.83,2254.88,2185.67
30.69,-233.3,-229.279,-3.62314,25.2671,-0.384212,-0.400637,-1.0319,2743.69,2689.37,2246.4,2192.07
30.7,-233.522,-229.158,-3.62717,25.2552,-0.387454,-0.40334,-1.03837,2738.74,2694.4,2240.41,2196.06
30.71,-233.743,-229.037,-3.63122,25.243,-0.392677,-0.408591,-1.05138,2759.08,2673.86,2259.96,2174.74
30.72,-233.964,-228.914,-3.63534,25.2306,-0.39759,-0.41335,-1.0631,2748.89,2683.71,2249.11,2183.93
30.73,-234.184,-228.79,-3.63949,25.2181,-0.401428,-0.416734,-1.07128,2742.02,2690.13,2241.69,2189.8
30.74,-234.403,-228.666,-3.64365,25.2068,-0.400855,-0.414673,-1.0655,2710.29,2713.36,2217.53,2220.6
30.75,-234.622,-228.541,-3.64781,25.1957,-0.404162,-0.417747,-1.07293,2738.72,2681.77,2248.23,2191.28
30.76,-234.84,-228.414,-3.652,25.1849,-0.407534,-0.42086,-1.08046,2731.61,2685.79,2243.34,2197.51
30.77,-235.057,-228.287,-3.65622,25.1745,-0.410308,-0.423219,-1.08607,2726.4,2688,2240.28,2201.87
30.78,-235.274,-228.159,-3.66047,25.1644,-0.412679,-0.42511,-1.09048,2722.45,2689.07,2238.39,2205.02
30.79,-235.49,-228.03,-3.66474,25.1543,-0.41766,-0.43031,-1.10338,2742.67,2665.97,2260.68,2183.98
30.8,-235.705,-227.901,-3.66907,25.1445,-0.42211,-0.434701,-1.1142,2732.6,2673.23,2252.63,2193.25
30.81,-235.92,-227.77,-3.67344,25.135,-0.42563,-0.437885,-1.12194,2725.5,2677.63,2247.47,2199.59
30.82,-236.134,-227.638,-3.67783,25.1259,-0.428529,-0.440315,-1.12776,2720.33,2680.19,2244.17,2204.03
30.83,-236.348,-227.506,-3.68226,25.1168,-0.433589,-0.4455,-1.14062,2737.33,2660.59,2263.03,2186.29
30.84,-236.56,-227.372,-3.68674,25.1079,-0.438054,-0.449826,-1.15129,2727.56,2667.84,2255.08,2195.36
30.85,-236.772,-227.238,-3.69126,25.0994,-0.441603,-0.452987,-1.15899,2720.67,2672.29,2249.93,2201.56
30.86,-236.984,-227.102,-3.6958,25.0912,-0.444538,-0.455421,-1.16484,2715.65,2674.95,2246.61,2205.91
30.87,-237.194,-226.966,-3.70038,25.0829,-0.449569,-0.460528,-1.17751,2729.6,2658.66,2262.24,2191.3
30.88,-237.404,-226.829,-3.70501,25.075,-0.453726,-0.46446,-1.18719,2720.98,2665,2255.26,2199.28
30.89,-237.613,-226.69,-3.70967,25.0673,-0.457078,-0.467387,-1.1943,2714.87,2668.91,2250.73,2204.77
30.9,-237.822,-226.551,-3.71436,25.0599,-0.459885,-0.469688,-1.19983,2710.41,2671.26,2247.79,2208.64
30.91,-238.03,-226.411,-3.71908,25.0524,-0.464511,-0.474324,-1.21131,2722.48,2657.07,2261.38,2195.97
30.92,-238.237,-226.27,-3.72384,25.0453,-0.468371,-0.477934,-1.22018,2714.88,2662.61,2255.26,2202.99
30.93,-238.443,-226.128,-3.72864,25.0383,-0.471522,-0.480672,-1.22683,2709.49,2666.03,2251.29,2207.82
30.94,-238.648,-225.984,-3.73346,25.0316,-0.474194,-0.482864,-1.2321,2705.54,2668.07,2248.71,2211.24
30.95,-238.853,-225.84,-3.73831,25.0249,-0.478415,-0.487052,-1.24245,2715.77,2655.93,2260.31,2200.47
30.96,-239.057,-225.695,-3.7432,25.0185,-0.481972,-0.490357,-1.25056,2709.17,2660.68,2255.04,2206.55
30.97,-239.26,-225.549,-3.74812,25.0122,-0.484917,-0.492911,-1.25676,2704.47,2663.59,2251.62,2210.74
30.98,-239.462,-225.402,-3.75306,25.0062,-0.487447,-0.494999,-1.26178,2701.02,2665.32,2249.41,2213.71
30.99,-239.664,-225.254,-3.75803,25.0001,-0.491267,-0.498751,-1.27103,2709.47,2655.16,2259.09,2204.78
31,-239.864,-225.105,-3.76303,24.9943,-0.494523,-0.501758,-1.2784,2703.84,2659.12,2254.66,2209.94
31.01,-240.064,-224.955,-3.76806,24.9887,-0.497261,-0.504135,-1.28416,2699.81,2661.53,2251.79,2213.52
31.02,-240.263,-224.804,-3.77312,24.9832,-0.499649,-0.506119,-1.28894,2696.84,2662.95,2249.94,2216.05
31.03,-240.462,-224.652,-3.7782,24.9777,-0.503189,-0.509584,-1.29748,2703.2,2655.03,2257.42,2209.25
31.04,-240.659,-224.498,-3.78331,24.9725,-0.50611,-0.512249,-1.30399,2698.63,2658.1,2253.93,2213.4
31.05,-240.856,-224.344,-3.78844,24.9674,-0.508619,-0.514418,-1.30924,2695.33,2659.94,2251.68,2216.29
31.06,-241.051,-224.189,-3.7936,24.9625,-0.510848,-0.51628,-1.31372,2692.87,2660.99,2250.23,2218.35
31.07,-241.246,-224.033,-3.79878,24.9575,-0.513972,-0.519298,-1.32114,2697.72,2654.75,2256.08,2213.12
31.08,-241.44,-223.876,-3.80398,24.9528,-0.516609,-0.521689,-1.32697,2694.03,2657.09,2253.37,2216.43
31.09,-241.633,-223.718,-3.80921,24.9482,-0.51892,-0.523693,-1.33182,2691.34,2658.46,2251.63,2218.74
31.1,-241.825,-223.559,-3.81446,24.9437,-0.52101,-0.525458,-1.33607,2689.33,2659.2,2250.52,2220.4
31.11,-242.017,-223.399,-3.81973,24.9393,-0.523747,-0.528063,-1.34246,2692.69,2654.58,2254.79,2216.69
31.12,-242.207,-223.238,-3.82502,24.935,-0.526117,-0.530201,-1.34766,2689.81,2656.24,2252.8,2219.22
31.13,-242.397,-223.076,-3.83033,24.9309,-0.528242,-0.532052,-1.35214,2687.7,2657.16,2251.53,2221
31.14,-242.585,-222.913,-3.83566,24.9268,-0.530203,-0.533727,-1.35618,2686.09,2657.62,2250.75,2222.29
31.15,-242.773,-222.749,-3.84101,24.9229,-0.532529,-0.53589,-1.36146,2688.18,2654.4,2253.66,2219.88
31.16,-242.96,-222.583,-3.84638,24.919,-0.534661,-0.53781,-1.36612,2686.02,2655.46,2252.29,2221.73
31.17,-243.146,-222.417,-3.85177,24.9152,-0.53662,-0.539529,-1.37028,2684.41,2656,2251.45,2223.04
31.18,-243.33,-222.25,-3.85717,24.9116,-0.538463,-0.541126,-1.37414,2683.17,2656.2,2250.96,2223.99
31.19,-243.514,-222.082,-3.8626,24.908,-0.540467,-0.542949,-1.37857,2683.84,2654.51,2252.36,2223.04
31.2,-243.697,-221.913,-3.86803,24.9045,-0.542355,-0.544635,-1.38266,2682.42,2654.94,2251.66,2224.18
31.21,-243.879,-221.743,-3.87349,24.9011,-0.544144,-0.546213,-1.38647,2681.32,2655.07,2251.25,2225
31.22,-244.061,-221.572,-3.87896,24.8978,-0.545866,-0.547726,-1.39013,2680.44,2655.01,2251.05,2225.62
31.23,-244.241,-221.4,-3.88445,24.8946,-0.547561,-0.549223,-1.39375,2679.8,2654.74,2251.06,2226.01
31.24,-244.42,-221.227,-3.88995,24.8915,-0.549215,-0.550684,-1.39728,2679.08,2654.56,2250.99,2226.47
31.25,-244.598,-221.053,-3.89546,24.8884,-0.550839,-0.552125,-1.40077,2678.47,2654.3,2251.01,2226.84
31.26,-244.775,-220.879,-3.90099,24.8855,-0.552445,-0.553556,-1.40423,2677.93,2653.99,2251.08,2227.14
31.27,-244.951,-220.703,-3.90653,24.8826,-0.553848,-0.554746,-1.40709,2676.06,2655.03,2249.81,2228.78
31.28,-245.126,-220.526,-3.91209,24.8798,-0.55528,-0.555997,-1.4101,2676,2654.29,2250.32,2228.61
31.29,-245.3,-220.348,-3.91765,24.877,-0.556749,-0.557309,-1.41327,2675.85,2653.66,2250.73,2228.55
31.3,-245.473,-220.169,-3.92323,24.8743,-0.558245,-0.558663,-1.41655,2675.64,2653.11,2251.07,2228.55
31.31,-245.645,-219.99,-3.92883,24.8717,-0.559374,-0.559566,-1.41869,2672.63,2655.37,2248.6,2231.34
31.32,-245.817,-219.809,-3.93443,24.8692,-0.560599,-0.56062,-1.42122,2673.18,2654.1,2249.67,2230.59
31.33,-245.986,-219.627,-3.94004,24.8667,-0.561922,-0.561811,-1.4241,2673.45,2653.13,2250.44,2230.12
31.34,-246.155,-219.445,-3.94566,24.8643,-0.563313,-0.563092,-1.4272,2673.54,2652.35,2251.03,2229.84
31.35,-246.323,-219.261,-3.9513,24.862,-0.564239,-0.563791,-1.42884,2669.31,2655.91,2247.29,2233.88
31.36,-246.49,-219.077,-3.95694,24.8597,-0.565252,-0.564636,-1.43085,2670.49,2654.09,2248.92,2232.53
31.37,-246.656,-218.891,-3.96259,24.8574,-0.566427,-0.565699,-1.43342,2671.18,2652.76,2250.08,2231.65
31.38,-246.82,-218.705,-3.96826,24.8553,-0.567713,-0.566901,-1.43634,2671.58,2651.74,2250.92,2231.09
31.39,-246.984,-218.518,-3.97393,24.8532,-0.568412,-0.567368,-1.4374,2666.35,2656.37,2246.12,2236.14
31.4,-247.147,-218.33,-3.97961,24.8512,-0.569236,-0.568032,-1.43896,2668.08,2654.07,2248.26,2234.26
31.41,-247.308,-218.141,-3.98529,24.8491,-0.570277,-0.568983,-1.44126,2669.15,2652.43,2249.75,2233.02
31.42,-247.468,-217.951,-3.99099,24.8472,-0.571468,-0.570117,-1.44402,2669.81,2651.21,2250.81,2232.21
31.43,-247.627,-217.76,-3.99669,24.8453,-0.57196,-0.570371,-1.44455,2663.67,2656.82,2245.05,2238.2
31.44,-247.786,-217.568,-4.0024,24.8435,-0.572611,-0.570871,-1.44571,2665.89,2654.08,2247.64,2235.84
31.45,-247.943,-217.376,-4.00811,24.8417,-0.57353,-0.57172,-1.44776,2667.31,2652.15,2249.43,2234.27
31.46,-248.098,-217.182,-4.01383,24.8399,-0.574633,-0.572792,-1.45037,2668.21,2650.74,2250.7,2233.23
31.47,-248.253,-216.988,-4.01956,24.8383,-0.575034,-0.572971,-1.45072,2660.91,2657.57,2243.74,2240.4
31.48,-248.407,-216.792,-4.02529,24.8367,-0.575492,-0.573271,-1.45139,2663.7,2654.33,2246.85,2237.48
31.49,-248.559,-216.596,-4.03103,24.8351,-0.576276,-0.573997,-1.45314,2665.5,2652.07,2248.98,2235.55
31.5,-248.71,-216.399,-4.03678,24.8335,-0.577282,-0.574993,-1.45556,2666.67,2650.44,2250.48,2234.25
31.51,-248.861,-216.201,-4.04253,24.832,-0.577512,-0.574998,-1.45549,2658.6,2658.09,2242.72,2242.2
31.52,-249.01,-216.003,-4.04828,24.8306,-0.577814,-0.575148,-1.45579,2661.83,2654.45,2246.24,2238.86
31.53,-249.158,-215.803,-4.05403,24.8291,-0.578487,-0.575781,-1.4573,2663.94,2651.93,2248.64,2236.63
31.54,-249.304,-215.603,-4.0598,24.8277,-0.579413,-0.576719,-1.45959,2665.33,2650.14,2250.33,2235.13
31.55,-249.45,-215.402,-4.06556,24.8264,-0.579619,-0.576728,-1.45954,2656.14,2658.95,2241.41,2244.22
31.56,-249.594,-215.2,-4.07133,24.8251,-0.579739,-0.576684,-1.45935,2659.91,2654.83,2245.43,2240.35
31.57,-249.737,-214.997,-4.0771,24.8239,-0.580285,-0.577196,-1.46057,2662.38,2652,2248.16,2237.78
31.58,-249.879,-214.793,-4.08288,24.8226,-0.58112,-0.578058,-1.46268,2664.02,2649.99,2250.06,2236.04
31.59,-250.02,-214.588,-4.08866,24.8214,-0.581189,-0.577931,-1.46229,2654.2,2659.47,2240.49,2245.76
31.6,-250.16,-214.383,-4.09444,24.8203,-0.581172,-0.577755,-1.46178,2658.35,2655.01,2244.86,2241.52
31.61,-250.298,-214.177,-4.10022,24.8192,-0.581621,-0.578184,-1.4628,2661.09,2651.95,2247.83,2238.7
31.62,-250.435,-213.97,-4.106,24.818,-0.582385,-0.578994,-1.46478,2662.91,2649.8,2249.89,2236.78
31.63,-250.571,-213.762,-4.11179,24.817,-0.582491,-0.578942,-1.46459,2652.02,2660.4,2239.21,2247.59
31.64,-250.706,-213.554,-4.11758,24.816,-0.582304,-0.578578,-1.46361,2656.67,2655.48,2244.06,2242.87
31.65,-250.84,-213.345,-4.12337,24.815,-0.582633,-0.57889,-1.46434,2659.74,2652.12,2247.33,2239.72
31.66,-250.972,-213.135,-4.12916,24.814,-0.583313,-0.579626,-1.46614,2661.79,2649.78,2249.6,2237.58
31.67,-251.103,-212.924,-4.13496,24.8131,-0.58331,-0.579468,-1.46569,2650.41,2660.9,2238.4,2248.89
31.68,-251.233,-212.713,-4.14075,24.8123,-0.583006,-0.57899,-1.46443,2655.38,2655.69,2243.55,2243.85
31.69,-251.362,-212.5,-4.14654,24.8114,-0.583252,-0.57923,-1.46499,2658.68,2652.14,2247.02,2240.49
31.7,-251.489,-212.287,-4.15234,24.8105,-0.58387,-0.579921,-1.46668,2660.89,2649.67,2249.42,2238.2
31.71,-251.615,-212.074,-4.15814,24.8097,-0.583956,-0.579899,-1.46658,2648.47,2661.86,2237.17,2250.56
31.72,-251.74,-211.859,-4.16393,24.8089,-0.583493,-0.579241,-1.46487,2653.91,2656.21,2242.76,2245.06
31.73,-251.864,-211.644,-4.16973,24.8082,-0.583629,-0.579368,-1.46514,2657.52,2652.39,2246.52,2241.39
31.74,-251.986,-211.428,-4.17552,24.8074,-0.584169,-0.579987,-1.46666,2659.95,2649.73,2249.11,2238.9
31.75,-252.107,-211.212,-4.18132,24.8067,-0.584169,-0.579883,-1.46636,2647.16,2662.31,2236.47,2251.63
31.76,-252.227,-210.994,-4.18712,24.8061,-0.583608,-0.579129,-1.46441,2652.87,2656.43,2242.31,2245.87
31.77,-252.346,-210.776,-4.19291,24.8054,-0.583673,-0.579195,-1.46454,2656.67,2652.45,2246.24,2242.02
31.78,-252.463,-210.558,-4.1987,24.8047,-0.584162,-0.579776,-1.46597,2659.22,2649.69,2248.94,2239.41
31.79,-252.579,-210.339,-4.20451,24.804,-0.584294,-0.57986,-1.46614,2645.44,2663.28,2235.3,2253.13
31.8,-252.694,-210.119,-4.2103,24.8035,-0.583587,-0.578933,-1.46377,2651.59,2656.99,2241.55,2246.95
31.81,-252.808,-209.898,-4.21609,24.8029,-0.583551,-0.578891,-1.46363,2655.67,2652.74,2245.75,2242.82
31.82,-252.92,-209.677,-4.22188,24.8023,-0.583967,-0.579402,-1.46488,2658.43,2649.82,2248.63,2240.02
31.83,-253.031,-209.455,-4.22767,24.8018,-0.584031,-0.579422,-1.4649,2644.4,2663.68,2234.72,2254
31.84,-253.141,-209.232,-4.23346,24.8013,-0.583244,-0.578417,-1.46234,2650.77,2657.19,2241.17,2247.6
31.85,-253.249,-209.009,-4.23925,24.8008,-0.583149,-0.578324,-1.46207,2655,2652.82,2245.5,2243.33
31.86,-253.356,-208.786,-4.24503,24.8003,-0.583522,-0.578803,-1.46325,2657.85,2649.81,2248.47,2240.43
31.87,-253.462,-208.561,-4.25082,24.7998,-0.583756,-0.579055,-1.46386,2642.88,2664.64,2233.6,2255.36
31.88,-253.566,-208.336,-4.25661,24.7995,-0.582834,-0.577884,-1.46088,2649.65,2657.77,2240.44,2248.56
31.89,-253.67,-208.111,-4.26238,24.799,-0.582646,-0.577688,-1.46036,2654.15,2653.15,2245.03,2244.03
31.9,-253.772,-207.884,-4.26816,24.7986,-0.582953,-0.5781,-1.46137,2657.18,2649.99,2248.16,2240.96
31.91,-253.872,-207.658,-4.27395,24.7981,-0.583361,-0.578591,-1.46258,2641.31,2665.72,2232.39,2256.79
31.92,-253.971,-207.43,-4.27972,24.7978,-0.582295,-0.577241,-1.45916,2648.52,2658.44,2239.65,2249.57
31.93,-254.069,-207.203,-4.28549,24.7975,-0.582008,-0.576932,-1.45836,2653.3,2653.56,2244.5,2244.76
31.94,-254.166,-206.974,-4.29126,24.7971,-0.582245,-0.577273,-1.4592,2656.53,2650.23,2247.8,2241.5
31.95,-254.261,-206.745,-4.29704,24.7967,-0.5826,-0.577714,-1.46029,2640.57,2666.05,2231.94,2257.42
31.96,-254.355,-206.516,-4.30281,24.7965,-0.581473,-0.576306,-1.45672,2647.94,2658.64,2239.34,2250.04
31.97,-254.448,-206.286,-4.30857,24.7962,-0.581142,-0.575959,-1.45582,2652.83,2653.67,2244.29,2245.13
31.98,-254.539,-206.055,-4.31433,24.7959,-0.581347,-0.576275,-1.4566,2656.13,2650.27,2247.66,2241.8
31.99,-254.629,-205.824,-4.3201,24.7955,-0.581918,-0.577009,-1.45843,2658.39,2647.9,2250,2239.5
32,-254.718,-205.592,-4.32586,24.7953,-0.580669,-0.575443,-1.45446,2647.01,2659.24,2238.65,2250.88
32.01,-254.806,-205.36,-4.33161,24.7951,-0.580254,-0.574996,-1.45332,2652.14,2654.04,2243.83,2245.73
32.02,-254.892,-205.127,-4.33736,24.7948,-0.580399,-0.575248,-1.45394,2655.61,2650.5,2247.35,2242.24
32.03,-254.976,-204.894,-4.34312,24.7945,-0.580928,-0.575941,-1.45567,2657.98,2648.03,2249.79,2239.84
32.04,-255.06,-204.661,-4.34887,24.7944,-0.579804,-0.574532,-1.45211,2646.04,2659.93,2237.88,2251.77
32.05,-255.142,-204.427,-4.35461,24.7942,-0.579298,-0.573976,-1.45069,2651.44,2654.49,2243.31,2246.36
32.06,-255.222,-204.192,-4.36035,24.794,-0.57938,-0.574159,-1.45114,2655.08,2650.79,2246.99,2242.7
32.07,-255.302,-203.957,-4.36609,24.7937,-0.579862,-0.574806,-1.45276,2657.57,2648.22,2249.54,2240.19
32.08,-255.38,-203.722,-4.37183,24.7936,-0.578699,-0.57336,-1.4491,2645.67,2660.09,2237.66,2252.08
32.09,-255.456,-203.486,-4.37756,24.7935,-0.578163,-0.572779,-1.44762,2651.14,2654.59,2243.15,2246.6
32.1,-255.531,-203.25,-4.38329,24.7933,-0.578221,-0.572944,-1.44803,2654.83,2650.85,2246.88,2242.9
32.11,-255.605,-203.013,-4.38902,24.7931,-0.578685,-0.573579,-1.44962,2657.35,2648.25,2249.46,2240.35
32.12,-255.678,-202.776,-4.39476,24.793,-0.577682,-0.572332,-1.44647,2644.89,2660.7,2237,2252.81
32.13,-255.749,-202.538,-4.40047,24.7929,-0.57707,-0.571655,-1.44475,2650.58,2654.98,2242.71,2247.11
32.14,-255.819,-202.3,-4.40619,24.7928,-0.577076,-0.571759,-1.44501,2654.42,2651.11,2246.58,2243.27
32.15,-255.887,-202.062,-4.41191,24.7926,-0.577502,-0.572355,-1.4465,2657.04,2648.43,2249.24,2240.63
32.16,-255.955,-201.823,-4.41763,24.7926,-0.576658,-0.571308,-1.44385,2644.05,2661.4,2236.26,2253.61
32.17,-256.02,-201.584,-4.42334,24.7925,-0.575962,-0.570523,-1.44187,2649.99,2655.45,2242.21,2247.67
32.18,-256.085,-201.345,-4.42904,24.7924,-0.575909,-0.570559,-1.44195,2653.99,2651.42,2246.23,2243.66
32.19,-256.148,-201.105,-4.43475,24.7922,-0.576294,-0.571111,-1.44333,2656.72,2648.64,2249,2240.92
32.2,-256.209,-200.864,-4.44046,24.7922,-0.575617,-0.570275,-1.44122,2643.21,2662.14,2235.5,2254.42
32.21,-256.27,-200.624,-4.44616,24.7922,-0.574835,-0.569381,-1.43896,2649.41,2655.94,2241.7,2248.22
32.22,-256.329,-200.383,-4.45185,24.7921,-0.574723,-0.569347,-1.43887,2653.57,2651.76,2245.87,2244.06
32.23,-256.386,-200.142,-4.45755,24.792,-0.575066,-0.569853,-1.44014,2656.41,2648.88,2248.74,2241.2
32.24,-256.442,-199.9,-4.46324,24.792,-0.574364,-0.568995,-1.43797,2643.05,2662.24,2235.38,2254.57
32.25,-256.497,-199.658,-4.46893,24.792,-0.573567,-0.568089,-1.43568,2649.27,2656.02,2241.6,2248.34
32.26,-256.551,-199.416,-4.47461,24.7919,-0.573442,-0.568047,-1.43557,2653.46,2651.82,2245.79,2244.16
32.27,-256.603,-199.174,-4.48029,24.7918,-0.573775,-0.568546,-1.43683,2656.32,2648.93,2248.68,2241.29
32.28,-256.653,-198.931,-4.48598,24.7918,-0.573271,-0.567937,-1.43529,2642.39,2662.85,2234.76,2255.21
32.29,-256.703,-198.688,-4.49165,24.7919,-0.572405,-0.566938,-1.43277,2648.83,2656.43,2241.18,2248.78
32.3,-256.751,-198.445,-4.49732,24.7918,-0.572233,-0.566836,-1.43251,2653.15,2652.1,2245.5,2244.46
32.31,-256.797,-198.201,-4.50299,24.7918,-0.572532,-0.567296,-1.43367,2656.09,2649.13,2248.47,2241.51
32.32,-256.842,-197.957,-4.50866,24.7917,-0.572221,-0.56693,-1.43274,2641.65,2663.57,2234.03,2255.95
32.33,-256.886,-197.713,-4.51433,24.7918,-0.571276,-0.565823,-1.42995,2648.33,2656.91,2240.69,2249.27
32.34,-256.929,-197.469,-4.51998,24.7918,-0.571051,-0.565653,-1.42952,2652.8,2652.44,2245.17,2244.8
32.35,-256.97,-197.224,-4.52564,24.7918,-0.571312,-0.566069,-1.43057,2655.85,2649.38,2248.23,2241.75
32.36,-257.009,-196.98,-4.5313,24.7918,-0.570981,-0.565683,-1.42959,2641.61,2663.62,2233.98,2255.99
32.37,-257.047,-196.735,-4.53695,24.7919,-0.57003,-0.564574,-1.42679,2648.29,2656.96,2240.65,2249.32
32.38,-257.084,-196.489,-4.5426,24.7919,-0.569798,-0.5644,-1.42636,2652.77,2652.49,2245.12,2244.84
32.39,-257.12,-196.244,-4.54824,24.7918,-0.570054,-0.564814,-1.4274,2655.82,2649.43,2248.18,2241.79
32.4,-257.154,-195.998,-4.55389,24.7918,-0.56994,-0.564702,-1.42711,2641.01,2664.22,2233.38,2256.59
32.41,-257.187,-195.752,-4.55953,24.7919,-0.568924,-0.563499,-1.42408,2647.9,2657.37,2240.24,2249.71
32.42,-257.218,-195.506,-4.56516,24.792,-0.568649,-0.563267,-1.4235,2652.51,2652.78,2244.84,2245.11
32.43,-257.248,-195.26,-4.5708,24.7919,-0.568875,-0.563643,-1.42444,2655.64,2649.64,2247.98,2241.97
32.44,-257.277,-195.014,-4.57644,24.7919,-0.568967,-0.563794,-1.42483,2640.32,2664.95,2232.66,2257.29
32.45,-257.304,-194.767,-4.58207,24.7921,-0.567876,-0.562483,-1.42152,2647.45,2657.87,2239.76,2250.18
32.46,-257.33,-194.521,-4.58769,24.7921,-0.567549,-0.562182,-1.42076,2652.2,2653.12,2244.51,2245.42
32.47,-257.354,-194.274,-4.59331,24.7921,-0.567739,-0.562514,-1.4216,2655.44,2649.89,2247.74,2242.19
32.48,-257.377,-194.027,-4.59894,24.7921,-0.568042,-0.562935,-1.42266,2639.59,2665.71,2231.91,2258.03
32.49,-257.399,-193.78,-4.60456,24.7922,-0.56687,-0.56151,-1.41907,2646.97,2658.38,2239.25,2250.66
32.5,-257.419,-193.533,-4.61018,24.7923,-0.56649,-0.561139,-1.41814,2651.89,2653.49,2244.16,2245.75
32.51,-257.438,-193.286,-4.61579,24.7923,-0.566642,-0.561424,-1.41886,2655.23,2650.15,2247.49,2242.42
32.52,-257.456,-193.038,-4.62141,24.7923,-0.566921,-0.561819,-1.41986,2639.64,2665.72,2231.92,2258
32.53,-257.472,-192.791,-4.62701,24.7924,-0.565751,-0.5604,-1.41628,2647.01,2658.41,2239.24,2250.65
32.54,-257.486,-192.543,-4.63262,24.7925,-0.56537,-0.560031,-1.41535,2651.91,2653.53,2244.13,2245.75
32.55,-257.5,-192.296,-4.63822,24.7925,-0.56552,-0.560316,-1.41607,2655.24,2650.2,2247.46,2242.42
32.56,-257.512,-192.048,-4.64382,24.7925,-0.566036,-0.561015,-1.41784,2657.54,2647.89,2249.77,2240.11
32.57,-257.522,-191.8,-4.64942,24.7927,-0.564802,-0.559499,-1.41401,2646.64,2658.84,2238.83,2251.03
32.58,-257.532,-191.552,-4.65502,24.7928,-0.564378,-0.559069,-1.41293,2651.68,2653.83,2243.85,2246
32.59,-257.539,-191.305,-4.66061,24.7928,-0.5645,-0.559316,-1.41356,2655.1,2650.42,2247.26,2242.59
32.6,-257.546,-191.057,-4.66621,24.7928,-0.564995,-0.559989,-1.41526,2657.45,2648.06,2249.62,2240.23
32.61,-257.551,-190.809,-4.6718,24.7929,-0.563928,-0.558673,-1.41194,2646.2,2659.35,2238.34,2251.49
32.62,-257.555,-190.561,-4.67738,24.793,-0.563453,-0.55817,-1.41068,2651.4,2654.18,2243.52,2246.3
32.63,-257.557,-190.313,-4.68296,24.793,-0.563539,-0.558372,-1.41119,2654.91,2650.68,2247.02,2242.79
32.64,-257.558,-190.065,-4.68855,24.793,-0.564009,-0.559015,-1.41281,2657.33,2648.25,2249.45,2240.37
32.65,-257.557,-189.817,-4.69414,24.7932,-0.56311,-0.557903,-1.41001,2645.73,2659.89,2237.82,2251.98
32.66,-257.555,-189.569,-4.69971,24.7933,-0.56258,-0.557325,-1.40855,2651.09,2654.56,2243.16,2246.63
32.67,-257.552,-189.321,-4.70528,24.7933,-0.562629,-0.557478,-1.40894,2654.71,2650.95,2246.77,2243.01
32.68,-257.547,-189.073,-4.71086,24.7933,-0.563073,-0.55809,-1.41049,2657.2,2648.46,2249.26,2240.52
32.69,-257.541,-188.825,-4.71644,24.7935,-0.562175,-0.556981,-1.4077,2645.8,2659.9,2237.83,2251.93
32.7,-257.534,-188.577,-4.722,24.7936,-0.561648,-0.556408,-1.40625,2651.15,2654.59,2243.15,2246.6
32.71,-257.525,-188.329,-4.72757,24.7936,-0.561697,-0.556563,-1.40665,2654.76,2650.99,2246.75,2242.99
32.72,-257.515,-188.081,-4.73314,24.7936,-0.562141,-0.557176,-1.4082,2657.24,2648.51,2249.24,2240.51
32.73,-257.504,-187.834,-4.73871,24.7937,-0.561429,-0.556294,-1.40597,2645.43,2660.35,2237.4,2252.33
32.74,-257.491,-187.586,-4.74427,24.7939,-0.560858,-0.555655,-1.40437,2650.91,2654.9,2242.86,2246.85
32.75,-257.477,-187.338,-4.74982,24.7939,-0.560878,-0.555769,-1.40466,2654.61,2651.22,2246.55,2243.16
32.76,-257.461,-187.091,-4.75538,24.7939,-0.561302,-0.556356,-1.40614,2657.15,2648.68,2249.09,2240.62
32.77,-257.444,-186.843,-4.76095,24.794,-0.560767,-0.555689,-1.40446,2644.96,2660.9,2236.88,2252.82
32.78,-257.425,-186.596,-4.7665,24.7941,-0.560141,-0.554972,-1.40266,2650.62,2655.28,2242.51,2247.17
32.79,-257.406,-186.349,-4.77205,24.7942,-0.560124,-0.555036,-1.40282,2654.42,2651.49,2246.3,2243.37
32.8,-257.385,-186.102,-4.7776,24.7942,-0.560522,-0.555591,-1.40422,2657.03,2648.88,2248.91,2240.76
32.81,-257.362,-185.855,-4.78316,24.7943,-0.560165,-0.555144,-1.4031,2644.45,2661.49,2236.31,2253.35
32.82,-257.338,-185.608,-4.7887,24.7944,-0.55948,-0.554343,-1.40108,2650.29,2655.68,2242.13,2247.52
32.83,-257.313,-185.361,-4.79425,24.7945,-0.559425,-0.554355,-1.40111,2654.22,2651.78,2246.04,2243.6
32.84,-257.286,-185.115,-4.79979,24.7945,-0.559795,-0.554876,-1.40243,2656.9,2649.1,2248.72,2240.92
32.85,-257.258,-184.868,-4.80534,24.7946,-0.559431,-0.554422,-1.40129,2644.53,2661.48,2236.34,2253.29
32.86,-257.229,-184.622,-4.81088,24.7947,-0.55875,-0.553628,-1.39929,2650.36,2655.7,2242.13,2247.48
32.87,-257.198,-184.376,-4.81642,24.7948,-0.558696,-0.553643,-1.39933,2654.27,2651.81,2246.03,2243.57
32.88,-257.166,-184.13,-4.82195,24.7948,-0.559068,-0.554165,-1.40065,2656.94,2649.14,2248.7,2240.9
32.89,-257.133,-183.884,-4.8275,24.7948,-0.558899,-0.553955,-1.40013,2644.12,2661.98,2235.87,2253.73
32.9,-257.098,-183.639,-4.83303,24.795,-0.558171,-0.553088,-1.39794,2650.1,2656.04,2241.82,2247.76
32.91,-257.062,-183.393,-4.83856,24.795,-0.558085,-0.553057,-1.39787,2654.11,2652.05,2245.81,2243.75
32.92,-257.025,-183.148,-4.8441,24.7951,-0.558434,-0.55355,-1.39911,2656.84,2649.32,2248.55,2241.02
32.93,-256.986,-182.903,-4.84963,24.7951,-0.558452,-0.553573,-1.39917,2643.59,2662.58,2235.29,2254.27
32.94,-256.945,-182.658,-4.85516,24.7952,-0.557663,-0.552617,-1.39677,2649.76,2656.45,2241.43,2248.11
32.95,-256.904,-182.414,-4.86069,24.7953,-0.557537,-0.552531,-1.39655,2653.9,2652.34,2245.54,2243.99
32.96,-256.861,-182.17,-4.86622,24.7953,-0.55786,-0.552989,-1.39771,2656.71,2649.53,2248.36,2241.17
32.97,-256.817,-181.926,-4.87175,24.7953,-0.558065,-0.553248,-1.39837,2643.01,2663.22,2234.66,2254.87
32.98,-256.771,-181.682,-4.87727,24.7955,-0.55721,-0.552198,-1.39572,2649.4,2656.89,2241.01,2248.5
32.99,-256.724,-181.438,-4.8828,24.7956,-0.557041,-0.552053,-1.39536,2653.66,2652.64,2245.26,2244.24
33,-256.676,-181.195,-4.88832,24.7956,-0.557334,-0.552474,-1.39642,2656.56,2649.75,2248.15,2241.34
33.01,-256.626,-180.952,-4.89385,24.7956,-0.557523,-0.552714,-1.39703,2643.09,2663.22,2234.68,2254.82
33.02,-256.575,-180.709,-4.89937,24.7958,-0.556672,-0.551671,-1.3944,2649.45,2656.91,2241.01,2248.47
33.03,-256.523,-180.467,-4.90488,24.7958,-0.556504,-0.551529,-1.39405,2653.7,2652.67,2245.25,2244.22
33.04,-256.469,-180.225,-4.9104,24.7958,-0.556797,-0.55195,-1.39511,2656.6,2649.79,2248.14,2241.33
33.05,-256.414,-179.983,-4.91592,24.7958,-0.557194,-0.552455,-1.39639,2642.6,2663.77,2234.15,2255.32
33.06,-256.358,-179.741,-4.92144,24.796,-0.556288,-0.551328,-1.39355,2649.15,2657.28,2240.66,2248.79
33.07,-256.301,-179.5,-4.92695,24.7961,-0.556083,-0.551133,-1.39306,2653.51,2652.93,2245.01,2244.43
33.08,-256.242,-179.259,-4.93246,24.7961,-0.556352,-0.551522,-1.39405,2656.48,2649.97,2247.97,2241.46
33.09,-256.181,-179.019,-4.93798,24.796,-0.556947,-0.552279,-1.39596,2658.53,2647.91,2250.03,2239.41
33.1,-256.12,-178.778,-4.9435,24.7962,-0.555972,-0.55105,-1.39286,2648.76,2657.73,2240.22,2249.19
33.11,-256.057,-178.538,-4.94901,24.7963,-0.555723,-0.550793,-1.39221,2653.27,2653.24,2244.72,2244.69
33.12,-255.992,-178.299,-4.95452,24.7963,-0.555961,-0.551142,-1.3931,2656.32,2650.19,2247.77,2241.64
33.13,-255.927,-178.06,-4.96003,24.7963,-0.556534,-0.551873,-1.39494,2658.43,2648.08,2249.88,2239.53
33.14,-255.86,-177.821,-4.96554,24.7964,-0.555705,-0.550819,-1.39229,2648.33,2658.21,2239.75,2249.64
33.15,-255.792,-177.582,-4.97105,24.7965,-0.555407,-0.550494,-1.39147,2652.99,2653.58,2244.4,2244.99
33.16,-255.722,-177.344,-4.97656,24.7965,-0.555612,-0.5508,-1.39225,2656.14,2650.43,2247.55,2241.83
33.17,-255.651,-177.107,-4.98207,24.7965,-0.556162,-0.551505,-1.39402,2658.32,2648.25,2249.72,2239.66
33.18,-255.579,-176.869,-4.98758,24.7966,-0.555332,-0.550452,-1.39137,2648.36,2658.24,2239.74,2249.62
33.19,-255.506,-176.632,-4.99308,24.7967,-0.555034,-0.550128,-1.39056,2653.02,2653.61,2244.38,2244.97
33.2,-255.431,-176.396,-4.99858,24.7967,-0.555238,-0.550435,-1.39133,2656.17,2650.47,2247.53,2241.83
33.21,-255.355,-176.16,-5.00409,24.7967,-0.555788,-0.551139,-1.39311,2658.34,2648.29,2249.7,2239.66
33.22,-255.278,-175.924,-5.0096,24.7968,-0.555117,-0.550279,-1.39094,2648,2658.66,2239.34,2250
33.23,-255.199,-175.689,-5.0151,24.7969,-0.554777,-0.549895,-1.38998,2652.79,2653.89,2244.11,2245.22
33.24,-255.119,-175.454,-5.0206,24.7969,-0.554954,-0.550164,-1.39066,2656.02,2650.67,2247.34,2241.99
33.25,-255.038,-175.22,-5.0261,24.7969,-0.555484,-0.550844,-1.39238,2658.24,2648.44,2249.57,2239.76
33.26,-254.955,-174.986,-5.03161,24.797,-0.554966,-0.550168,-1.39067,2647.53,2659.17,2238.84,2250.48
33.27,-254.872,-174.752,-5.03711,24.7971,-0.554574,-0.549711,-1.38952,2652.49,2654.24,2243.78,2245.53
33.28,-254.787,-174.519,-5.04261,24.7971,-0.554716,-0.549934,-1.39009,2655.83,2650.91,2247.11,2242.2
33.29,-254.7,-174.287,-5.04811,24.7971,-0.555222,-0.550585,-1.39173,2658.12,2648.61,2249.41,2239.9
33.3,-254.613,-174.055,-5.05361,24.7971,-0.554698,-0.549903,-1.39001,2647.55,2659.2,2238.83,2250.48
33.31,-254.524,-173.823,-5.05911,24.7972,-0.554304,-0.549446,-1.38886,2652.5,2654.27,2243.76,2245.53
33.32,-254.433,-173.592,-5.0646,24.7973,-0.554445,-0.549669,-1.38943,2655.84,2650.94,2247.09,2242.19
33.33,-254.342,-173.362,-5.0701,24.7972,-0.55495,-0.550319,-1.39107,2658.13,2648.64,2249.39,2239.9
33.34,-254.249,-173.132,-5.07561,24.7973,-0.554592,-0.549841,-1.38986,2647.13,2659.66,2238.38,2250.9
33.35,-254.155,-172.902,-5.0811,24.7974,-0.554152,-0.549316,-1.38854,2652.24,2654.58,2243.46,2245.81
33.36,-254.06,-172.673,-5.0866,24.7974,-0.554262,-0.549497,-1.389,2655.67,2651.16,2246.89,2242.38
33.37,-253.964,-172.445,-5.09209,24.7974,-0.554746,-0.550121,-1.39058,2658.02,2648.8,2249.25,2240.02
33.38,-253.866,-172.217,-5.0976,24.7974,-0.554546,-0.549836,-1.38986,2646.61,2660.21,2237.83,2251.43
33.39,-253.767,-171.989,-5.10309,24.7975,-0.554048,-0.54923,-1.38833,2651.9,2654.96,2243.1,2246.16
33.4,-253.667,-171.762,-5.10858,24.7975,-0.554119,-0.549361,-1.38866,2655.45,2651.41,2246.65,2242.61
33.41,-253.565,-171.536,-5.11408,24.7975,-0.554578,-0.549952,-1.39016,2657.88,2648.98,2249.08,2240.18
33.42,-253.462,-171.31,-5.11958,24.7975,-0.554536,-0.549867,-1.38994,2646.04,2660.81,2237.24,2252.01
33.43,-253.358,-171.085,-5.12508,24.7976,-0.553976,-0.549174,-1.3882,2651.53,2655.36,2242.71,2246.54
33.44,-253.253,-170.86,-5.13057,24.7977,-0.554006,-0.54925,-1.38839,2655.21,2651.69,2246.38,2242.86
33.45,-253.147,-170.636,-5.13606,24.7976,-0.554436,-0.549807,-1.3898,2657.72,2649.17,2248.89,2240.35
33.46,-253.039,-170.413,-5.14156,24.7977,-0.554379,-0.549706,-1.38954,2646.02,2660.87,2237.2,2252.04
33.47,-252.93,-170.19,-5.14705,24.7977,-0.553814,-0.54901,-1.38779,2651.52,2655.41,2242.67,2246.56
33.48,-252.82,-169.968,-5.15254,24.7978,-0.55384,-0.549084,-1.38798,2655.2,2651.73,2246.35,2242.88
33.49,-252.709,-169.746,-5.15804,24.7977,-0.554267,-0.54964,-1.38938,2657.71,2649.21,2248.86,2240.36
33.5,-252.596,-169.525,-5.16354,24.7977,-0.55439,-0.549764,-1.38969,2645.52,2661.4,2236.68,2252.55
33.51,-252.482,-169.305,-5.16903,24.7978,-0.55377,-0.548988,-1.38774,2651.19,2655.76,2242.33,2246.89
33.52,-252.367,-169.085,-5.17452,24.7979,-0.55376,-0.549012,-1.3878,2654.99,2651.97,2246.11,2243.1
33.53,-252.251,-168.866,-5.18001,24.7978,-0.554163,-0.549537,-1.38913,2657.58,2649.38,2248.71,2240.51
33.54,-252.134,-168.647,-5.18551,24.7978,-0.554456,-0.549876,-1.38998,2644.9,2662.04,2236.04,2253.18
33.55,-252.015,-168.429,-5.191,24.7979,-0.553769,-0.549005,-1.38779,2650.79,2656.18,2241.91,2247.3
33.56,-251.895,-168.212,-5.19649,24.798,-0.553714,-0.54897,-1.3877,2654.73,2652.26,2245.83,2243.37
33.57,-251.774,-167.996,-5.20199,24.7979,-0.554087,-0.549458,-1.38893,2657.4,2649.58,2248.51,2240.69
33.58,-251.652,-167.78,-5.20748,24.7979,-0.554361,-0.549776,-1.38974,2644.86,2662.1,2235.98,2253.22
33.59,-251.529,-167.565,-5.21298,24.798,-0.553668,-0.548901,-1.38753,2650.76,2656.24,2241.86,2247.33
33.6,-251.404,-167.35,-5.21846,24.798,-0.553609,-0.548862,-1.38743,2654.71,2652.3,2245.8,2243.39
33.61,-251.279,-167.136,-5.22396,24.798,-0.553977,-0.549347,-1.38866,2657.39,2649.62,2248.48,2240.71
33.62,-251.152,-166.923,-5.22945,24.798,-0.554442,-0.549908,-1.39007,2644.3,2662.69,2235.41,2253.79
33.63,-251.024,-166.711,-5.23495,24.7981,-0.553687,-0.548943,-1.38764,2650.4,2656.62,2241.48,2247.7
33.64,-250.895,-166.499,-5.24043,24.7981,-0.553588,-0.548849,-1.3874,2654.47,2652.56,2245.54,2243.64
33.65,-250.764,-166.288,-5.24592,24.7981,-0.55393,-0.5493,-1.38854,2657.23,2649.79,2248.31,2240.87
33.66,-250.633,-166.078,-5.25142,24.798,-0.554576,-0.550094,-1.39055,2659.14,2647.87,2250.23,2238.96
33.67,-250.5,-165.868,-5.25692,24.7981,-0.553747,-0.549023,-1.38784,2649.95,2657.09,2241.02,2248.16
33.68,-250.366,-165.659,-5.2624,24.7982,-0.553598,-0.548863,-1.38744,2654.17,2652.88,2245.23,2243.94
33.69,-250.231,-165.451,-5.2679,24.7982,-0.553907,-0.549273,-1.38848,2657.03,2650.01,2248.1,2241.08
33.7,-250.095,-165.244,-5.27339,24.7981,-0.55453,-0.550041,-1.39041,2659,2648.02,2250.08,2239.1
33.71,-249.958,-165.037,-5.27889,24.7982,-0.553828,-0.549123,-1.3881,2649.46,2657.59,2240.52,2248.65
33.72,-249.82,-164.831,-5.28438,24.7982,-0.553626,-0.548892,-1.38752,2653.85,2653.21,2244.9,2244.27
33.73,-249.68,-164.626,-5.28987,24.7982,-0.553899,-0.549257,-1.38844,2656.81,2650.24,2247.87,2241.3
33.74,-249.539,-164.422,-5.29536,24.7981,-0.554497,-0.549997,-1.39031,2658.86,2648.18,2249.93,2239.25
33.75,-249.398,-164.218,-5.30086,24.7982,-0.553784,-0.549069,-1.38797,2649.4,2657.66,2240.45,2248.71
33.76,-249.255,-164.016,-5.30635,24.7983,-0.553575,-0.548833,-1.38737,2653.81,2653.27,2244.85,2244.31
33.77,-249.111,-163.814,-5.31184,24.7983,-0.553842,-0.549194,-1.38828,2656.78,2650.29,2247.83,2241.33
33.78,-248.966,-163.612,-5.31733,24.7982,-0.554436,-0.549932,-1.39014,2658.83,2648.22,2249.89,2239.28
33.79,-248.819,-163.412,-5.32283,24.7983,-0.553867,-0.549177,-1.38824,2648.97,2658.1,2240.01,2249.15
33.8,-248.672,-163.212,-5.32832,24.7983,-0.55361,-0.548876,-1.38748,2653.52,2653.56,2244.56,2244.6
33.81,-248.524,-163.014,-5.33381,24.7983,-0.553846,-0.549196,-1.38829,2656.59,2650.49,2247.63,2241.53
33.82,-248.374,-162.816,-5.3393,24.7982,-0.554419,-0.549908,-1.39009,2658.71,2648.36,2249.76,2239.41
33.83,-248.224,-162.619,-5.3448,24.7983,-0.553986,-0.549321,-1.3886,2648.44,2658.64,2239.48,2249.68
33.84,-248.072,-162.422,-5.35029,24.7983,-0.553672,-0.548942,-1.38765,2653.17,2653.92,2244.2,2244.95
33.85,-247.919,-162.227,-5.35578,24.7983,-0.55387,-0.549214,-1.38834,2656.36,2650.73,2247.39,2241.76
33.86,-247.766,-162.032,-5.36128,24.7983,-0.554417,-0.549896,-1.39006,2658.55,2648.53,2249.59,2239.57
33.87,-247.611,-161.838,-5.36678,24.7983,-0.55397,-0.549295,-1.38854,2648.37,2658.72,2239.4,2249.75
33.88,-247.455,-161.646,-5.37227,24.7984,-0.553648,-0.548909,-1.38757,2653.12,2653.98,2244.15,2245
33.89,-247.298,-161.453,-5.37776,24.7984,-0.55384,-0.549177,-1.38824,2656.32,2650.77,2247.35,2241.8
33.9,-247.14,-161.262,-5.38325,24.7983,-0.554382,-0.549855,-1.38996,2658.52,2648.56,2249.56,2239.6
33.91,-246.981,-161.072,-5.38875,24.7983,-0.554088,-0.549442,-1.38891,2647.88,2659.2,2238.92,2250.24
33.92,-246.821,-160.883,-5.39424,24.7984,-0.553714,-0.548984,-1.38776,2652.8,2654.3,2243.82,2245.32
33.93,-246.659,-160.694,-5.39973,24.7984,-0.553871,-0.549206,-1.38832,2656.11,2650.99,2247.13,2242.01
33.94,-246.497,-160.506,-5.40523,24.7983,-0.55439,-0.549857,-1.38996,2658.38,2648.71,2249.41,2239.74
33.95,-246.334,-160.32,-5.41073,24.7983,-0.554242,-0.549625,-1.38938,2647.3,2659.79,2238.33,2250.82
33.96,-246.17,-160.134,-5.41622,24.7984,-0.553806,-0.549081,-1.388,2652.42,2654.69,2243.44,2245.71
33.97,-246.005,-159.949,-5.42171,24.7984,-0.553921,-0.54925,-1.38843,2655.85,2651.25,2246.87,2242.28
33.98,-245.838,-159.765,-5.42721,24.7983,-0.554411,-0.549867,-1.38999,2658.2,2648.89,2249.23,2239.92
33.99,-245.671,-159.581,-5.43271,24.7983,-0.554413,-0.549823,-1.38988,2646.67,2660.42,2237.7,2251.45
34,-245.503,-159.399,-5.4382,24.7984,-0.553908,-0.549187,-1.38827,2652,2655.11,2243.02,2246.13
34.01,-245.333,-159.218,-5.44369,24.7984,-0.553978,-0.549299,-1.38855,2655.57,2651.54,2246.59,2242.56
34.02,-245.163,-159.038,-5.44919,24.7983,-0.554437,-0.549879,-1.39002,2658,2649.09,2249.03,2240.12
34.03,-244.992,-158.858,-5.45469,24.7983,-0.554419,-0.549816,-1.38986,2646.57,2660.52,2237.6,2251.55
34.04,-244.82,-158.68,-5.46018,24.7984,-0.553904,-0.54917,-1.38823,2651.93,2655.18,2242.94,2246.2
34.05,-244.646,-158.502,-5.46568,24.7984,-0.553966,-0.549275,-1.3885,2655.52,2651.59,2246.53,2242.61
34.06,-244.472,-158.326,-5.47117,24.7983,-0.554419,-0.549852,-1.38995,2657.97,2649.13,2248.99,2240.16
34.07,-244.297,-158.15,-5.47667,24.7983,-0.554572,-0.550004,-1.39033,2646,2661.08,2237.04,2252.12
34.08,-244.121,-157.975,-5.48217,24.7984,-0.553996,-0.549273,-1.38849,2651.55,2655.55,2242.57,2246.57
34.09,-243.944,-157.802,-5.48766,24.7984,-0.554018,-0.549326,-1.38862,2655.27,2651.84,2246.29,2242.86
34.1,-243.766,-157.629,-5.49316,24.7983,-0.554444,-0.54987,-1.39,2657.8,2649.3,2248.83,2240.33
34.11,-243.587,-157.457,-5.49866,24.7983,-0.554761,-0.55023,-1.3909,2645.33,2661.75,2236.37,2252.79
34.12,-243.407,-157.287,-5.50416,24.7984,-0.554113,-0.549399,-1.38881,2651.11,2656,2242.13,2247.02
34.13,-243.226,-157.117,-5.50965,24.7984,-0.554087,-0.54939,-1.38878,2654.97,2652.14,2245.99,2243.16
34.14,-243.044,-156.948,-5.51515,24.7983,-0.55448,-0.549894,-1.39006,2657.59,2649.5,2248.62,2240.53
34.15,-242.861,-156.78,-5.52065,24.7983,-0.554775,-0.550231,-1.39091,2645.22,2661.86,2236.26,2252.9
34.16,-242.678,-156.614,-5.52615,24.7984,-0.554116,-0.549389,-1.38878,2651.03,2656.07,2242.05,2247.09
34.17,-242.493,-156.448,-5.53164,24.7984,-0.554081,-0.549373,-1.38874,2654.91,2652.19,2245.93,2243.21
34.18,-242.308,-156.283,-5.53714,24.7983,-0.554468,-0.549872,-1.39,2657.55,2649.54,2248.58,2240.57
34.19,-242.121,-156.119,-5.54264,24.7983,-0.554948,-0.550446,-1.39145,2644.6,2662.47,2235.64,2253.52
34.2,-241.934,-155.957,-5.54814,24.7984,-0.554222,-0.54951,-1.38909,2650.62,2656.48,2241.65,2247.5
34.21,-241.746,-155.795,-5.55363,24.7984,-0.554144,-0.549435,-1.3889,2654.64,2652.46,2245.66,2243.48
34.22,-241.557,-155.635,-5.55913,24.7983,-0.554501,-0.549899,-1.39007,2657.37,2649.73,2248.4,2240.75
34.23,-241.367,-155.475,-5.56463,24.7983,-0.555159,-0.550702,-1.39209,2659.25,2647.82,2250.3,2238.86
34.24,-241.176,-155.317,-5.57013,24.7984,-0.554354,-0.549655,-1.38945,2650.13,2656.96,2241.16,2247.99
34.25,-240.984,-155.159,-5.57563,24.7984,-0.554223,-0.549511,-1.38909,2654.31,2652.79,2245.34,2243.81
34.26,-240.792,-155.003,-5.58112,24.7983,-0.554546,-0.549932,-1.39015,2657.14,2649.95,2248.17,2240.98
34.27,-240.599,-154.847,-5.58663,24.7982,-0.555179,-0.550707,-1.39211,2659.1,2647.97,2250.14,2239.02
34.28,-240.404,-154.693,-5.59212,24.7984,-0.553755,-0.5489,-1.38755,2646.28,2660.84,2237.29,2251.85
34.29,-240.209,-154.54,-5.59761,24.7985,-0.553201,-0.548279,-1.38598,2651.66,2655.48,2242.66,2246.47
34.3,-240.013,-154.388,-5.60309,24.7985,-0.553228,-0.548397,-1.38628,2655.29,2651.85,2246.28,2242.85
34.31,-239.817,-154.237,-5.60858,24.7985,-0.553651,-0.548979,-1.38775,2657.78,2649.35,2248.78,2240.35
34.32,-239.619,-154.087,-5.61405,24.7988,-0.551201,-0.545952,-1.38012,2637.25,2669.96,2228.2,2260.9
34.33,-239.421,-153.938,-5.6195,24.799,-0.549652,-0.544222,-1.37576,2645.45,2661.83,2236.34,2252.72
34.34,-239.221,-153.79,-5.62494,24.7992,-0.548983,-0.543636,-1.37428,2650.94,2656.38,2241.81,2247.25
34.35,-239.021,-153.643,-5.63037,24.7992,-0.548909,-0.543765,-1.37461,2654.68,2652.66,2245.53,2243.51
34.36,-238.821,-153.498,-5.63579,24.7997,-0.545567,-0.539767,-1.36453,2627.42,2680.05,2218.18,2270.81
34.37,-238.619,-153.353,-5.64117,24.8001,-0.54292,-0.536858,-1.3572,2638.64,2668.94,2229.32,2259.62
34.38,-238.417,-153.209,-5.64653,24.8004,-0.541476,-0.535519,-1.35383,2646.15,2661.52,2236.76,2252.13
34.39,-238.214,-153.067,-5.65189,24.8006,-0.540843,-0.535159,-1.35293,2651.26,2656.47,2241.83,2247.04
34.4,-238.01,-152.925,-5.65722,24.8012,-0.536861,-0.530537,-1.34128,2617.82,2690.07,2208.28,2280.52
34.41,-237.805,-152.785,-5.6625,24.8018,-0.533132,-0.526474,-1.33104,2632,2676.07,2222.33,2266.39
34.42,-237.6,-152.646,-5.66775,24.8023,-0.53092,-0.524393,-1.32581,2641.48,2666.72,2231.71,2256.95
34.43,-237.394,-152.507,-5.67299,24.8026,-0.52973,-0.52355,-1.32369,2647.93,2660.38,2238.09,2250.53
34.44,-237.188,-152.37,-5.6782,24.8034,-0.524824,-0.517967,-1.30962,2610.6,2697.92,2200.6,2287.92
34.45,-236.98,-152.234,-5.68335,24.8042,-0.520256,-0.513067,-1.29727,2626.96,2681.79,2216.8,2271.62
34.46,-236.772,-152.099,-5.68847,24.8049,-0.517438,-0.510442,-1.29067,2637.92,2671.01,2227.62,2260.72
34.47,-236.563,-151.965,-5.69356,24.8054,-0.5158,-0.509234,-1.28764,2645.38,2663.7,2234.98,2253.3
34.48,-236.354,-151.832,-5.69863,24.8063,-0.510742,-0.503614,-1.27347,2602.88,2706.43,2192.31,2295.86
34.49,-236.144,-151.7,-5.70364,24.8073,-0.505277,-0.497743,-1.25868,2621.68,2687.92,2210.9,2277.15
34.5,-235.933,-151.569,-5.70859,24.808,-0.501819,-0.494489,-1.25049,2634.25,2675.58,2223.31,2264.64
34.51,-235.722,-151.439,-5.71353,24.8087,-0.499714,-0.492865,-1.24641,2642.8,2667.21,2231.73,2256.14
34.52,-235.51,-151.309,-5.71844,24.8097,-0.49469,-0.487425,-1.23271,2595.67,2714.61,2184.4,2303.34
34.53,-235.297,-151.181,-5.72327,24.8108,-0.488374,-0.480612,-1.21553,2616.77,2693.84,2205.27,2282.34
34.54,-235.084,-151.054,-5.72805,24.8118,-0.484311,-0.476746,-1.2058,2630.87,2680.01,2219.17,2268.31
34.55,-234.871,-150.928,-5.73281,24.8126,-0.481763,-0.474715,-1.2007,2640.46,2670.65,2228.59,2258.79
34.56,-234.656,-150.803,-5.73754,24.8137,-0.476225,-0.468769,-1.18572,2591.53,2719.87,2179.46,2307.79
34.57,-234.441,-150.679,-5.74218,24.815,-0.469382,-0.461435,-1.16723,2613.94,2697.84,2201.59,2285.5
34.58,-234.226,-150.556,-5.74677,24.816,-0.464929,-0.457219,-1.15661,2628.92,2683.17,2216.35,2270.6
34.59,-234.01,-150.433,-5.75133,24.8169,-0.462085,-0.454944,-1.1509,2639.11,2673.24,2226.35,2260.48
34.6,-233.793,-150.312,-5.75586,24.8181,-0.456944,-0.449596,-1.13742,2586.36,2726.3,2173.38,2313.32
34.61,-233.576,-150.192,-5.76031,24.8195,-0.44946,-0.44152,-1.11705,2610.5,2702.57,2197.22,2289.3
34.62,-233.359,-150.072,-5.76469,24.8207,-0.444549,-0.436818,-1.10521,2626.62,2686.78,2213.1,2273.27
34.63,-233.141,-149.953,-5.76905,24.8217,-0.441367,-0.434216,-1.09867,2637.58,2676.12,2223.85,2262.39
34.64,-232.922,-149.836,-5.77337,24.8229,-0.436712,-0.429563,-1.08695,2581.54,2732.47,2167.58,2318.52
34.65,-232.703,-149.719,-5.77762,24.8244,-0.428621,-0.420764,-1.06475,2607.33,2707.12,2193.06,2292.85
34.66,-232.484,-149.603,-5.78179,24.8257,-0.423278,-0.415588,-1.05171,2624.54,2690.28,2210,2275.74
34.67,-232.264,-149.488,-5.78593,24.8268,-0.41978,-0.412665,-1.04436,2636.21,2678.92,2221.45,2264.16
34.68,-232.043,-149.373,-5.79005,24.8279,-0.415712,-0.408831,-1.0347,2577.3,2738.15,2162.31,2323.16
34.69,-231.822,-149.26,-5.79408,24.8295,-0.407075,-0.399364,-1.01081,2604.59,2711.32,2189.27,2296
34.7,-231.601,-149.147,-5.79804,24.8309,-0.401344,-0.393748,-0.996648,2622.77,2693.53,2207.17,2277.93
34.71,-231.379,-149.036,-5.80196,24.8321,-0.397559,-0.390528,-0.988544,2635.08,2681.55,2219.24,2265.71
34.72,-231.157,-148.925,-5.80585,24.8333,-0.393273,-0.386483,-0.978354,2576.63,2740.34,2160.55,2324.25
34.73,-230.934,-148.814,-5.80966,24.8349,-0.384468,-0.376865,-0.954068,2604.21,2713.22,2187.79,2296.8
34.74,-230.711,-148.705,-5.81339,24.8363,-0.378599,-0.371129,-0.939601,2622.59,2695.25,2205.88,2278.54
34.75,-230.488,-148.596,-5.81708,24.8375,-0.374697,-0.367811,-0.931245,2635.05,2683.15,2218.08,2266.18
34.76,-230.264,-148.488,-5.82075,24.8387,-0.37121,-0.36482,-0.923719,2574.32,2744.2,2157.12,2327
34.77,-230.04,-148.381,-5.82434,24.8404,-0.362064,-0.354746,-0.89827,2602.82,2716.17,2185.28,2298.63
34.78,-229.816,-148.275,-5.82785,24.8418,-0.355951,-0.348705,-0.883025,2621.79,2697.61,2203.95,2279.78
34.79,-229.591,-148.169,-5.83132,24.8431,-0.351867,-0.345174,-0.874126,2634.62,2685.14,2216.52,2267.04
34.8,-229.365,-148.064,-5.83476,24.8442,-0.349163,-0.343211,-0.869197,2643.47,2676.63,2225.13,2258.29
34.81,-229.14,-147.96,-5.83812,24.8459,-0.339695,-0.332688,-0.842604,2601.55,2719,2182.89,2300.33
34.82,-228.914,-147.857,-5.84141,24.8473,-0.333351,-0.326348,-0.826592,2621.08,2699.89,2202.12,2280.92
34.83,-228.688,-147.754,-5.84466,24.8486,-0.329096,-0.322607,-0.81716,2634.28,2687.06,2215.04,2267.83
34.84,-228.461,-147.652,-5.84787,24.8498,-0.32626,-0.320492,-0.811841,2643.35,2678.32,2223.88,2258.85
34.85,-228.234,-147.55,-5.85102,24.8521,-0.317454,-0.310779,-0.787308,2595.98,2716.89,2185.47,2306.39
34.86,-228.007,-147.449,-5.85409,24.8558,-0.310915,-0.304179,-0.770704,2610.89,2692.28,2210.37,2291.76
34.87,-227.78,-147.349,-5.85711,24.8608,-0.306507,-0.30027,-0.760954,2619.36,2674.23,2228.81,2283.69
34.88,-227.552,-147.25,-5.8601,24.8674,-0.30354,-0.298047,-0.75552,2623.65,2660.47,2243.08,2279.9
34.89,-227.324,-147.151,-5.86303,24.8758,-0.294804,-0.288502,-0.731571,2577.41,2697.4,2206.8,2326.79
34.9,-227.095,-147.052,-5.86587,24.8856,-0.288295,-0.282029,-0.715438,2592.19,2673.44,2231.53,2312.79
34.91,-226.866,-146.954,-5.86867,24.8968,-0.283875,-0.278198,-0.706039,2600.64,2655.92,2249.93,2305.22
34.92,-226.637,-146.857,-5.87144,24.9094,-0.280866,-0.276025,-0.700879,2605,2642.62,2264.24,2301.85
34.93,-226.407,-146.76,-5.87416,24.9239,-0.272884,-0.267495,-0.679615,2558.46,2680.36,2227.63,2349.53
34.94,-226.177,-146.664,-5.87679,24.9398,-0.266257,-0.26093,-0.663358,2573.61,2656.54,2252.71,2335.64
34.95,-225.947,-146.568,-5.87938,24.9571,-0.26173,-0.257039,-0.653919,2582.38,2639.22,2271.4,2328.24
34.96,-225.716,-146.472,-5.88194,24.9759,-0.258621,-0.254825,-0.648773,2587.03,2626.14,2285.97,2325.07
34.97,-225.485,-146.377,-5.88445,24.9964,-0.250759,-0.246534,-0.628182,2542.55,2662.34,2251.39,2371.18
34.98,-225.254,-146.283,-5.88684,25.0186,-0.239234,-0.233927,-0.596587,2516.91,2679.84,2235.65,2398.58
34.99,-225.022,-146.189,-5.88913,25.0423,-0.230341,-0.225005,-0.574377,2538.49,2650.26,2267.12,2378.89
35,-224.789,-146.095,-5.89135,25.0673,-0.224201,-0.219599,-0.561136,2551.62,2629.23,2290.14,2367.75
35.01,-224.557,-146.001,-5.8935,25.0939,-0.215263,-0.210587,-0.538681,2521.62,2651.49,2270.01,2399.88
35.02,-224.323,-145.908,-5.89556,25.122,-0.208141,-0.203973,-0.522346,2537.78,2627.7,2296.05,2385.97
35.03,-224.09,-145.815,-5.89758,25.1516,-0.203177,-0.199995,-0.512762,2547.47,2610.5,2315.61,2378.64
35.04,-223.856,-145.723,-5.89957,25.1825,-0.199677,-0.197676,-0.50744,2552.97,2597.63,2330.96,2375.62
35.05,-223.621,-145.631,-5.90151,25.2151,-0.192728,-0.190837,-0.490517,2519.59,2623.78,2307.43,2411.62
35.06,-223.386,-145.539,-5.90339,25.2492,-0.187014,-0.185628,-0.477773,2532.06,2604.2,2329.75,2401.88
35.07,-223.151,-145.447,-5.90522,25.2846,-0.183032,-0.182536,-0.470475,2539.35,2589.92,2346.87,2397.45
35.08,-222.915,-145.355,-5.90704,25.3216,-0.180223,-0.180779,-0.466627,2543.28,2579.14,2360.63,2396.49
35.09,-222.678,-145.264,-5.90881,25.3601,-0.173527,-0.174014,-0.449848,2511.9,2603.81,2339.08,2430.98
35.1,-222.441,-145.173,-5.91052,25.4001,-0.168489,-0.16943,-0.438689,2522.78,2586.36,2359.76,2423.35
35.11,-222.204,-145.082,-5.9122,25.4415,-0.164978,-0.166727,-0.432395,2529.05,2573.63,2375.85,2420.43
35.12,-221.966,-144.992,-5.91386,25.4844,-0.162501,-0.165214,-0.429193,2532.36,2564.01,2388.95,2420.61
35.13,-221.727,-144.901,-5.91548,25.5289,-0.156254,-0.158862,-0.413411,2502.16,2588.03,2368.55,2454.42
35.14,-221.488,-144.811,-5.91704,25.5748,-0.151549,-0.154548,-0.402908,2512.4,2571.75,2388.57,2447.92
35.15,-221.249,-144.721,-5.91857,25.6222,-0.148273,-0.152006,-0.397016,2518.31,2559.92,2404.26,2445.88
35.16,-221.008,-144.631,-5.92008,25.671,-0.145959,-0.150588,-0.394062,2521.44,2551.02,2417.16,2446.74
35.17,-220.768,-144.541,-5.92155,25.7214,-0.139673,-0.144102,-0.37783,2494.01,2572.82,2399.49,2478.3
35.18,-220.526,-144.452,-5.92297,25.7732,-0.135352,-0.140175,-0.368273,2503.39,2557.94,2418.63,2473.18
35.19,-220.284,-144.362,-5.92436,25.8265,-0.132339,-0.137865,-0.362952,2508.83,2547.14,2433.82,2472.13
35.2,-220.042,-144.273,-5.92573,25.8812,-0.129683,-0.135918,-0.358584,2472.67,2578.06,2407.41,2512.8
35.21,-219.798,-144.184,-5.92705,25.9375,-0.123944,-0.130052,-0.343857,2486.84,2558.82,2431.3,2503.29
35.22,-219.555,-144.094,-5.92833,25.9952,-0.119995,-0.126497,-0.3352,2495.42,2545.3,2449.61,2499.49
35.23,-219.31,-144.005,-5.92958,26.0544,-0.117237,-0.124407,-0.330414,2500.4,2535.51,2464.31,2499.42
35.24,-219.065,-143.916,-5.93082,26.115,-0.113864,-0.121456,-0.323327,2469.22,2562.02,2442.84,2535.65
35.25,-218.819,-143.827,-5.932,26.1772,-0.108805,-0.116382,-0.310556,2481.6,2545.13,2464.93,2528.45
35.26,-218.572,-143.738,-5.93315,26.2408,-0.105316,-0.113307,-0.303085,2489.12,2533.24,2482.13,2526.26
35.27,-218.325,-143.649,-5.93427,26.3058,-0.102872,-0.111508,-0.299012,2493.48,2524.64,2496.19,2527.34
35.28,-218.077,-143.56,-5.93537,26.3723,-0.0990049,-0.107831,-0.289883,2466.57,2547.47,2478.95,2559.85
35.29,-217.829,-143.471,-5.93642,26.4403,-0.0945908,-0.103476,-0.278894,2477.31,2532.78,2499.37,2554.84
35.3,-217.579,-143.382,-5.93744,26.5097,-0.0915414,-0.100839,-0.2725,2483.85,2522.45,2515.57,2554.17
35.31,-217.329,-143.293,-5.93844,26.5806,-0.0894008,-0.0993048,-0.26907,2487.66,2514.99,2529.04,2556.36
35.32,-217.078,-143.204,-5.93941,26.6529,-0.0851922,-0.095086,-0.25834,2464.5,2534.65,2515.52,2585.67
35.33,-216.826,-143.115,-5.94033,26.7268,-0.0788072,-0.0881141,-0.240062,2453.25,2542.55,2513.92,2603.21
35.34,-216.574,-143.026,-5.94118,26.8021,-0.0739496,-0.0831055,-0.227054,2465.87,2526.73,2536.17,2597.03
35.35,-216.321,-142.937,-5.94199,26.8788,-0.0706161,-0.0800007,-0.219197,2473.76,2515.8,2553.67,2595.72
35.36,-216.067,-142.847,-5.94276,26.957,-0.065512,-0.0745931,-0.204975,2461.43,2525.23,2550.97,2614.76
35.37,-215.812,-142.758,-5.94349,27.0366,-0.0620281,-0.0712105,-0.196258,2470.05,2513.87,2569.19,2613.01
35.38,-215.557,-142.668,-5.94419,27.1177,-0.0596172,-0.0691347,-0.191108,2475.39,2505.94,2584.13,2614.68
35.39,-215.3,-142.579,-5.94487,27.2002,-0.057027,-0.0667656,-0.185121,2457.24,2521.66,2575.57,2639.98
35.4,-215.043,-142.489,-5.94551,27.2841,-0.0535256,-0.0631867,-0.175738,2466.39,2510.23,2594.3,2638.14
35.41,-214.785,-142.399,-5.94613,27.3695,-0.051127,-0.0609673,-0.170096,2472.14,2502.36,2609.62,2639.85
35.42,-214.526,-142.309,-5.94674,27.4564,-0.049459,-0.0596317,-0.166898,2475.67,2496.87,2622.72,2643.91
35.43,-214.266,-142.219,-5.94732,27.5446,-0.0467117,-0.0568742,-0.159692,2460.26,2510.47,2616.87,2667.07
35.44,-214.005,-142.128,-5.94787,27.6344,-0.0439853,-0.0541005,-0.152399,2467.5,2501.6,2633.65,2667.75
35.45,-213.744,-142.038,-5.9484,27.7255,-0.0421212,-0.0523877,-0.148061,2472.07,2495.54,2647.76,2671.23
35.46,-213.481,-141.947,-5.94892,27.8181,-0.0408268,-0.0513689,-0.145666,2474.93,2491.37,2660.14,2676.59
35.47,-213.218,-141.856,-5.94941,27.9121,-0.0376814,-0.0479485,-0.136426,2463.02,2502.12,2657.76,2696.86
35.48,-212.954,-141.765,-5.94988,28.0076,-0.0355614,-0.0457936,-0.130741,2468.84,2495.32,2673.09,2699.57
35.49,-212.688,-141.673,-5.95033,28.1043,-0.0341098,-0.0444781,-0.127424,2472.4,2490.93,2686.15,2704.68
35.5,-212.422,-141.582,-5.95077,28.2015,-0.0321232,-0.0425761,-0.122397,2458.05,2504.53,2681.3,2727.79
35.51,-212.155,-141.49,-5.95118,28.2991,-0.0295768,-0.0400073,-0.11541,2464.86,2497.03,2697.61,2729.78
35.52,-211.887,-141.398,-5.95156,28.3969,-0.0266284,-0.0369398,-0.106929,2456.25,2505.03,2698.49,2747.27
35.53,-211.618,-141.305,-5.95192,28.4951,-0.0239679,-0.0342002,-0.0993411,2463.64,2497.08,2715.36,2748.81
35.54,-211.347,-141.213,-5.95224,28.5935,-0.0207082,-0.0306371,-0.0892989,2458.62,2501.6,2719.84,2762.81
35.55,-211.076,-141.12,-5.95253,28.6923,-0.0183741,-0.0281761,-0.0824094,2465.29,2494.5,2735.98,2765.19
35.56,-210.805,-141.027,-5.9528,28.7914,-0.0167736,-0.0266103,-0.0780985,2469.59,2489.82,2749.77,2769.99
35.57,-210.532,-140.933,-5.95306,28.8907,-0.0150094,-0.0248144,-0.073079,2461.16,2497.94,2750.81,2787.58
35.58,-210.258,-140.84,-5.9533,28.9904,-0.0130237,-0.022655,-0.0669497,2467.08,2491.77,2766.2,2790.89
35.59,-209.983,-140.746,-5.95352,29.0904,-0.0116822,-0.0212609,-0.0630465,2470.94,2487.73,2779.52,2796.32
35.6,-209.707,-140.651,-5.95372,29.1906,-0.0107595,-0.0203812,-0.0606462,2473.43,2485.12,2791.48,2803.17
35.61,-209.43,-140.557,-5.95391,29.2912,-0.00882741,-0.0181544,-0.0542064,2467.36,2491.13,2794.88,2818.64
35.62,-209.153,-140.462,-5.95409,29.3921,-0.00755614,-0.0166865,-0.0499951,2471.42,2487.08,2808.39,2824.05
35.63,-208.874,-140.367,-5.95425,29.4933,-0.00671603,-0.0157337,-0.0473025,2474.09,2484.48,2820.52,2830.91
35.64,-208.594,-140.272,-5.9544,29.5947,-0.00550347,-0.0142853,-0.0430958,2467,2491.7,2822.88,2847.58
35.65,-208.314,-140.176,-5.95453,29.6965,-0.00420473,-0.0126275,-0.0382255,2471.61,2487.3,2836.93,2852.62
35.66,-208.032,-140.08,-5.95465,29.7986,-0.0033862,-0.011522,-0.0349988,2474.68,2484.5,2849.45,2859.26
35.67,-207.749,-139.984,-5.95476,29.901,-0.00262728,-0.0104732,-0.0319224,2467.56,2491.95,2851.77,2876.15
35.68,-207.466,-139.887,-5.95486,30.0037,-0.001369,-0.0086985,-0.0266042,2472.52,2487.39,2866.16,2881.04
35.69,-207.181,-139.79,-5.95493,30.1067,0.000258059,-0.00630882,-0.0193616,2470.68,2489.7,2873.76,2892.77
35.7,-206.896,-139.693,-5.95498,30.21,0.00119957,-0.00466183,-0.0143561,2475.16,2485.75,2887.67,2898.26
35.71,-206.609,-139.595,-5.95502,30.3136,0.00238842,-0.00259442,-0.00801694,2473.5,2488.01,2895.44,2909.94
35.72,-206.322,-139.498,-5.95504,30.4175,0.0030649,-0.00107174,-0.00332309,2477.58,2484.6,2908.93,2915.95
35.73,-206.033,-139.399,-5.95504,30.5217,0.00334534,-1.37223e-05,-4.26941e-05,2480.35,2482.56,2921.12,2923.34
35.74,-205.744,-139.301,-5.95504,30.6262,0.00381785,0.00130699,0.00408035,2477.39,2486.33,2927.58,2936.51
35.75,-205.453,-139.202,-5.95502,30.731,0.00418396,0.00256328,0.00802977,2480.78,2483.82,2940.37,2943.41
35.76,-205.162,-139.102,-5.95498,30.8361,0.00423918,0.00345024,0.0108453,2483.13,2482.41,2952.13,2951.41
35.77,-204.869,-139.003,-5.95495,30.9416,0.00431036,0.00435221,0.0137272,2480.3,2487.27,2957.69,2964.66
35.78,-204.576,-138.903,-5.9549,31.0472,0.00456351,0.00553428,0.0175152,2488.55,2490.09,2965.34,2966.88
35.79,-204.282,-138.803,-5.95484,31.1529,0.00453143,0.00637723,0.0202517,2495.82,2493.93,2972.01,2970.12
35.8,-203.986,-138.702,-5.95477,31.2587,0.00438835,0.00706203,0.0225026,2497.59,2503.34,2973.17,2978.92
35.81,-203.69,-138.601,-5.95469,31.3647,0.00457356,0.00818619,0.026173,2505.74,2506.41,2980.71,2981.38
35.82,-203.392,-138.499,-5.9546,31.4707,0.00449205,0.0089946,0.0288549,2512.97,2510.44,2987.33,2984.8
35.83,-203.094,-138.398,-5.95451,31.5769,0.00424644,0.00957815,0.0308306,2519.59,2515.14,2993.34,2988.89
35.84,-202.794,-138.295,-5.95441,31.6831,0.00436913,0.01063,0.0343315,2519.63,2526.46,2992.77,2999.59
35.85,-202.494,-138.193,-5.9543,31.7895,0.00459839,0.0118886,0.0385251,2528.24,2529.27,3000.76,3001.78
35.86,-202.193,-138.09,-5.95417,31.896,0.00452145,0.012802,0.041624,2535.82,2533.15,3007.72,3005.05
35.87,-201.89,-137.987,-5.95404,32.0026,0.00450527,0.0138105,0.0450531,2540.77,2539.73,3012.04,3011
35.88,-201.587,-137.883,-5.9539,32.1093,0.0043156,0.0146198,0.0478523,2548.07,2543.99,3018.72,3014.63
35.89,-201.283,-137.779,-5.95375,32.2161,0.00397068,0.015215,0.0499662,2554.78,2548.89,3024.8,3018.91
35.9,-200.977,-137.674,-5.95359,32.323,0.00370382,0.0158794,0.0523212,2559.29,2556.05,3028.67,3025.44
35.91,-200.671,-137.569,-5.95343,32.43,0.00340713,0.0164997,0.0545451,2566.16,2560.9,3034.91,3029.65
35.92,-200.363,-137.464,-5.95326,32.5372,0.00300936,0.0169646,0.056267,2572.62,2566.21,3040.73,3034.32
35.93,-200.055,-137.359,-5.95309,32.6445,0.00269327,0.0174994,0.0582321,2577.34,2573.32,3044.81,3040.79
35.94,-199.746,-137.252,-5.95291,32.7518,0.00236544,0.0180085,0.0601236,2584.02,2578.51,3050.84,3045.34
35.95,-199.435,-137.146,-5.95273,32.8593,0.00196429,0.0183986,0.0616276,2590.39,2584.07,3056.57,3050.24
35.96,-199.124,-137.039,-5.95254,32.9669,0.00161726,0.018825,0.063262,2595.34,2591.09,3060.87,3056.62
35.97,-198.812,-136.932,-5.95235,33.0746,0.00128705,0.0192614,0.0649401,2601.94,2596.52,3066.82,3061.4
35.98,-198.498,-136.824,-5.95216,33.1825,0.000899497,0.0196039,0.0663105,2608.29,2602.25,3072.52,3066.47
35.99,-198.184,-136.716,-5.95196,33.2904,0.000551707,0.0199705,0.0677702,2613.59,2609.09,3077.15,3072.66
36,-197.869,-136.608,-5.95176,33.3985,0.00026912,0.0204134,0.0694982,2619.54,2615.32,3082.45,3078.22
36.01,-197.552,-136.499,-5.95155,33.5066,-5.32918e-05,0.0208048,0.07106,2626.17,2620.93,3088.41,3083.18
36.02,-197.235,-136.389,-5.95134,33.6149,-0.000398552,0.0211552,0.0724904,2632.23,2627.16,3093.81,3088.74
36.03,-196.917,-136.28,-5.95113,33.7234,-0.000761309,0.0214712,0.0738106,2638.7,2633.04,3099.61,3093.94
36.04,-196.597,-136.169,-5.95091,33.8319,-0.00115164,0.0217333,0.074952,2645.04,2639.09,3105.28,3099.33
36.05,-196.277,-136.059,-5.95069,33.9406,-0.00154284,0.0219714,0.0760164,2651.17,2645.41,3110.73,3104.97
36.06,-195.955,-135.948,-5.95047,34.0493,-0.00193221,0.0221906,0.0770209,2657.47,2651.62,3116.36,3110.5
36.07,-195.633,-135.836,-5.95025,34.1582,-0.00232317,0.0223858,0.077947,2663.74,2657.91,3121.94,3116.11
36.08,-195.31,-135.725,-5.95002,34.2672,-0.00271524,0.0225574,0.0787952,2670.06,2664.2,3127.58,3121.72
36.09,-194.985,-135.612,-5.9498,34.3764,-0.00310035,0.0227154,0.0795998,2676.31,2670.63,3133.14,3127.46
36.1,-194.66,-135.5,-5.94957,34.4856,-0.00347289,0.0228695,0.0803943,2682.57,2677.08,3138.72,3133.23
36.11,-194.333,-135.387,-5.94934,34.595,-0.00385833,0.0229878,0.0810666,2689.1,2683.33,3144.55,3138.78
36.12,-194.006,-135.273,-5.94911,34.7045,-0.00422986,0.0231018,0.0817266,2695.33,2689.93,3150.09,3144.69
36.13,-193.678,-135.159,-5.94888,34.8141,-0.00457958,0.0232269,0.0824286,2701.63,2696.52,3155.69,3150.58
36.14,-193.348,-135.045,-5.94864,34.9239,-0.0049598,0.0232963,0.0829354,2708.35,2702.74,3161.71,3156.1
36.15,-193.018,-134.93,-5.94841,35.0338,-0.00534099,0.0233421,0.0833602,2715.21,2708.88,3167.86,3161.54
36.16,-192.686,-134.814,-5.94818,35.1438,-0.00572889,0.0233508,0.0836529,2721.29,2715.86,3173.23,3167.8
36.17,-192.354,-134.699,-5.94794,35.2539,-0.00614547,0.0232915,0.0837019,2728.05,2722.21,3179.28,3173.44
36.18,-192.02,-134.582,-5.94771,35.3642,-0.00649946,0.0232804,0.0839236,2734.17,2729.26,3184.69,3179.78
36.19,-191.686,-134.466,-5.94748,35.4746,-0.006816,0.0233008,0.0842597,2741.41,2735.23,3191.22,3185.04
36.2,-191.35,-134.349,-5.94725,35.5851,-0.00718196,0.0232358,0.0842864,2747.45,2742.48,3196.53,3191.56
36.21,-191.014,-134.231,-5.94701,35.6957,-0.00748291,0.0232333,0.0845393,2753.72,2749.54,3202.08,3197.91
36.22,-190.676,-134.113,-5.94678,35.8065,-0.00778285,0.0232249,0.0847708,2761.13,2755.52,3208.77,3203.16
36.23,-190.338,-133.995,-5.94655,35.9174,-0.00811233,0.0231571,0.0847852,2767.27,2762.83,3214.18,3209.74
36.24,-189.998,-133.876,-5.94632,36.0285,-0.00837958,0.0231546,0.0850382,2773.65,2769.96,3219.83,3216.14
36.25,-189.657,-133.757,-5.94609,36.1396,-0.00868077,0.0231045,0.0851161,2781.18,2776,3226.62,3221.44
36.26,-189.316,-133.637,-5.94586,36.2509,-0.00898179,0.0230318,0.0851093,2787.41,2783.39,3232.12,3228.09
36.27,-188.973,-133.517,-5.94563,36.3624,-0.00922173,0.0230275,0.0853553,2793.89,2790.6,3237.85,3234.56
36.28,-188.629,-133.397,-5.9454,36.4739,-0.00953081,0.0229297,0.0852536,2801.5,2796.73,3244.72,3239.94
36.29,-188.285,-133.276,-5.94517,36.5856,-0.00980472,0.0228533,0.0852296,2807.82,2804.2,3250.29,3246.67
36.3,-187.939,-133.154,-5.94494,36.6975,-0.0100557,0.0228005,0.0852925,2815.74,2810.14,3257.46,3251.86
36.31,-187.592,-133.032,-5.94471,36.8094,-0.0105106,0.022442,0.0842075,2822.71,2817.09,3263.67,3258.05
36.32,-187.244,-132.91,-5.94449,36.9215,-0.0108123,0.0222239,0.0836432,2828.75,2825.02,3268.96,3265.23
36.33,-186.895,-132.787,-5.94427,37.0338,-0.0110691,0.0220412,0.0832077,2836.46,2831.35,3275.91,3270.8
36.34,-186.546,-132.664,-5.94405,37.1462,-0.0113367,0.0218115,0.0825904,2842.57,2839.34,3281.25,3278.03
36.35,-186.195,-132.54,-5.94383,37.2587,-0.0115055,0.0216918,0.0823861,2849.06,2847.01,3286.97,3284.93
36.36,-185.843,-132.416,-5.94362,37.3713,-0.0117208,0.0215119,0.0819498,2856.97,2853.32,3294.11,3290.46
36.37,-185.49,-132.291,-5.9434,37.4841,-0.0119078,0.0213466,0.0815656,2863.38,2861.18,3299.75,3297.55
36.38,-185.136,-132.166,-5.94319,37.5971,-0.012021,0.0212763,0.0815418,2870.13,2868.77,3305.72,3304.37
36.39,-184.781,-132.041,-5.94298,37.7101,-0.0122456,0.0210618,0.0809628,2878.09,2875.21,3312.91,3310.02
36.4,-184.424,-131.915,-5.94277,37.8234,-0.0123908,0.0209333,0.0807102,2884.72,2883.04,3318.75,3317.07
36.41,-184.067,-131.788,-5.94256,37.9367,-0.0125372,0.0208107,0.080478,2893.09,2889.19,3326.34,3322.43
36.42,-183.709,-131.661,-5.94235,38.0502,-0.0127323,0.0206087,0.0799352,2899.55,2897.32,3332,3329.77
36.43,-183.35,-131.534,-5.94215,38.1639,-0.0128411,0.0205109,0.0797938,2906.37,2905.15,3338.03,3336.8
36.44,-182.99,-131.406,-5.94194,38.2777,-0.0130333,0.0203094,0.0792454,2914.63,2911.59,3345.5,3342.45
36.45,-182.628,-131.278,-5.94174,38.3916,-0.0132769,0.0200134,0.0783226,2922.59,2918.4,3352.65,3348.46
36.46,-182.266,-131.149,-5.94154,38.5057,-0.013474,0.0197302,0.0774441,2928.95,2926.87,3358.21,3356.13
36.47,-181.903,-131.02,-5.94135,38.6199,-0.0137256,0.0193327,0.0761088,2936.67,2934.06,3365.12,3362.51
36.48,-181.538,-130.891,-5.94115,38.7343,-0.0138307,0.019086,0.0753601,2943.27,2942.41,3370.91,3370.05
36.49,-181.173,-130.761,-5.94097,38.8488,-0.013942,0.0188258,0.0745523,2951.54,2949.17,3378.36,3375.99
36.5,-180.806,-130.63,-5.94078,38.9634,-0.01403,0.0185709,0.0737601,2958.19,2957.6,3384.2,3383.61
36.51,-180.438,-130.499,-5.94059,39.0783,-0.0140281,0.0184329,0.0734278,2965.25,2965.69,3390.44,3390.88
36.52,-180.07,-130.368,-5.94041,39.1932,-0.014134,0.0181603,0.0725544,2973.61,2972.55,3397.97,3396.91
36.53,-179.7,-130.236,-5.94023,39.3083,-0.0141548,0.0179862,0.0720699,2980.62,2980.82,3404.15,3404.35
36.54,-179.329,-130.104,-5.94005,39.4236,-0.0141767,0.0178276,0.0716439,2989.43,2987.36,3412.13,3410.06
36.55,-178.957,-129.971,-5.93987,39.539,-0.0142494,0.0175948,0.0709154,2996.3,2995.89,3418.17,3417.76
36.56,-178.584,-129.838,-5.9397,39.6546,-0.0142382,0.0174723,0.0706277,3003.56,3004.11,3424.59,3425.14
36.57,-178.21,-129.704,-5.93953,39.7703,-0.014328,0.0172284,0.069845,3012.19,3011.02,3432.38,3431.21
36.58,-177.835,-129.57,-5.93935,39.8861,-0.0143542,0.0170518,0.0693301,3019.34,3019.48,3438.68,3438.82
36.59,-177.459,-129.435,-5.93918,40.0022,-0.0143793,0.0168892,0.0688687,3028.31,3026.18,3446.8,3444.67
36.6,-177.082,-129.3,-5.93902,40.1183,-0.0146109,0.0164178,0.0671411,3036.18,3034.05,3453.82,3451.69
36.61,-176.703,-129.165,-5.93886,40.2347,-0.0146718,0.0161106,0.0660757,3043.05,3042.98,3459.83,3459.77
36.62,-176.324,-129.029,-5.9387,40.3511,-0.01476,0.0157412,0.0647476,3051.36,3050.54,3467.29,3466.47
36.63,-175.944,-128.893,-5.93854,40.4678,-0.014746,0.0154709,0.0638198,3058.46,3059.38,3473.52,3474.44
36.64,-175.562,-128.756,-5.93839,40.5846,-0.0147028,0.0152427,0.0630601,3067.33,3066.52,3481.52,3480.71
36.65,-175.179,-128.618,-5.93824,40.7015,-0.014687,0.014967,0.0620977,3074.48,3075.44,3487.81,3488.76
36.66,-174.796,-128.481,-5.93809,40.8186,-0.0145829,0.0148091,0.0616194,3082.06,3084.01,3494.51,3496.46
36.67,-174.411,-128.343,-5.93794,40.9359,-0.014578,0.0145323,0.0606415,3090.86,3091.42,3502.43,3502.99
36.68,-174.025,-128.204,-5.9378,41.0533,-0.0144939,0.014352,0.0600609,3098.42,3100.14,3509.11,3510.83
36.69,-173.638,-128.065,-5.93765,41.1709,-0.0144297,0.0141674,0.0594583,3107.58,3107.33,3517.38,3517.13
36.7,-173.25,-127.925,-5.93751,41.2887,-0.0143888,0.013947,0.0587006,3115.06,3116.26,3523.97,3525.17
36.71,-172.861,-127.785,-5.93738,41.4066,-0.0142769,0.0138293,0.0583715,3122.92,3124.9,3530.93,3532.91
36.72,-172.471,-127.645,-5.93724,41.5246,-0.0142854,0.0135621,0.0574071,3131.88,3132.49,3539,3539.61
36.73,-172.08,-127.504,-5.9371,41.6429,-0.014203,0.0134072,0.0569128,3139.68,3141.32,3545.9,3547.54
36.74,-171.687,-127.362,-5.93697,41.7613,-0.0140192,0.0134122,0.0570958,3147.15,3150.55,3552.46,3555.86
36.75,-171.294,-127.221,-5.93684,41.8798,-0.0138154,0.0135188,0.057713,3155.85,3158.61,3560.26,3563.02
36.76,-170.899,-127.078,-5.9367,41.9985,-0.0135787,0.0137485,0.05886,3161.81,3169.49,3565.3,3572.99
36.77,-170.503,-126.936,-5.93656,42.1174,-0.0132008,0.014324,0.0614974,3172.04,3176.17,3574.61,3578.75
36.78,-170.107,-126.792,-5.93641,42.2365,-0.0130275,0.0148115,0.06377,3181.87,3183.32,3583.53,3584.97
36.79,-169.709,-126.649,-5.93626,42.3557,-0.0126214,0.0157878,0.0681654,3188.59,3193.66,3589.32,3594.39
36.8,-169.31,-126.504,-5.9361,42.475,-0.0124767,0.016703,0.07232,3199.67,3199.7,3599.47,3599.51
36.81,-168.91,-126.36,-5.93592,42.5946,-0.0122677,0.0179181,0.0777994,3205.52,3211.04,3604.39,3609.91
36.82,-168.509,-126.215,-5.93574,42.7143,-0.0121923,0.0193057,0.0840601,3217.95,3215.88,3615.88,3613.82
36.83,-168.106,-126.069,-5.93554,42.8341,-0.0124399,0.0205297,0.0896403,3222.19,3228.98,3619.19,3625.98
36.84,-167.703,-125.923,-5.93532,42.9542,-0.0123971,0.0224607,0.0983465,3236.2,3232.38,3632.25,3628.43
36.85,-167.299,-125.776,-5.93509,43.0743,-0.0129353,0.0239813,0.105298,3248.57,3237.49,3643.68,3632.6
36.86,-166.893,-125.629,-5.93484,43.1947,-0.0131595,0.0262022,0.115372,3254.62,3249,3648.78,3643.15
36.87,-166.486,-125.482,-5.93456,43.3152,-0.0139037,0.0281693,0.124379,3268.16,3253.09,3661.36,3646.29
36.88,-166.079,-125.334,-5.93427,43.4358,-0.0142579,0.0309242,0.136924,3264.7,3274.24,3656.94,3666.49
36.89,-165.67,-125.185,-5.93394,43.5567,-0.0144299,0.0346952,0.154047,3284.02,3272.7,3675.3,3663.98
36.9,-165.26,-125.036,-5.93357,43.6776,-0.0154754,0.037969,0.169051,3290.52,3284.04,3680.83,3674.35
36.91,-164.849,-124.886,-5.93317,43.7987,-0.0166494,0.0417116,0.18623,3308.99,3283.49,3698.33,3672.83
36.92,-164.437,-124.736,-5.93274,43.92,-0.0188409,0.0446188,0.199761,3324.18,3286.28,3712.55,3674.64
36.93,-164.024,-124.585,-5.93227,44.0414,-0.0206725,0.0483662,0.217137,3330.84,3297.68,3718.23,3685.06
36.94,-163.609,-124.433,-5.93177,44.1629,-0.0233774,0.0514271,0.231516,3346.11,3300.54,3732.51,3686.94
36.95,-163.194,-124.281,-5.93124,44.2846,-0.0259452,0.0548942,0.247805,3350.8,3314.04,3736.22,3699.46
36.96,-162.778,-124.128,-5.93067,44.4064,-0.0289346,0.0582375,0.26362,3366.7,3316.41,3751.13,3700.84
36.97,-162.36,-123.975,-5.93007,44.5282,-0.0320247,0.0615874,0.279549,3373.28,3335.16,3749.72,3711.59
36.98,-161.942,-123.821,-5.92944,44.6492,-0.0351595,0.0651989,0.296746,3394.91,3341.8,3760.35,3707.24
36.99,-161.522,-123.666,-5.92877,44.7685,-0.0389156,0.0682734,0.311569,3401.56,3363.22,3756.02,3717.68
37,-161.102,-123.511,-5.92806,44.8861,-0.0421686,0.0723666,0.331116,3424.31,3368.32,3767.81,3711.82
37.01,-160.68,-123.355,-5.92732,45.002,-0.0463491,0.0756292,0.346939,3443.68,3376.6,3776.22,3709.15
37.02,-160.258,-123.198,-5.92654,45.1163,-0.0499429,0.0799644,0.367757,3453.61,3394.11,3775.21,3715.71
37.03,-159.834,-123.041,-5.92571,45.2289,-0.0533011,0.0852817,0.39319,3466.82,3408.13,3777.48,3718.8
37.04,-159.41,-122.882,-5.92483,45.3398,-0.0569812,0.0910012,0.420589,3481.08,3420.89,3780.82,3720.63
37.05,-158.984,-122.724,-5.92389,45.4491,-0.0618183,0.0960492,0.444989,3504.86,3423.91,3793.69,3712.74
37.06,-158.558,-122.564,-5.9229,45.5566,-0.0670312,0.101051,0.469269,3515.37,3439.98,3793.31,3717.91
37.07,-158.131,-122.403,-5.92186,45.6625,-0.072782,0.105912,0.492989,3537.59,3444.13,3804.63,3711.17
37.08,-157.703,-122.242,-5.92078,45.7668,-0.0790036,0.110415,0.515119,3545.47,3462.38,3801.65,3718.56
37.09,-157.275,-122.08,-5.91965,45.8693,-0.0852368,0.115286,0.539052,3567.05,3466.73,3812.36,3712.04
37.1,-156.845,-121.918,-5.91847,45.9702,-0.0921832,0.119431,0.55966,3573,3486.48,3807.46,3720.94
37.11,-156.415,-121.754,-5.91725,46.0694,-0.0986578,0.12444,0.584389,3594.51,3490.43,3818.13,3714.06
37.12,-155.984,-121.59,-5.91598,46.167,-0.106024,0.128521,0.604836,3612.24,3497.94,3825.04,3710.74
37.13,-155.552,-121.424,-5.91467,46.2628,-0.112704,0.133695,0.630492,3621.29,3513.9,3823.27,3715.89
37.14,-155.12,-121.258,-5.91331,46.357,-0.120308,0.13794,0.651834,3639.01,3520.97,3830.19,3712.15
37.15,-154.687,-121.091,-5.9119,46.4495,-0.127432,0.14293,0.676759,3646.96,3537.56,3827.35,3717.96
37.16,-154.253,-120.924,-5.91045,46.5403,-0.135201,0.147386,0.699226,3664.85,3543.98,3834.47,3713.6
37.17,-153.819,-120.755,-5.90895,46.6295,-0.142749,0.152219,0.723534,3671.85,3561.06,3830.7,3719.92
37.18,-153.384,-120.585,-5.9074,46.717,-0.150651,0.156913,0.747249,3690.02,3566.73,3838.12,3714.83
37.19,-152.949,-120.415,-5.90581,46.8028,-0.158515,0.161772,0.771803,3696.78,3583.56,3834.15,3720.93
37.2,-152.513,-120.243,-5.90416,46.8869,-0.166334,0.16703,0.798318,3705.2,3598.5,3831.84,3725.15
37.21,-152.076,-120.071,-5.90246,46.9692,-0.173713,0.173378,0.830116,3717.92,3608.88,3833.86,3724.82
37.22,-151.639,-119.897,-5.90069,47.0499,-0.181831,0.179537,0.861081,3739.93,3609.74,3845.16,3714.97
37.23,-151.202,-119.723,-5.89886,47.129,-0.190791,0.185009,0.888814,3748.61,3623.67,3843.16,3718.22
37.24,-150.764,-119.547,-5.89698,47.2063,-0.199813,0.19078,0.918042,3768.28,3626.36,3852.16,3710.24
37.25,-150.326,-119.371,-5.89504,47.2819,-0.209563,0.195808,0.943751,3774.95,3641.81,3848.17,3715.04
37.26,-149.887,-119.193,-5.89306,47.3559,-0.21904,0.20137,0.972074,3793.18,3645.44,3855.77,3708.02
37.27,-149.448,-119.014,-5.89101,47.4282,-0.229237,0.206115,0.996497,3807.95,3652.29,3859.91,3704.24
37.28,-149.009,-118.835,-5.88892,47.4987,-0.238923,0.211582,1.02445,3815.96,3665.63,3857.3,3706.97
37.29,-148.569,-118.654,-5.88678,47.5676,-0.24926,0.216293,1.04878,3830.06,3672.64,3860.8,3703.38
37.3,-148.129,-118.472,-5.88459,47.6348,-0.259147,0.22159,1.07598,3837.42,3686.13,3857.57,3706.28
37.31,-147.689,-118.289,-5.88235,47.7003,-0.269534,0.226324,1.10048,3851.09,3693.05,3860.66,3702.62
37.32,-147.249,-118.104,-5.88005,47.7641,-0.27956,0.231501,1.12716,3858.02,3706.45,3857.03,3705.46
37.33,-146.808,-117.919,-5.87771,47.8262,-0.289959,0.236286,1.15196,3871.36,3713.17,3859.83,3701.64
37.34,-146.368,-117.732,-5.87532,47.8866,-0.300099,0.241375,1.17825,3878,3726.34,3855.94,3704.28
37.35,-145.927,-117.545,-5.87288,47.9453,-0.310501,0.246221,1.20338,3891.05,3732.84,3858.47,3700.26
37.36,-145.486,-117.355,-5.87039,48.0024,-0.320746,0.251239,1.22937,3897.49,3745.69,3854.4,3702.6
37.37,-145.045,-117.165,-5.86785,48.0577,-0.331152,0.256146,1.25482,3910.22,3751.97,3856.65,3698.4
37.38,-144.604,-116.974,-5.86527,48.1113,-0.341497,0.261104,1.28054,3916.5,3764.44,3852.46,3700.4
37.39,-144.163,-116.781,-5.86263,48.1633,-0.351914,0.266062,1.30626,3928.88,3770.55,3854.37,3696.05
37.4,-143.722,-116.587,-5.85994,48.2135,-0.362353,0.270967,1.33173,3935.05,3782.6,3850.1,3697.65
37.41,-143.28,-116.391,-5.8572,48.262,-0.372783,0.275962,1.35764,3947,3788.59,3851.62,3693.21
37.42,-142.84,-116.194,-5.85442,48.3089,-0.383255,0.280893,1.38325,3953.39,3799.88,3847.59,3694.08
37.43,-142.399,-115.996,-5.85158,48.354,-0.393732,0.28589,1.40917,3964.78,3805.9,3848.58,3689.71
37.44,-141.958,-115.797,-5.84869,48.3975,-0.404299,0.290755,1.43444,3971.03,3816.78,3844.45,3690.2
37.45,-141.517,-115.596,-5.84576,48.4392,-0.414799,0.295744,1.46031,3981.82,3822.86,3844.86,3685.91
37.46,-141.077,-115.394,-5.84278,48.4793,-0.425421,0.300554,1.48528,3988.02,3833.26,3840.71,3685.94
37.47,-140.637,-115.19,-5.83974,48.5176,-0.435927,0.305521,1.51102,3998.17,3839.43,3840.51,3681.77
37.48,-140.197,-114.985,-5.83666,48.5542,-0.446536,0.310328,1.53596,4004.55,3849.09,3836.57,3681.1
37.49,-139.757,-114.779,-5.83353,48.5892,-0.456929,0.315417,1.56227,4012.43,3856.97,3834.14,3678.68
37.5,-139.317,-114.571,-5.83035,48.6224,-0.467437,0.32042,1.58813,4020.27,3864.63,3831.67,3676.04
37.51,-138.878,-114.362,-5.82712,48.6539,-0.477979,0.325398,1.61385,4029.58,3870.54,3830.7,3671.66
37.52,-138.44,-114.151,-5.82384,48.6838,-0.48866,0.330156,1.63845,4037.61,3877.45,3828.46,3668.3
37.53,-138.001,-113.938,-5.82051,48.7119,-0.499282,0.334897,1.66294,4044.5,3885.22,3825.11,3665.82
37.54,-137.563,-113.725,-5.81713,48.7384,-0.509919,0.339505,1.68674,4051.48,3892.63,3821.84,3663
37.55,-137.126,-113.509,-5.81371,48.7631,-0.520483,0.344058,1.71023,4057.94,3900.28,3818.09,3660.42
37.56,-136.689,-113.293,-5.81025,48.7862,-0.530966,0.348553,1.73339,4064.07,3907.98,3814,3657.92
37.57,-136.253,-113.074,-5.80674,48.8075,-0.541385,0.352955,1.75605,4070.3,3915.31,3810.04,3655.05
37.58,-135.817,-112.854,-5.80318,48.8272,-0.551652,0.357362,1.7787,4075.69,3923.2,3805.25,3652.76
37.59,-135.381,-112.633,-5.79959,48.8452,-0.561876,0.361632,1.80061,4081.78,3930.1,3801.18,3649.5
37.6,-134.947,-112.41,-5.79595,48.8615,-0.571892,0.365963,1.82278,4086.5,3938.1,3795.76,3647.36
37.61,-134.513,-112.185,-5.79226,48.8761,-0.581879,0.370136,1.84412,4092.62,3944.43,3791.74,3643.55
37.62,-134.079,-111.959,-5.78854,48.8891,-0.59163,0.374389,1.8658,4096.68,3952.54,3785.68,3641.55
37.63,-133.646,-111.731,-5.78477,48.9003,-0.601376,0.378446,1.88646,4102.75,3958.36,3781.65,3637.26
37.64,-133.215,-111.502,-5.78097,48.9099,-0.610843,0.382622,1.90764,4106.15,3966.57,3774.96,3635.39
37.65,-132.783,-111.271,-5.77712,48.9178,-0.620304,0.386611,1.92784,4112.38,3971.68,3771.12,3630.42
37.66,-132.353,-111.039,-5.77323,48.924,-0.629491,0.390696,1.94846,4115.08,3980.04,3763.77,3628.72
37.67,-131.923,-110.804,-5.7693,48.9286,-0.638652,0.394627,1.96825,4121.52,3984.38,3760.16,3623.02
37.68,-131.495,-110.568,-5.76533,48.9315,-0.647562,0.398606,1.98821,4123.46,3992.94,3752.07,3621.56
37.69,-131.067,-110.331,-5.76132,48.9327,-0.656447,0.402415,2.00726,4129.86,3996.77,3748.46,3615.37
37.7,-130.64,-110.092,-5.75728,48.9322,-0.66505,0.406286,2.02655,4131.06,4005.52,3739.67,3614.13
37.71,-130.214,-109.851,-5.7532,48.9301,-0.673579,0.410057,2.04527,4137.78,4008.48,3736.4,3607.11
37.72,-129.789,-109.609,-5.74907,48.9264,-0.681886,0.413799,2.06378,4138.16,4017.5,3726.82,3606.16
37.73,-129.365,-109.364,-5.74492,48.9209,-0.690105,0.41744,2.08171,4144.83,4019.96,3723.54,3598.66
37.74,-128.942,-109.119,-5.74072,48.9139,-0.698077,0.421055,2.09943,4144.44,4029.21,3713.21,3597.97
37.75,-128.52,-108.871,-5.73649,48.9051,-0.705882,0.424677,2.11711,4151.54,4030.7,3710.38,3589.54
37.76,-128.099,-108.622,-5.73222,48.8948,-0.713537,0.42814,2.13393,4150.28,4040.27,3699.21,3589.2
37.77,-127.679,-108.371,-5.72792,48.8827,-0.720997,0.431623,2.15076,4157.31,4041.27,3696.35,3580.31
37.78,-127.261,-108.119,-5.72359,48.8691,-0.728289,0.43494,2.16668,4155.24,4051.11,3684.4,3580.27
37.79,-126.843,-107.865,-5.71922,48.8538,-0.735273,0.438424,2.18335,4162.81,4051.04,3682.11,3570.34
37.8,-126.427,-107.609,-5.71482,48.8369,-0.742228,0.441567,2.19824,4159.83,4061.26,3669.27,3570.71
37.81,-126.012,-107.351,-5.71038,48.8183,-0.748725,0.445056,2.21477,4167.94,4060.1,3667.55,3559.71
37.82,-125.599,-107.092,-5.70592,48.7982,-0.75536,0.447999,2.2285,4163.95,4070.8,3653.74,3560.59
37.83,-125.186,-106.831,-5.70142,48.7764,-0.761349,0.451498,2.2449,4172.65,4068.53,3652.63,3548.51
37.84,-124.775,-106.568,-5.69689,48.754,-0.767673,0.454219,2.25739,4161.13,4073.26,3644.4,3556.53
37.85,-124.366,-106.304,-5.69233,48.7321,-0.773286,0.457558,2.27296,4162.89,4063.48,3650.75,3551.34
37.86,-123.957,-106.038,-5.68774,48.7108,-0.779259,0.460092,2.28455,4150.43,4068.16,3642.75,3560.48
37.87,-123.551,-105.771,-5.68312,48.69,-0.784337,0.4635,2.30049,4141.34,4069.64,3638.01,3566.32
37.88,-123.145,-105.501,-5.67847,48.6698,-0.790059,0.465831,2.3111,4140.82,4062.76,3641.73,3563.68
37.89,-122.741,-105.23,-5.6738,48.6499,-0.794831,0.469106,2.3264,4131.62,4064.72,3636.68,3569.79
37.9,-122.338,-104.957,-5.66909,48.6307,-0.80021,0.471426,2.33698,4132.13,4057.17,3641.23,3566.26
37.91,-121.937,-104.682,-5.66436,48.6118,-0.804744,0.474549,2.35155,4122.71,4059.7,3635.75,3572.75
37.92,-121.537,-104.406,-5.6596,48.5935,-0.809815,0.476866,2.36214,4124.24,4051.47,3641.13,3568.35
37.93,-121.139,-104.128,-5.65482,48.5756,-0.814163,0.479818,2.37588,4114.49,4054.67,3635.13,3575.31
37.94,-120.742,-103.848,-5.65,48.558,-0.818004,0.483486,2.39318,4107.21,4055.53,3631.53,3579.85
37.95,-120.346,-103.566,-5.64514,48.5407,-0.821388,0.488174,2.41553,4103.41,4053.02,3631.35,3580.96
37.96,-119.952,-103.283,-5.64024,48.5238,-0.825888,0.49198,2.43351,4112.54,4037.74,3644.01,3569.21
37.97,-119.56,-102.997,-5.6353,48.5074,-0.830489,0.495676,2.45096,4104.6,4039.67,3639.52,3574.59
37.98,-119.169,-102.71,-5.63032,48.4913,-0.835755,0.498639,2.4648,4111.08,4027.33,3649.36,3565.61
37.99,-118.779,-102.421,-5.62532,48.4756,-0.84075,0.501645,2.47885,4100.63,4032.05,3642.19,3573.62
38,-118.392,-102.131,-5.62029,48.4603,-0.845999,0.504276,2.49106,4106.75,4020.34,3651.52,3565.12
38.01,-118.005,-101.838,-5.61523,48.4453,-0.851028,0.506747,2.5025,4094.58,4027.05,3642.49,3574.96
38.02,-117.62,-101.544,-5.61015,48.4307,-0.855968,0.509203,2.51387,4101.06,4015.22,3652.04,3566.2
38.03,-117.237,-101.247,-5.60505,48.4164,-0.860852,0.511244,2.5232,4087.66,4023.43,3641.62,3577.39
38.04,-116.856,-100.949,-5.59992,48.4024,-0.865123,0.51393,2.53573,4096.15,4009.83,3653.04,3566.72
38.05,-116.476,-100.65,-5.59477,48.3888,-0.869929,0.515536,2.54293,4081.45,4019.58,3641.19,3579.31
38.06,-116.098,-100.348,-5.5896,48.3754,-0.873757,0.518185,2.55529,4091.48,4004.66,3654.03,3567.2
38.07,-115.721,-100.044,-5.58441,48.3625,-0.878477,0.519317,2.56019,4075.38,4016.06,3640.63,3581.3
38.08,-115.346,-99.7389,-5.57921,48.3497,-0.881794,0.521946,2.57247,4064.97,4021.81,3632.89,3589.73
38.09,-114.972,-99.4316,-5.57399,48.3375,-0.886497,0.522457,2.57434,4069.82,4012.48,3640.32,3582.97
38.1,-114.601,-99.1226,-5.56875,48.3253,-0.889573,0.524616,2.58433,4058.16,4019.73,3631.19,3592.76
38.11,-114.231,-98.8116,-5.5635,48.3137,-0.893916,0.524825,2.58473,4064.31,4009.32,3639.78,3584.8
38.12,-113.863,-98.4989,-5.55825,48.3022,-0.896713,0.526445,2.59209,4051.2,4018.24,3629.08,3596.12
38.13,-113.496,-98.1843,-5.55298,48.2911,-0.900585,0.526372,2.59114,4058.68,4006.73,3638.88,3586.93
38.14,-113.131,-97.8679,-5.54771,48.2802,-0.903053,0.527414,2.59568,4044.07,4017.38,3626.54,3599.86
38.15,-112.768,-97.5497,-5.54244,48.2698,-0.906346,0.527099,2.59357,4052.98,4004.65,3637.65,3589.32
38.16,-112.407,-97.2296,-5.53717,48.2595,-0.908443,0.527542,2.5952,4036.84,4017.07,3623.65,3603.88
38.17,-112.047,-96.9077,-5.53189,48.2497,-0.911061,0.527035,2.59218,4047.31,4002.99,3636.2,3591.87
38.18,-111.689,-96.5841,-5.52662,48.2401,-0.912762,0.526869,2.59085,4029.66,4017.15,3620.55,3608.04
38.19,-111.333,-96.2586,-5.52135,48.2307,-0.914335,0.526678,2.58941,4043.61,3999.79,3636.46,3592.64
38.2,-110.979,-95.9313,-5.51609,48.2218,-0.915837,0.525791,2.58456,4023.95,4016.2,3618.67,3610.93
38.21,-110.626,-95.6022,-5.51083,48.213,-0.916704,0.525458,2.58246,4039.44,3997.51,3636,3594.07
38.22,-110.275,-95.2714,-5.50559,48.2047,-0.917926,0.523878,2.57425,4017.93,4016,3616.23,3614.3
38.23,-109.927,-94.9387,-5.50035,48.1965,-0.917971,0.52348,2.57186,4035.21,3995.73,3635.23,3595.75
38.24,-109.579,-94.6044,-5.49513,48.1888,-0.918885,0.521229,2.56039,4011.96,4016.18,3613.59,3617.81
38.25,-109.234,-94.2682,-5.48992,48.1812,-0.918037,0.520833,2.55804,4031.2,3994.15,3634.44,3597.38
38.26,-108.89,-93.9303,-5.48473,48.1741,-0.91865,0.517926,2.54339,4006.28,4016.5,3610.99,3621.22
38.27,-108.549,-93.5907,-5.47955,48.1671,-0.916867,0.517589,2.54136,3991.34,4028.88,3597.52,3635.07
38.28,-108.209,-93.2494,-5.47439,48.1605,-0.916994,0.514496,2.52583,4002.79,4015.04,3610.35,3622.6
38.29,-107.871,-92.9064,-5.46925,48.1541,-0.914946,0.513542,2.52081,3986.3,4029.19,3595.2,3638.1
38.3,-107.534,-92.5617,-5.46413,48.1481,-0.914451,0.510353,2.50485,3999.02,4014.29,3609.18,3624.45
38.31,-107.2,-92.2153,-5.45904,48.1423,-0.912085,0.508821,2.49703,3981.14,4030.04,3592.53,3641.43
38.32,-106.867,-91.8672,-5.45397,48.1368,-0.910892,0.50561,2.48099,3995.34,4013.85,3607.87,3626.38
38.33,-106.536,-91.5175,-5.44892,48.1316,-0.908201,0.503524,2.47048,3976.18,4031.1,3589.81,3644.73
38.34,-106.207,-91.1661,-5.4439,48.1266,-0.905933,0.500898,2.45734,3994.14,4011.32,3608.82,3626
38.35,-105.88,-90.8131,-5.43891,48.1219,-0.903179,0.498142,2.44359,3973.12,4030.63,3588.78,3646.29
38.36,-105.555,-90.4585,-5.43393,48.1175,-0.90029,0.495519,2.43049,3992.42,4009.7,3609.02,3626.3
38.37,-105.231,-90.1024,-5.429,48.1134,-0.897395,0.492145,2.41373,3969.78,4030.84,3587.24,3648.3
38.38,-104.909,-89.7446,-5.42409,48.1094,-0.893788,0.489599,2.40105,3990.66,4008.52,3608.95,3626.81
38.39,-104.589,-89.3853,-5.41922,48.1058,-0.890732,0.485641,2.38146,3966.54,4031.34,3585.58,3650.39
38.4,-104.271,-89.0244,-5.41437,48.1023,-0.885882,0.483869,2.3726,3991.69,4004.89,3611.48,3624.68
38.41,-103.955,-88.662,-5.40956,48.0993,-0.882966,0.479201,2.34957,3965.44,4030.03,3585.87,3650.46
38.42,-103.64,-88.2981,-5.40478,48.0962,-0.877495,0.477512,2.34113,3950.67,4043.7,3571.73,3664.76
38.43,-103.327,-87.9326,-5.40003,48.0937,-0.874616,0.472197,2.31495,3963.89,4029.55,3585.49,3651.15
38.44,-103.016,-87.5657,-5.39533,48.0911,-0.868968,0.469984,2.30398,3947.85,4044.66,3569.98,3666.79
38.45,-102.707,-87.1974,-5.39065,48.089,-0.865261,0.465287,2.28086,3964.38,4027.34,3586.97,3649.93
38.46,-102.399,-86.8275,-5.38602,48.087,-0.859652,0.46245,2.26685,3946.59,4044.38,3569.61,3667.4
38.47,-102.094,-86.4563,-5.38141,48.0852,-0.855481,0.457796,2.24396,3964.1,4026.24,3587.48,3649.62
38.48,-101.79,-86.0836,-5.37686,48.0837,-0.849807,0.4544,2.22724,3944.85,4044.91,3568.57,3668.62
38.49,-101.488,-85.7096,-5.37233,48.0823,-0.844706,0.450459,2.20786,3965.92,4023.33,3589.93,3647.34
38.5,-101.187,-85.3341,-5.36785,48.0812,-0.839192,0.446406,2.18794,3944.73,4044.11,3568.97,3668.36
38.51,-100.888,-84.9573,-5.3634,48.0802,-0.833621,0.442543,2.16896,3966.76,4021.71,3591.22,3646.17
38.52,-100.591,-84.5792,-5.359,48.0795,-0.828142,0.437908,2.14622,3943.96,4044.25,3568.57,3668.86
38.53,-100.296,-84.1997,-5.35464,48.0788,-0.82152,0.434851,2.1312,3969.84,4018.12,3594.59,3642.88
38.54,-100.002,-83.8189,-5.35032,48.0786,-0.816317,0.429536,2.10514,3944.92,4042.94,3569.73,3667.75
38.55,-99.7103,-83.4368,-5.34604,48.0783,-0.80922,0.426585,2.09067,3971.75,4015.99,3596.63,3640.87
38.56,-99.42,-83.0535,-5.34181,48.0784,-0.80415,0.420675,2.06171,3945.11,4042.67,3569.96,3667.53
38.57,-99.1314,-82.6689,-5.33762,48.0784,-0.796446,0.417915,2.04818,3930.59,4057.21,3555.43,3682.06
38.58,-98.8445,-82.283,-5.33347,48.0788,-0.791196,0.412008,2.01925,3947.13,4040.81,3571.9,3665.57
38.59,-98.5591,-81.896,-5.32937,48.0793,-0.783619,0.408667,2.00289,3930.94,4057.15,3555.62,3681.82
38.6,-98.2755,-81.5077,-5.32531,48.0799,-0.777687,0.403435,1.97728,3950.44,4037.88,3574.99,3662.42
38.61,-97.9934,-81.1182,-5.3213,48.0807,-0.77037,0.399449,1.95778,3932.27,4056.33,3556.66,3680.71
38.62,-97.713,-80.7276,-5.31733,48.0817,-0.764103,0.394299,1.93258,3952.36,4036.58,3576.55,3660.77
38.63,-97.4341,-80.3358,-5.31341,48.0828,-0.756878,0.389766,1.9104,3932.65,4056.68,3556.61,3680.64
38.64,-97.1568,-79.9429,-5.30953,48.0839,-0.749736,0.385402,1.88906,3956.09,4033.66,3579.81,3657.38
38.65,-96.8811,-79.5489,-5.30571,48.0853,-0.742802,0.380243,1.86382,3934.44,4055.82,3557.87,3679.25
38.66,-96.607,-79.1538,-5.30193,48.0868,-0.735275,0.376006,1.84311,3958.56,4032.21,3581.69,3655.35
38.67,-96.3343,-78.7576,-5.2982,48.0885,-0.728482,0.370316,1.81528,3935.38,4056,3558.17,3678.78
38.68,-96.0632,-78.3603,-5.29452,48.0901,-0.719952,0.366945,1.79882,3963.12,4028.84,3585.57,3651.29
38.69,-95.7937,-77.962,-5.29088,48.092,-0.713534,0.360636,1.76796,3937.96,4054.71,3560,3676.75
38.7,-95.5256,-77.5627,-5.2873,48.0939,-0.704615,0.357416,1.75224,3924.64,4068.7,3546.29,3690.36
38.71,-95.2589,-77.1623,-5.28376,48.0961,-0.698415,0.350584,1.71883,3939.64,4054.48,3560.84,3675.69
38.72,-94.9938,-76.761,-5.28028,48.0982,-0.689531,0.346917,1.70093,3925.16,4069.73,3545.92,3690.49
38.73,-94.73,-76.3587,-5.27685,48.1006,-0.683174,0.339789,1.66606,3939.03,4056.72,3559.3,3676.99
38.74,-94.4677,-75.9555,-5.27348,48.1029,-0.674068,0.335858,1.64686,3924.18,4072.41,3543.96,3692.19
38.75,-94.2068,-75.5513,-5.27016,48.1055,-0.667147,0.329095,1.61379,3939.47,4058.05,3558.72,3677.3
38.76,-93.9473,-75.1461,-5.26689,48.108,-0.657941,0.324894,1.59327,3924.14,4074.3,3542.86,3693.02
38.77,-93.6891,-74.7401,-5.26368,48.1107,-0.650542,0.318492,1.56196,3940.72,4058.7,3558.88,3676.85
38.78,-93.4323,-74.3332,-5.26052,48.1134,-0.64133,0.314014,1.54009,3924.81,4075.59,3542.4,3693.18
38.79,-93.1769,-73.9254,-5.25741,48.1163,-0.63358,0.307868,1.51004,3943.16,4058.27,3560.16,3675.27
38.8,-92.9227,-73.5168,-5.25436,48.1192,-0.624477,0.302995,1.48622,3926.2,4076.28,3542.59,3692.68
38.81,-92.6699,-73.1073,-5.25136,48.1221,-0.616435,0.296991,1.45687,3946.37,4057.18,3562.14,3672.96
38.82,-92.4183,-72.697,-5.24842,48.1252,-0.607498,0.291583,1.43043,3927.86,4076.8,3543,3691.94
38.83,-92.168,-72.2859,-5.24553,48.1283,-0.599478,0.285068,1.39856,3947.24,4058.55,3561.73,3673.04
38.84,-91.9189,-71.8741,-5.24272,48.1315,-0.590421,0.27919,1.36981,3927.63,4079.32,3541.45,3693.14
38.85,-91.671,-71.4614,-5.23996,48.1348,-0.581816,0.272828,1.33869,3948.86,4059.27,3562,3672.41
38.86,-91.4243,-71.0481,-5.23726,48.1382,-0.572708,0.2664,1.30724,3927.84,4081.51,3540.28,3693.95
38.87,-91.1788,-70.6339,-5.23463,48.1415,-0.563507,0.260164,1.27673,3950.73,4059.84,3562.47,3671.58
38.88,-90.9343,-70.2191,-5.23207,48.145,-0.554364,0.253142,1.24236,3928.14,4083.69,3539.15,3694.7
38.89,-90.6911,-69.8036,-5.22957,48.1485,-0.544521,0.24703,1.21245,3952.62,4060.47,3562.91,3670.76
38.9,-90.4489,-69.3874,-5.22714,48.1521,-0.535336,0.239394,1.17506,3928.42,4085.98,3537.95,3695.51
38.91,-90.2077,-68.9706,-5.22478,48.1557,-0.525271,0.232754,1.14255,3951.82,4063.88,3560.6,3672.67
38.92,-89.9676,-68.5531,-5.2225,48.1594,-0.515736,0.224657,1.10289,3926.76,4090.3,3534.76,3698.3
38.93,-89.7285,-68.135,-5.22028,48.1631,-0.504749,0.218282,1.07168,3952.23,4066.16,3559.47,3673.4
38.94,-89.4904,-67.7163,-5.21815,48.1669,-0.495003,0.20968,1.02952,3926.05,4093.72,3532.5,3700.16
38.95,-89.2532,-67.297,-5.21609,48.1707,-0.483165,0.203552,0.999513,3953.4,4067.73,3559.06,3673.39
38.96,-89.017,-66.8771,-5.2141,48.1746,-0.473294,0.194419,0.954744,3925.97,4096.57,3530.82,3701.42
38.97,-88.7817,-66.4567,-5.2122,48.1784,-0.46064,0.188531,0.925905,3911.27,4112.66,3515.32,3716.71
38.98,-88.5472,-66.0358,-5.21037,48.1823,-0.450701,0.178857,0.878466,3926.3,4099.05,3529.53,3702.28
38.99,-88.3135,-65.6144,-5.20862,48.1862,-0.437828,0.172496,0.847292,3910.63,4116.13,3513.05,3718.55
39,-88.0807,-65.1925,-5.20694,48.1902,-0.427277,0.162995,0.80069,3926.93,4101.27,3528.52,3702.86
39.01,-87.8486,-64.7701,-5.20535,48.1941,-0.414219,0.156158,0.767165,3910.26,4119.36,3511.03,3720.14
39.02,-87.6173,-64.3472,-5.20385,48.1981,-0.403337,0.146284,0.718715,3925.62,4105.45,3525.57,3705.39
39.03,-87.3867,-63.924,-5.20242,48.202,-0.389884,0.139112,0.683533,3908.58,4123.92,3507.7,3723.04
39.04,-87.1567,-63.5003,-5.20108,48.206,-0.378246,0.129544,0.636574,3925.6,4108.34,3523.89,3706.64
39.05,-86.9274,-63.0762,-5.19983,48.2099,-0.36455,0.121999,0.599545,3907.94,4127.42,3505.42,3724.9
39.06,-86.6987,-62.6518,-5.19866,48.2138,-0.352252,0.112715,0.55397,3926.4,4110.4,3523.04,3707.05
39.07,-86.4706,-62.227,-5.19758,48.2177,-0.338416,0.104775,0.514984,3907.99,4130.23,3503.82,3726.06
39.08,-86.243,-61.8018,-5.19657,48.2216,-0.325513,0.0957646,0.470736,3927.72,4111.92,3522.74,3706.93
39.09,-86.016,-61.3764,-5.19566,48.2255,-0.3116,0.0874183,0.429744,3908.48,4132.56,3502.69,3726.77
39.1,-85.7894,-60.9507,-5.19484,48.2293,-0.29848,0.0780948,0.383941,3927.08,4115.35,3520.49,3708.76
39.11,-85.5632,-60.5247,-5.19411,48.2331,-0.28428,0.0694839,0.341634,3907.63,4136.19,3500.24,3728.8
39.12,-85.3374,-60.0984,-5.19345,48.2369,-0.27045,0.0605377,0.297671,3927.79,4117.38,3519.62,3709.21
39.13,-85.112,-59.6719,-5.1929,48.2406,-0.256129,0.0516224,0.253853,3907.88,4138.65,3498.93,3729.7
39.14,-84.887,-59.2452,-5.19243,48.2442,-0.241703,0.0430169,0.211551,3929.32,4118.52,3519.62,3708.82
39.15,-84.6622,-58.8183,-5.19205,48.2478,-0.227363,0.0337759,0.166118,3908.8,4140.36,3498.34,3729.9
39.16,-84.4376,-58.3912,-5.19176,48.2513,-0.212804,0.0249063,0.122504,3929.01,4121.42,3517.82,3710.23
39.17,-84.2133,-57.964,-5.19156,48.2548,-0.19825,0.0154712,0.0761019,3908.45,4143.24,3496.54,3731.32
39.18,-83.9892,-57.5366,-5.19145,48.2582,-0.183042,0.00701339,0.0345008,3930.1,4122.82,3517.48,3710.2
39.19,-83.7652,-57.1092,-5.19143,48.2615,-0.168447,-0.00265846,-0.0130786,3909.24,4144.88,3495.93,3731.57
39.2,-83.5413,-56.6816,-5.1915,48.2647,-0.152719,-0.0107531,-0.0529046,3932,4123.29,3518.01,3709.31
39.21,-83.3175,-56.254,-5.19167,48.2678,-0.138188,-0.0206832,-0.101767,3910.68,4145.75,3496.04,3731.11
39.22,-83.0937,-55.8263,-5.19192,48.2708,-0.122016,-0.0284487,-0.139984,3934.31,4123.22,3519.04,3707.95
39.23,-82.8699,-55.3986,-5.19226,48.2737,-0.107609,-0.0386424,-0.190154,3912.47,4146.12,3496.59,3730.24
39.24,-82.646,-54.9709,-5.19269,48.2765,-0.0914829,-0.0466679,-0.22966,3934.51,4125.11,3518.04,3708.63
39.25,-82.4221,-54.5431,-5.19322,48.2792,-0.0769756,-0.0569863,-0.280454,3912.78,4147.82,3495.75,3730.78
39.26,-82.198,-54.1155,-5.19383,48.2819,-0.0603165,-0.0646122,-0.318002,3901.69,4159.86,3484.11,3742.28
39.27,-81.9738,-53.6879,-5.19454,48.2843,-0.0458597,-0.0750847,-0.369563,3914.05,4148.41,3495.95,3730.3
39.28,-81.7494,-53.2603,-5.19533,48.2867,-0.0292349,-0.082903,-0.408064,3902.75,4160.57,3484.15,3741.97
39.29,-81.5248,-52.8329,-5.19622,48.2889,-0.0144757,-0.0929993,-0.457781,3915.84,4148.29,3496.78,3729.22
39.3,-81.2999,-52.4055,-5.19719,48.291,0.00203928,-0.10102,-0.497286,3904.25,4160.66,3484.74,3741.15
39.31,-81.0747,-51.9783,-5.19825,48.293,0.0170468,-0.110764,-0.545275,3917.9,4147.72,3497.98,3727.8
39.32,-80.8491,-51.5513,-5.19941,48.2948,0.0334066,-0.118986,-0.585771,3905.97,4160.33,3485.66,3740.02
39.33,-80.6232,-51.1245,-5.20065,48.2965,0.0484096,-0.128801,-0.634111,3918.46,4148.44,3497.8,3727.78
39.34,-80.3968,-50.6978,-5.20199,48.2981,0.0647636,-0.137113,-0.675053,3906.67,4160.81,3485.68,3739.82
39.35,-80.17,-50.2714,-5.20341,48.2994,0.0800675,-0.146516,-0.721371,3919.87,4148.12,3498.59,3726.84
39.36,-79.9427,-49.8452,-5.20492,48.3007,0.0963008,-0.154936,-0.762847,3908.07,4160.39,3486.52,3738.83
39.37,-79.7148,-49.4193,-5.20651,48.3018,0.111811,-0.163969,-0.807337,3921.72,4147.14,3499.94,3725.36
39.38,-79.4864,-48.9937,-5.2082,48.3028,0.127856,-0.1725,-0.849361,3909.84,4159.38,3487.85,3737.39
39.39,-79.2574,-48.5684,-5.20997,48.3035,0.143285,-0.181561,-0.893989,3922.29,4147.21,3500.14,3725.06
39.4,-79.0278,-48.1435,-5.21184,48.3042,0.159265,-0.190107,-0.936081,3910.74,4159,3488.45,3736.71
39.41,-78.7974,-47.7189,-5.21379,48.3046,0.174692,-0.199114,-0.980443,3922.29,4147.63,3499.9,3725.24
39.42,-78.5664,-47.2947,-5.21583,48.305,0.190649,-0.207607,-1.02227,3911.31,4158.72,3488.85,3736.26
39.43,-78.3346,-46.8708,-5.21795,48.3051,0.206289,-0.216178,-1.06447,3923.43,4146.67,3500.93,3724.17
39.44,-78.102,-46.4475,-5.22016,48.3051,0.222072,-0.224651,-1.1062,3912.8,4157.3,3490.3,3734.8
39.45,-77.8687,-46.0245,-5.22245,48.3049,0.23759,-0.233161,-1.14809,3923.89,4146.15,3501.43,3723.69
39.46,-77.6344,-45.6021,-5.22483,48.3046,0.253256,-0.241552,-1.1894,3913.85,4156.07,3491.46,3733.68
39.47,-77.3993,-45.1801,-5.22728,48.3041,0.268682,-0.249949,-1.23074,3924.08,4145.65,3501.8,3723.37
39.48,-77.1632,-44.7587,-5.22983,48.3034,0.284239,-0.258214,-1.27142,3914.77,4154.72,3492.62,3732.58
39.49,-76.9263,-44.3378,-5.23246,48.3025,0.299565,-0.266463,-1.31201,3924.25,4144.95,3502.27,3722.97
39.5,-76.6883,-43.9174,-5.23517,48.3015,0.314995,-0.274573,-1.35192,3915.73,4153.09,3493.97,3731.33
39.51,-76.4493,-43.4977,-5.23795,48.3003,0.330355,-0.282402,-1.39043,3925.48,4142.93,3503.96,3721.4
39.52,-76.2092,-43.0785,-5.24082,48.299,0.345518,-0.290397,-1.42975,3917.53,4150.39,3496.28,3729.15
39.53,-75.9681,-42.66,-5.24377,48.2975,0.360628,-0.298108,-1.46767,3926.26,4141.12,3505.33,3720.19
39.54,-75.7259,-42.2422,-5.24679,48.2958,0.375557,-0.305948,-1.50622,3919.01,4147.76,3498.43,3727.18
39.55,-75.4825,-41.8251,-5.24989,48.294,0.390432,-0.313509,-1.54338,3926.85,4139.27,3506.64,3719.06
39.56,-75.2379,-41.4086,-5.25307,48.292,0.405131,-0.321167,-1.58102,3920.38,4145.01,3500.59,3725.22
39.57,-74.9922,-40.9929,-5.25632,48.2898,0.419891,-0.32837,-1.61641,3928.12,4136.5,3508.77,3717.16
39.58,-74.7452,-40.5779,-5.25964,48.2875,0.434266,-0.335871,-1.65325,3922.28,4141.5,3503.41,3722.64
39.59,-74.4969,-40.1637,-5.26304,48.285,0.448696,-0.342944,-1.68798,3928.96,4133.94,3510.6,3715.59
39.6,-74.2474,-39.7504,-5.26651,48.2824,0.462778,-0.350254,-1.72386,3923.86,4138.08,3506.05,3720.27
39.61,-73.9965,-39.3378,-5.27005,48.2796,0.476896,-0.35717,-1.7578,3929.59,4131.36,3512.35,3714.13
39.62,-73.7443,-38.9261,-5.27366,48.2767,0.490695,-0.364266,-1.79262,3925.31,4134.58,3508.68,3717.95
39.63,-73.4908,-38.5153,-5.27734,48.2737,0.504583,-0.370888,-1.82509,3930.62,4128.17,3514.62,3712.18
39.64,-73.2358,-38.1054,-5.28109,48.2705,0.518038,-0.377782,-1.85889,3927.07,4130.56,3511.74,3715.23
39.65,-72.9794,-37.6964,-5.2849,48.2671,0.531547,-0.38426,-1.89063,3931.32,4125.1,3516.69,3710.46
39.66,-72.7216,-37.2883,-5.28878,48.2636,0.544681,-0.390927,-1.9233,3928.58,4126.58,3514.67,3712.67
39.67,-72.4623,-36.8812,-5.29273,48.2601,0.557877,-0.397168,-1.95386,3932.17,4121.7,3519,3708.53
39.68,-72.2016,-36.4751,-5.29673,48.2563,0.570661,-0.403609,-1.98539,3930.2,4122.3,3517.82,3709.92
39.69,-71.9393,-36.07,-5.3008,48.2525,0.583447,-0.409707,-2.01523,3932.73,4118.39,3521.14,3706.81
39.7,-71.6755,-35.666,-5.30493,48.2485,0.595902,-0.415899,-2.04551,3931.61,4118.06,3520.86,3707.3
39.71,-71.4101,-35.263,-5.30913,48.2444,0.60831,-0.421812,-2.07442,3931.74,4116.45,3521.84,3706.55
39.72,-71.1432,-34.8611,-5.31338,48.2402,0.620426,-0.427747,-2.10343,3933,4113.66,3523.98,3704.64
39.73,-70.8746,-34.4604,-5.31769,48.2359,0.632409,-0.433514,-2.13159,3933.56,4111.54,3525.43,3703.42
39.74,-70.6045,-34.0607,-5.32205,48.2315,0.644197,-0.439178,-2.15924,3934.26,4109.24,3527.05,3702.04
39.75,-70.3327,-33.6623,-5.32647,48.2269,0.655759,-0.444785,-2.18661,3935.29,4106.58,3529.02,3700.31
39.76,-70.0592,-33.265,-5.33095,48.2223,0.667208,-0.450185,-2.21294,3935.4,4104.8,3530.09,3699.49
39.77,-69.7841,-32.8689,-5.33548,48.2176,0.678353,-0.455618,-2.23943,3936.93,4101.55,3532.61,3697.23
39.78,-69.5073,-32.4741,-5.34007,48.2128,0.689442,-0.460785,-2.2646,3936.34,4100.41,3533.02,3697.08
39.79,-69.2288,-32.0805,-5.34471,48.2079,0.700182,-0.466028,-2.29014,3938.44,4096.54,3536.13,3694.24
39.8,-68.9486,-31.6882,-5.34939,48.203,0.710893,-0.470988,-2.31427,3937.07,4096.11,3535.8,3694.84
39.81,-68.6667,-31.2972,-5.35413,48.1979,0.721245,-0.47602,-2.33876,3939.79,4091.57,3539.57,3691.35
39.82,-68.383,-30.9075,-5.35892,48.1928,0.73156,-0.4808,-2.36199,3937.56,4091.95,3538.4,3692.79
39.83,-68.0975,-30.5192,-5.36375,48.1877,0.741544,-0.4856,-2.38532,3940.97,4086.65,3542.9,3688.58
39.84,-67.8103,-30.1322,-5.36863,48.1824,0.751506,-0.490123,-2.40727,3938.2,4087.53,3541.21,3690.55
39.85,-67.5213,-29.7467,-5.37356,48.1771,0.761097,-0.494695,-2.42946,3942.27,4081.54,3546.39,3685.66
39.86,-67.2305,-29.3625,-5.37853,48.1718,0.770613,-0.499085,-2.45075,3938.48,4083.39,3543.71,3688.63
39.87,-66.9378,-28.9798,-5.38355,48.1664,0.779847,-0.503403,-2.47168,3943.31,4076.61,3549.67,3682.97
39.88,-66.6434,-28.5986,-5.38861,48.161,0.788909,-0.507682,-2.4924,3938.45,4079.5,3545.94,3686.99
39.89,-66.3471,-28.2189,-5.3937,48.1555,0.797817,-0.511723,-2.51196,3944.12,4071.84,3552.75,3680.48
39.9,-66.049,-27.8406,-5.39885,48.15,0.806411,-0.515913,-2.53223,3938.12,4075.83,3547.91,3685.62
39.91,-65.7491,-27.4639,-5.40402,48.1444,0.815021,-0.519655,-2.55031,3944.73,4067.23,3555.67,3678.17
39.92,-65.4473,-27.0888,-5.40924,48.1388,0.82313,-0.52378,-2.57025,3937.53,4072.39,3549.64,3684.51
39.93,-65.1436,-26.7152,-5.4145,48.1333,0.83147,-0.5272,-2.58674,3945.14,4062.76,3558.41,3676.04
39.94,-64.8381,-26.3432,-5.4198,48.1276,0.839074,-0.531285,-2.60647,3936.67,4069.17,3551.13,3683.63
39.95,-64.5306,-25.9729,-5.42512,48.122,0.84717,-0.534363,-2.62127,3945.37,4058.45,3560.99,3674.07
39.96,-64.2213,-25.6042,-5.43049,48.1163,0.854246,-0.538432,-2.64091,3950.41,4051.35,3567.22,3668.15
39.97,-63.9101,-25.2371,-5.43589,48.1107,0.862126,-0.541149,-2.65393,3945.42,4054.3,3563.4,3672.28
39.98,-63.5971,-24.8718,-5.44132,48.105,0.868865,-0.544966,-2.67233,3951.18,4046.49,3570.34,3665.65
39.99,-63.2821,-24.5081,-5.44678,48.0994,0.876342,-0.547565,-2.68477,3945.3,4050.33,3565.63,3670.67
40,-62.9652,-24.1462,-5.45228,48.0937,0.882763,-0.551112,-2.70184,3951.81,4041.75,3573.34,3663.28
40.01,-62.6464,-23.786,-5.4578,48.0881,0.889822,-0.553619,-2.71381,3944.98,4046.55,3567.68,3669.24
40.02,-62.3258,-23.4276,-5.46336,48.0825,0.895946,-0.556881,-2.72948,3952.33,4037.15,3576.2,3661.03
40.03,-62.0032,-23.071,-5.46894,48.0769,0.902573,-0.559319,-2.74111,3944.49,4042.97,3569.53,3668.01
40.04,-61.6787,-22.7161,-5.47455,48.0713,0.908422,-0.562281,-2.75531,3952.71,4032.71,3578.93,3658.92
40.05,-61.3523,-22.3632,-5.48019,48.0657,0.9146,-0.564675,-2.76672,3943.8,4039.61,3571.17,3666.98
40.06,-61.024,-22.012,-5.48585,48.0602,0.920197,-0.567321,-2.77936,3952.96,4028.43,3581.5,3656.97
40.07,-60.6937,-21.6627,-5.49154,48.0547,0.925911,-0.569696,-2.79068,3942.91,4036.48,3572.6,3666.17
40.08,-60.3616,-21.3154,-5.49725,48.0492,0.931282,-0.572013,-2.80171,3953.07,4024.34,3583.9,3655.17
40.09,-60.0276,-20.9699,-5.50298,48.0437,0.936516,-0.574393,-2.81305,3941.82,4033.59,3573.8,3665.57
40.1,-59.6916,-20.6264,-5.50874,48.0384,0.941686,-0.576367,-2.8224,3953.03,4020.44,3586.13,3653.53
40.11,-59.3538,-20.2848,-5.51452,48.0329,0.946182,-0.579113,-2.83553,3939.19,4032.31,3573.42,3666.54
40.12,-59.014,-19.9451,-5.52031,48.0276,0.951328,-0.580652,-2.84274,3951.88,4017.71,3587.21,3653.04
40.13,-58.6724,-19.6075,-5.52614,48.0223,0.955391,-0.583408,-2.85592,3936.92,4030.71,3573.38,3667.17
40.14,-58.3289,-19.2718,-5.53197,48.0171,0.960475,-0.58452,-2.86105,3951.02,4014.75,3588.55,3652.28
40.15,-57.9834,-18.9382,-5.53783,48.0118,0.964034,-0.587328,-2.87449,3958.76,4005.1,3597.39,3643.73
40.16,-57.6361,-18.6066,-5.54371,48.0068,0.969043,-0.588018,-2.87756,3950.27,4011.75,3589.96,3651.44
40.17,-57.2869,-18.277,-5.5496,48.0016,0.972382,-0.59051,-2.88945,3958.93,4001.23,3599.7,3641.99
40.18,-56.9359,-17.9496,-5.55551,47.9967,0.976993,-0.591184,-2.89244,3949.51,4008.85,3591.31,3650.65
40.19,-56.583,-17.6242,-5.56143,47.9917,0.980118,-0.593358,-2.90278,3959.09,3997.46,3601.93,3640.31
40.2,-56.2282,-17.3009,-5.56738,47.9868,0.984125,-0.594385,-2.90751,3947.33,4007.45,3591.19,3651.31
40.21,-55.8715,-16.9797,-5.57333,47.982,0.987202,-0.596154,-2.91587,3958.23,3994.79,3603.11,3639.67
40.22,-55.513,-16.6607,-5.5793,47.9772,0.990858,-0.597165,-2.92052,3945.64,4005.65,3591.52,3651.52
40.23,-55.1527,-16.3439,-5.58528,47.9725,0.993835,-0.598548,-2.927,3957.76,3991.83,3604.61,3638.69
40.24,-54.7905,-16.0292,-5.59127,47.9679,0.997233,-0.599306,-2.93042,3945.27,4002.64,3593.09,3650.46
40.25,-54.4265,-15.7166,-5.59727,47.9634,1.00008,-0.600241,-2.93472,3954.14,3992.12,3602.91,3640.89
40.26,-54.0606,-15.4063,-5.60327,47.9589,1.00306,-0.600797,-2.93716,3946.16,3998.47,3595.87,3648.19
40.27,-53.693,-15.0982,-5.60928,47.9546,1.00577,-0.6012,-2.93887,3952.22,3990.85,3602.83,3641.46
40.28,-53.3236,-14.7923,-5.6153,47.9503,1.00842,-0.601302,-2.9391,3949.6,3991.89,3601.12,3643.41
40.29,-52.9524,-14.4887,-5.62131,47.9461,1.01082,-0.60122,-2.93845,3952.72,3987.28,3605.11,3639.66
40.3,-52.5794,-14.1872,-5.62732,47.942,1.01301,-0.600911,-2.93668,3953.68,3984.82,3606.93,3638.07
40.31,-52.2047,-13.8881,-5.63333,47.9381,1.01492,-0.600439,-2.93414,3955.16,3981.92,3609.23,3635.98
40.32,-51.8282,-13.5912,-5.63933,47.9342,1.01654,-0.599837,-2.93096,3956.74,3978.92,3611.63,3633.8
40.33,-51.45,-13.2966,-5.64532,47.9305,1.01784,-0.599173,-2.92749,3958.54,3975.77,3614.2,3631.43
40.34,-51.07,-13.0042,-5.65131,47.9268,1.01882,-0.598469,-2.92382,3960.19,3972.79,3616.62,3629.22
40.35,-50.6884,-12.7142,-5.65729,47.9232,1.01948,-0.597773,-2.92021,3961.85,3969.83,3619.03,3627.01
40.36,-50.305,-12.4265,-5.66326,47.9198,1.01987,-0.597101,-2.91671,3963.2,3967.23,3621.1,3625.13
40.37,-49.92,-12.141,-5.66923,47.9164,1.02,-0.59648,-2.91348,3964.48,3964.74,3623.08,3623.34
40.38,-49.5333,-11.8579,-5.67519,47.9132,1.0199,-0.595919,-2.91054,3965.36,3962.68,3624.64,3621.96
40.39,-49.1449,-11.5771,-5.68115,47.91,1.01962,-0.595425,-2.90794,3966.15,3960.74,3626.09,3620.68
40.4,-48.755,-11.2987,-5.6871,47.907,1.01919,-0.595009,-2.90572,3966.52,3959.26,3627.1,3619.84
40.41,-48.3633,-11.0226,-5.69305,47.904,1.01865,-0.594662,-2.90384,3966.82,3957.87,3628.03,3619.08
40.42,-47.9701,-10.7489,-5.699,47.9012,1.01801,-0.594391,-2.90235,3966.75,3956.92,3628.54,3618.72
40.43,-47.5753,-10.4775,-5.70494,47.8983,1.01733,-0.594177,-2.90113,3966.65,3955.98,3629.04,3618.38
40.44,-47.1788,-10.2085,-5.71088,47.8957,1.01662,-0.594034,-2.90027,3966.22,3955.46,3629.16,3618.41
40.45,-46.7809,-9.94186,-5.71682,47.893,1.0159,-0.593931,-2.8996,3965.66,3955.04,3629.17,3618.55
40.46,-46.3813,-9.67762,-5.72276,47.8905,1.01518,-0.593886,-2.89924,3965.15,3954.66,3629.18,3618.68
40.47,-45.9802,-9.41578,-5.7287,47.888,1.0145,-0.593865,-2.89898,3964.41,3954.49,3628.96,3619.04
40.48,-45.5776,-9.15634,-5.73463,47.8857,1.01385,-0.593882,-2.89892,3963.77,3954.27,3628.82,3619.31
40.49,-45.1734,-8.89932,-5.74057,47.8833,1.01324,-0.593913,-2.89893,3962.95,3954.25,3628.48,3619.78
40.5,-44.7678,-8.64472,-5.74651,47.8811,1.01268,-0.593966,-2.89906,3962.27,3954.12,3628.27,3620.11
40.51,-44.3606,-8.39255,-5.75245,47.8789,1.01217,-0.594024,-2.89921,3961.44,3954.16,3627.89,3620.61
40.52,-43.952,-8.14281,-5.75839,47.8768,1.0117,-0.594088,-2.89939,3960.79,3954.04,3627.69,3620.93
40.53,-43.542,-7.89553,-5.76434,47.8748,1.01128,-0.594153,-2.89959,3960,3954.09,3627.32,3621.41
40.54,-43.1304,-7.65069,-5.77028,47.8728,1.01091,-0.594212,-2.89975,3959.42,3953.94,3627.17,3621.68
40.55,-42.7175,-7.40832,-5.77622,47.8709,1.01057,-0.594273,-2.89994,3958.71,3953.97,3626.84,3622.11
40.56,-42.3031,-7.16842,-5.78216,47.869,1.01027,-0.59432,-2.90005,3958.21,3953.78,3626.75,3622.31
40.57,-41.8874,-6.931,-5.78811,47.8673,1.01,-0.59437,-2.90019,3957.58,3953.78,3626.48,3622.67
40.58,-41.4702,-6.69606,-5.79405,47.8655,1.00976,-0.594399,-2.90022,3957.01,3953.7,3626.28,3622.97
40.59,-41.0517,-6.46362,-5.79999,47.8639,1.00954,-0.594435,-2.9003,3956.63,3953.49,3626.24,3623.1
40.6,-40.6318,-6.23368,-5.80594,47.8622,1.00934,-0.594451,-2.90028,3956.13,3953.38,3626.09,3623.34
40.61,-40.2105,-6.00625,-5.81188,47.8607,1.00915,-0.59447,-2.90028,3955.84,3953.12,3626.12,3623.41
40.62,-39.7879,-5.78133,-5.81783,47.8591,1.00898,-0.594475,-2.90021,3955.4,3953,3626,3623.6
40.63,-39.364,-5.55894,-5.82377,47.8577,1.00882,-0.594481,-2.90015,3955.16,3952.72,3626.07,3623.62
40.64,-38.9388,-5.33908,-5.82972,47.8563,1.00866,-0.594479,-2.90005,3954.78,3952.59,3625.98,3623.79
40.65,-38.5124,-5.12176,-5.83566,47.8549,1.00851,-0.594474,-2.89995,3954.59,3952.28,3626.08,3623.76
40.66,-38.0846,-4.90698,-5.84161,47.8536,1.00837,-0.594467,-2.89984,3954.25,3952.16,3626,3623.91
40.67,-37.6556,-4.69476,-5.84755,47.8523,1.00823,-0.594454,-2.89969,3954.1,3951.83,3626.13,3623.86
40.68,-37.2253,-4.4851,-5.8535,47.8511,1.00808,-0.594447,-2.89959,3953.78,3951.73,3626.05,3624
40.69,-36.7939,-4.27801,-5.85944,47.8499,1.00795,-0.594429,-2.89942,3953.66,3951.39,3626.19,3623.93
40.7,-36.3612,-4.07349,-5.86538,47.8488,1.00781,-0.594424,-2.89934,3953.35,3951.32,3626.11,3624.07
40.71,-35.9273,-3.87155,-5.87133,47.8477,1.00768,-0.594406,-2.89918,3953.07,3951.19,3626.06,3624.18
40.72,-35.4922,-3.6722,-5.87727,47.8467,1.00754,-0.594404,-2.89912,3952.95,3950.95,3626.15,3624.15
40.73,-35.0559,-3.47545,-5.88322,47.8457,1.00741,-0.594391,-2.89899,3952.68,3950.85,3626.09,3624.27
40.74,-34.6185,-3.28129,-5.88916,47.8448,1.00728,-0.594389,-2.89892,3952.58,3950.62,3626.18,3624.23
40.75,-34.18,-3.08975,-5.8951,47.8439,1.00715,-0.594381,-2.89882,3952.31,3950.56,3626.11,3624.35
40.76,-33.7403,-2.90082,-5.90105,47.843,1.00703,-0.594378,-2.89876,3952.22,3950.33,3626.2,3624.31
40.77,-33.2995,-2.71451,-5.90699,47.8422,1.00691,-0.594375,-2.8987,3951.96,3950.3,3626.11,3624.44
40.78,-32.8577,-2.53082,-5.91294,47.8414,1.0068,-0.594372,-2.89863,3951.89,3950.07,3626.21,3624.39
40.79,-32.4147,-2.34977,-5.91888,47.8407,1.00668,-0.594374,-2.8986,3951.64,3950.07,3626.1,3624.53
40.8,-31.9707,-2.17136,-5.92482,47.8399,1.00658,-0.59437,-2.89854,3951.58,3949.84,3626.21,3624.48
40.81,-31.5257,-1.9956,-5.93077,47.8393,1.00648,-0.594378,-2.89854,3951.33,3949.87,3626.09,3624.63
40.82,-31.0796,-1.82249,-5.93671,47.8386,1.00638,-0.594376,-2.89848,3951.28,3949.66,3626.19,3624.57
40.83,-30.6325,-1.65203,-5.94265,47.8381,1.00629,-0.594389,-2.89851,3951.05,3949.71,3626.06,3624.73
40.84,-30.1844,-1.48424,-5.9486,47.8375,1.00621,-0.594388,-2.89847,3950.83,3949.71,3625.97,3624.85
40.85,-29.7353,-1.3191,-5.95452,47.8375,1.00865,-0.59047,-2.87937,3941.23,3959.31,3616.37,3634.45
40.86,-29.2853,-1.1566,-5.96042,47.8375,1.00833,-0.589011,-2.87225,3960.36,3940.16,3635.51,3615.31
40.87,-28.8343,-0.996757,-5.96629,47.8376,1.00873,-0.586307,-2.85908,3948.54,3952.01,3623.67,3627.14
40.88,-28.3824,-0.839562,-5.97215,47.8377,1.00751,-0.584899,-2.85222,3966.73,3933.86,3641.84,3608.97
40.89,-27.9295,-0.685029,-5.97799,47.8378,1.0066,-0.583142,-2.84365,3949.37,3951.26,3624.46,3626.35
40.9,-27.4758,-0.533143,-5.98381,47.8381,1.00521,-0.581391,-2.83513,3968.45,3932.28,3643.48,3607.31
40.91,-27.0212,-0.383919,-5.98962,47.8383,1.00334,-0.580392,-2.83027,3946.55,3954.24,3621.54,3629.24
40.92,-26.5657,-0.237342,-5.99541,47.8387,1.00218,-0.578021,-2.81874,3967.73,3933.23,3642.63,3608.13
40.93,-26.1093,-0.0934215,-6.00119,47.8391,0.999921,-0.577078,-2.81416,3944.21,3956.86,3619.04,3631.7
40.94,-25.6522,0.0478573,-6.00694,47.8397,0.998923,-0.574042,-2.79939,3967.58,3933.73,3642.28,3608.42
40.95,-25.1942,0.186488,-6.01268,47.8402,0.99563,-0.573815,-2.79831,3980.31,3921.17,3654.91,3595.77
40.96,-24.7354,0.322478,-6.01839,47.841,0.995026,-0.569943,-2.77947,3966.09,3935.69,3640.51,3610.11
40.97,-24.2759,0.455833,-6.02409,47.8417,0.991804,-0.569045,-2.77513,3980.93,3921.08,3655.22,3595.37
40.98,-23.8155,0.586551,-6.02976,47.8427,0.990586,-0.565592,-2.75835,3963.84,3938.52,3637.93,3612.61
40.99,-23.3545,0.714648,-6.0354,47.8435,0.987513,-0.563925,-2.75027,3981.18,3921.5,3655.09,3595.4
41,-22.8927,0.840116,-6.04103,47.8446,0.985577,-0.560929,-2.73572,3961.1,3941.96,3634.78,3615.65
41.01,-22.4302,0.962978,-6.04662,47.8458,0.982708,-0.558422,-2.72356,3981.21,3922.27,3654.65,3595.71
41.02,-21.9669,1.08322,-6.0522,47.847,0.979926,-0.555937,-2.71151,3957.94,3945.96,3631.14,3619.16
41.03,-21.5031,1.20088,-6.05774,47.8484,0.977309,-0.552535,-2.695,3981.03,3923.38,3653.94,3596.28
41.04,-21.0385,1.31593,-6.06326,47.8497,0.973547,-0.550628,-2.68577,3954.34,3950.54,3626.98,3623.17
41.05,-20.5733,1.42841,-6.06874,47.8514,0.971236,-0.546288,-2.66469,3980.59,3924.9,3652.87,3597.18
41.06,-20.1075,1.53831,-6.07419,47.8528,0.966358,-0.545029,-2.65863,3995.07,3910.96,3667.04,3582.93
41.07,-19.641,1.64565,-6.07961,47.8548,0.964422,-0.539713,-2.63281,3979.8,3926.92,3651.37,3598.49
41.08,-19.174,1.75044,-6.08499,47.8565,0.959549,-0.537669,-2.62293,3996.68,3910.67,3667.89,3581.88
41.09,-18.7064,1.85269,-6.09034,47.8587,0.957111,-0.532261,-2.59667,3980.82,3927.29,3651.59,3598.06
41.1,-18.2382,1.95241,-6.09564,47.8607,0.952053,-0.529548,-2.58354,3999.58,3909.27,3669.93,3579.61
41.11,-17.7694,2.04962,-6.10092,47.863,0.948615,-0.52478,-2.5604,3980.3,3929.35,3650.18,3599.23
41.12,-17.3002,2.14433,-6.10615,47.8653,0.94356,-0.521326,-2.54367,4001.31,3909.18,3670.71,3578.58
41.13,-16.8304,2.23655,-6.11134,47.8677,0.939124,-0.517229,-2.52381,3978.59,3932.76,3647.49,3601.66
41.14,-16.3601,2.3263,-6.11649,47.8703,0.934219,-0.512975,-2.50319,4002.14,3910.15,3670.5,3578.51
41.15,-15.8893,2.41358,-6.12161,47.8728,0.928751,-0.509586,-2.48678,3975.9,3937.31,3643.73,3605.14
41.16,-15.418,2.49843,-6.12667,47.8757,0.924119,-0.504484,-2.46203,4002.24,3912,3669.47,3579.24
41.17,-14.9463,2.58085,-6.1317,47.8784,0.917558,-0.501845,-2.44929,3972.34,3942.87,3639.02,3609.54
41.18,-14.4742,2.66086,-6.13668,47.8815,0.913307,-0.495853,-2.4202,4001.69,3914.65,3667.72,3580.67
41.19,-14.0016,2.73847,-6.14163,47.8844,0.906205,-0.49324,-2.4076,4018.04,3899.37,3683.45,3564.78
41.2,-13.5286,2.8137,-6.14652,47.8877,0.901809,-0.487094,-2.37776,4000.53,3918.06,3665.26,3582.78
41.21,-13.0552,2.88658,-6.15137,47.8909,0.894833,-0.483724,-2.36147,4019.24,3900.51,3683.3,3564.57
41.22,-12.5814,2.95711,-6.15619,47.8944,0.889637,-0.478224,-2.33478,3998.77,3922.2,3662.13,3585.55
41.23,-12.1072,3.02532,-6.16094,47.8978,0.882866,-0.474068,-2.31466,4019.99,3902.24,3682.62,3564.87
41.24,-11.6327,3.09122,-6.16566,47.9014,0.876798,-0.46926,-2.29135,3996.41,3927.09,3658.3,3588.99
41.25,-11.1578,3.15484,-6.17033,47.905,0.870312,-0.464293,-2.26728,4020.27,3904.57,3681.39,3565.69
41.26,-10.6826,3.21619,-6.17495,47.9088,0.863775,-0.459524,-2.24416,3996.19,3929.98,3656.54,3590.34
41.27,-10.2071,3.27531,-6.17951,47.9127,0.857345,-0.45389,-2.21683,4022.06,3905.55,3681.59,3565.08
41.28,-9.73126,3.33219,-6.18403,47.9165,0.849641,-0.450004,-2.19802,3994.11,3934.87,3652.85,3593.61
41.29,-9.25512,3.38688,-6.18849,47.9207,0.843496,-0.44363,-2.16708,4022.38,3908.11,3680.25,3565.97
41.3,-8.77871,3.43938,-6.19291,47.9246,0.834659,-0.440626,-2.15258,4037.76,3894.16,3694.8,3551.2
41.31,-8.30202,3.48973,-6.19727,47.929,0.828967,-0.433455,-2.11774,4021.63,3911.86,3677.77,3567.99
41.32,-7.82506,3.53794,-6.20159,47.9331,0.820277,-0.429788,-2.10001,4039.04,3895.95,3694.31,3551.22
41.33,-7.34786,3.58402,-6.20585,47.9376,0.813877,-0.423332,-2.06866,4020.04,3916.55,3674.39,3570.9
41.34,-6.87041,3.62802,-6.21006,47.9419,0.805438,-0.418963,-2.04749,4039.69,3898.48,3693.13,3551.91
41.35,-6.39274,3.66995,-6.21422,47.9464,0.798289,-0.413244,-2.01973,4017.77,3922.02,3670.27,3574.53
41.36,-5.91485,3.70983,-6.21832,47.951,0.790187,-0.408143,-1.99499,4039.82,3901.63,3691.37,3553.18
41.37,-5.43674,3.74768,-6.22238,47.9555,0.782234,-0.403185,-1.97094,4014.88,3928.21,3665.48,3578.81
41.38,-4.95844,3.78353,-6.22638,47.9602,0.774546,-0.397328,-1.9425,4039.46,3905.33,3689.08,3554.95
41.39,-4.47995,3.8174,-6.23033,47.9649,0.765723,-0.393159,-1.92231,4011.42,3935.04,3660.08,3583.7
41.4,-4.00128,3.84933,-6.23423,47.9697,0.758523,-0.386526,-1.89007,4038.65,3909.58,3686.29,3557.22
41.41,-3.52243,3.87931,-6.23807,47.9744,0.74876,-0.383174,-1.87386,4053.35,3896.58,3700.01,3543.24
41.42,-3.04343,3.9074,-6.24186,47.9794,0.742119,-0.375749,-1.83774,4037.38,3914.35,3683.01,3559.97
41.43,-2.56427,3.9336,-6.24559,47.9842,0.732601,-0.371731,-1.81827,4054.17,3899.31,3698.79,3543.92
41.44,-2.08496,3.95794,-6.24928,47.9892,0.725336,-0.36501,-1.78558,4035.65,3919.64,3679.22,3563.21
41.45,-1.60551,3.98045,-6.2529,47.9943,0.717184,-0.358958,-1.75616,3974.68,3981.31,3618.31,3624.94
41.46,-1.12593,4.00121,-6.2564,48.001,0.7136,-0.345062,-1.68841,4021.67,3925.38,3675.25,3578.96
41.47,-0.646203,4.02026,-6.2598,48.0092,0.70462,-0.335832,-1.64353,4049.41,3888.95,3712.92,3552.46
41.48,-0.166321,4.03758,-6.26313,48.0189,0.692474,-0.33035,-1.61703,4062.64,3867.28,3736.06,3540.7
41.49,0.313724,4.0532,-6.26641,48.0301,0.678828,-0.327849,-1.60516,4065.17,3856.54,3748.5,3539.87
41.5,0.79394,4.06711,-6.26968,48.0431,0.667684,-0.323733,-1.58543,4031.24,3882.55,3724.45,3575.76
41.51,1.27434,4.07937,-6.27289,48.0577,0.656699,-0.319878,-1.56703,4040.09,3866.04,3743.18,3569.12
41.52,1.75493,4.08998,-6.27607,48.0739,0.647074,-0.315286,-1.54506,4009.49,3889.25,3722.43,3602.2
41.53,2.23572,4.099,-6.27919,48.0918,0.637674,-0.310414,-1.52175,4022.78,3868.86,3745.56,3591.65
41.54,2.71673,4.10642,-6.28228,48.1114,0.628704,-0.30563,-1.49891,3993.97,3890.82,3726.58,3623.44
41.55,3.19797,4.1123,-6.2853,48.1326,0.620229,-0.299992,-1.47191,4010.37,3867.85,3752.8,3610.28
41.56,3.67944,4.11664,-6.28828,48.1555,0.611393,-0.295222,-1.44919,3982.33,3889.59,3734.56,3641.81
41.57,4.16115,4.11949,-6.29119,48.18,0.603462,-0.288999,-1.41937,4000.98,3864.9,3763,3626.92
41.58,4.64313,4.12085,-6.29406,48.2061,0.594465,-0.284386,-1.39746,3973.04,3887.06,3744.83,3658.85
41.59,5.12538,4.12076,-6.29686,48.2339,0.586877,-0.277707,-1.36543,3993.39,3861.23,3774.93,3642.77
