time,x,y,yaw,vx,vy,yaw_rate,lat_accel_g
0,0.0249991,0,0,24.9991,0,0,0
0.01,0.274944,0,0,24.9907,0,0,0
0.02,0.524805,0,0,24.9825,0,0,0
0.03,0.774586,0,0,24.9745,0,0,0
0.04,1.02429,0,0,24.9668,0,0,0
0.05,1.27391,0,0,24.9593,0,0,0
0.06,1.52347,0,0,24.952,0,0,0
0.07,1.77295,0,0,24.945,0,0,0
0.08,2.02236,0,0,24.9381,0,0,0
0.09,2.2717,0,0,24.9315,0,0,0
0.1,2.52098,0,0,24.9251,0,0,0
0.11,2.7702,0,0,24.9189,0,0,0
0.12,3.01936,0,0,24.9128,0,0,0
0.13,3.26845,0,0,24.907,0,0,0
0.14,3.51749,0,0,24.9013,0,0,0
0.15,3.76647,0,0,24.8958,0,0,0
0.16,4.0154,0,0,24.8905,0,0,0
0.17,4.26428,0,0,24.8853,0,0,0
0.18,4.5131,0,0,24.8803,0,0,0
0.19,4.76188,0,0,24.8754,0,0,0
0.2,5.01061,0,0,24.8707,0,0,0
0.21,5.25929,0,0,24.8661,0,0,0
0.22,5.50793,0,0,24.8617,0,0,0
0.23,5.75652,0,0,24.8574,0,0,0
0.24,6.00507,0,0,24.8532,0,0,0
0.25,6.25358,0,0,24.8492,0,0,0
0.26,6.50205,0,0,24.8453,0,0,0
0.27,6.75048,0,0,24.8415,0,0,0
0.28,6.99888,0,0,24.8378,0,0,0
0.29,7.24724,0,0,24.8342,0,0,0
0.3,7.49556,0,0,24.8307,0,0,0
0.31,7.74385,0,0,24.8274,0,0,0
0.32,7.9921,0,0,24.8241,0,0,0
0.33,8.24033,0,0,24.8209,0,0,0
0.34,8.48852,0,0,24.8179,0,0,0
0.35,8.73668,0,0,24.8149,0,0,0
0.36,8.98481,0,0,24.812,0,0,0
0.37,9.23292,0,0,24.8092,0,0,0
0.38,9.481,0,0,24.8065,0,0,0
0.39,9.72905,0,0,24.8039,0,0,0
0.4,9.97707,0,0,24.8014,0,0,0
0.41,10.2251,0,0,24.7989,0,0,0
0.42,10.473,0,0,24.7965,0,0,0
0.43,10.721,0,0,24.7942,0,0,0
0.44,10.9689,0,0,24.7919,0,0,0
0.45,11.2168,0,0,24.7897,0,0,0
0.46,11.4647,0,0,24.7876,0,0,0
0.47,11.7126,0,0,24.7856,0,0,0
0.48,11.9604,0,0,24.7836,0,0,0
0.49,12.2083,0,0,24.7816,0,0,0
0.5,12.4561,0,0,24.7798,0,0,0
0.51,12.7038,0,0,24.7779,0,0,0
0.52,12.9516,0,0,24.7762,0,0,0
0.53,13.1994,0,0,24.7745,0,0,0
0.54,13.4471,0,0,24.7728,0,0,0
0.55,13.6948,0,0,24.7712,0,0,0
0.56,13.9425,0,0,24.7697,0,0,0
0.57,14.1902,0,0,24.7682,0,0,0
0.58,14.4379,0,0,24.7667,0,0,0
0.59,14.6856,0,0,24.7653,0,0,0
0.6,14.9332,0,0,24.7639,0,0,0
0.61,15.1808,0,0,24.7626,0,0,0
0.62,15.4284,0,0,24.7613,0,0,0
0.63,15.6761,0,0,24.76,0,0,0
0.64,15.9236,0,0,24.7588,0,0,0
0.65,16.1712,0,0,24.7576,0,0,0
0.66,16.4188,0,0,24.7565,0,0,0
0.67,16.6664,0,0,24.7554,0,0,0
0.68,16.9139,0,0,24.7543,0,0,0
0.69,17.1614,0,0,24.7533,0,0,0
0.7,17.409,0,0,24.7522,0,0,0
0.71,17.6565,0,0,24.7513,0,0,0
0.72,17.904,0,0,24.7503,0,0,0
0.73,18.1515,0,0,24.7494,0,0,0
0.74,18.399,0,0,24.7485,0,0,0
0.75,18.6465,0,0,24.7476,0,0,0
0.76,18.8939,0,0,24.7468,0,0,0
0.77,19.1414,0,0,24.746,0,0,0
0.78,19.3888,0,0,24.7452,0,0,0
0.79,19.6363,0,0,24.7444,0,0,0
0.8,19.8837,0,0,24.7437,0,0,0
0.81,20.1312,0,0,24.743,0,0,0
0.82,20.3786,0,0,24.7423,0,0,0
0.83,20.626,0,0,24.7416,0,0,0
0.84,20.8734,0,0,24.7409,0,0,0
0.85,21.1208,0,0,24.7403,0,0,0
0.86,21.3682,0,0,24.7397,0,0,0
0.87,21.6156,0,0,24.7391,0,0,0
0.88,21.863,0,0,24.7385,0,0,0
0.89,22.1104,0,0,24.7379,0,0,0
0.9,22.3578,0,0,24.7374,0,0,0
0.91,22.6051,0,0,24.7368,0,0,0
0.92,22.8525,0,0,24.7363,0,0,0
0.93,23.0999,0,0,24.7358,0,0,0
0.94,23.3472,0,0,24.7354,0,0,0
0.95,23.5946,0,0,24.7349,0,0,0
0.96,23.8419,0,0,24.7344,0,0,0
0.97,24.0893,0,0,24.734,0,0,0
0.98,24.3366,0,0,24.7336,0,0,0
0.99,24.5839,0,0,24.7332,0,0,0
1,24.8313,0,0,24.7327,0,0,0
1.01,25.0786,0,0,24.7324,0,0,0
1.02,25.3259,0,0,24.732,0,0,0
1.03,25.5732,0,0,24.7316,0,0,0
1.04,25.8205,0,0,24.7313,0,0,0
1.05,26.0679,0,0,24.7309,0,0,0
1.06,26.3152,0,0,24.7306,0,0,0
1.07,26.5625,0,0,24.7303,0,0,0
1.08,26.8098,0,0,24.7299,0,0,0
1.09,27.0571,0,0,24.7296,0,0,0
1.1,27.3044,0,0,24.7293,0,0,0
1.11,27.5516,0,0,24.7291,0,0,0
1.12,27.7989,0,0,24.7288,0,0,0
1.13,28.0462,0,0,24.7285,0,0,0
1.14,28.2935,0,0,24.7283,0,0,0
1.15,28.5408,0,0,24.728,0,0,0
1.16,28.7881,0,0,24.7278,0,0,0
1.17,29.0353,0,0,24.7275,0,0,0
1.18,29.2826,0,0,24.7273,0,0,0
1.19,29.5299,0,0,24.7271,0,0,0
1.2,29.7772,0,0,24.7269,0,0,0
1.21,30.0244,0,0,24.7266,0,0,0
1.22,30.2717,0,0,24.7264,0,0,0
1.23,30.519,0,0,24.7262,0,0,0
1.24,30.7662,0,0,24.726,0,0,0
1.25,31.0135,0,0,24.7259,0,0,0
1.26,31.2607,0,0,24.7257,0,0,0
1.27,31.508,0,0,24.7255,0,0,0
1.28,31.7552,0,0,24.7253,0,0,0
1.29,32.0025,0,0,24.7252,0,0,0
1.3,32.2497,0,0,24.725,0,0,0
1.31,32.497,0,0,24.7249,0,0,0
1.32,32.7442,0,0,24.7247,0,0,0
1.33,32.9915,0,0,24.7246,0,0,0
1.34,33.2387,0,0,24.7244,0,0,0
1.35,33.486,0,0,24.7243,0,0,0
1.36,33.7332,0,0,24.7242,0,0,0
1.37,33.9805,0,0,24.724,0,0,0
1.38,34.2277,0,0,24.7239,0,0,0
1.39,34.4749,0,0,24.7238,0,0,0
1.4,34.7222,0,0,24.7237,0,0,0
1.41,34.9694,0,0,24.7236,0,0,0
1.42,35.2166,0,0,24.7234,0,0,0
1.43,35.4639,0,0,24.7233,0,0,0
1.44,35.7111,0,0,24.7232,0,0,0
1.45,35.9583,0,0,24.7231,0,0,0
1.46,36.2056,0,0,24.723,0,0,0
1.47,36.4528,0,0,24.7229,0,0,0
1.48,36.7,0,0,24.7228,0,0,0
1.49,36.9473,0,0,24.7228,0,0,0
1.5,37.1945,0,0,24.7227,0,0,0
1.51,37.4417,0,0,24.7226,0,0,0
1.52,37.6889,0,0,24.7225,0,0,0
1.53,37.9362,0,0,24.7224,0,0,0
1.54,38.1834,0,0,24.7224,0,0,0
1.55,38.4306,0,0,24.7223,0,0,0
1.56,38.6778,0,0,24.7222,0,0,0
1.57,38.9251,0,0,24.7221,0,0,0
1.58,39.1723,0,0,24.7221,0,0,0
1.59,39.4195,0,0,24.722,0,0,0
1.6,39.6667,0,0,24.7219,0,0,0
1.61,39.9139,0,0,24.7219,0,0,0
1.62,40.1612,0,0,24.7218,0,0,0
1.63,40.4084,0,0,24.7218,0,0,0
1.64,40.6556,0,0,24.7217,0,0,0
1.65,40.9028,0,0,24.7217,0,0,0
1.66,41.15,0,0,24.7216,0,0,0
1.67,41.3972,0,0,24.7216,0,0,0
1.68,41.6445,0,0,24.7215,0,0,0
1.69,41.8917,0,0,24.7215,0,0,0
1.7,42.1389,0,0,24.7214,0,0,0
1.71,42.3861,0,0,24.7214,0,0,0
1.72,42.6333,0,0,24.7213,0,0,0
1.73,42.8805,0,0,24.7213,0,0,0
1.74,43.1277,0,0,24.7212,0,0,0
1.75,43.375,0,0,24.7212,0,0,0
1.76,43.6222,0,0,24.7212,0,0,0
1.77,43.8694,0,0,24.7211,0,0,0
1.78,44.1166,0,0,24.7211,0,0,0
1.79,44.3638,0,0,24.721,0,0,0
1.8,44.611,0,0,24.721,0,0,0
1.81,44.8582,0,0,24.721,0,0,0
1.82,45.1054,0,0,24.7209,0,0,0
1.83,45.3526,0,0,24.7209,0,0,0
1.84,45.5998,0,0,24.7209,0,0,0
1.85,45.8471,0,0,24.7209,0,0,0
1.86,46.0943,0,0,24.7208,0,0,0
1.87,46.3415,0,0,24.7208,0,0,0
1.88,46.5887,0,0,24.7208,0,0,0
1.89,46.8359,0,0,24.7208,0,0,0
1.9,47.0831,0,0,24.7207,0,0,0
1.91,47.3303,0,0,24.7207,0,0,0
1.92,47.5775,0,0,24.7207,0,0,0
1.93,47.8247,0,0,24.7207,0,0,0
1.94,48.0719,0,0,24.7206,0,0,0
1.95,48.3191,0,0,24.7206,0,0,0
1.96,48.5663,0,0,24.7206,0,0,0
1.97,48.8135,0,0,24.7206,0,0,0
1.98,49.0607,0,0,24.7206,0,0,0
1.99,49.3079,0,0,24.7205,0,0,0
2,49.5552,0,0,24.7205,0,0,0
2.01,49.8024,0,0,24.7205,0,0,0
2.02,50.0496,0,0,24.7205,0,0,0
2.03,50.2968,0,0,24.7205,0,0,0
2.04,50.544,0,0,24.7204,0,0,0
2.05,50.7912,0,0,24.7204,0,0,0
2.06,51.0384,0,0,24.7204,0,0,0
2.07,51.2856,0,0,24.7204,0,0,0
2.08,51.5328,0,0,24.7204,0,0,0
2.09,51.78,0,0,24.7204,0,0,0
2.1,52.0272,0,0,24.7204,0,0,0
2.11,52.2744,0,0,24.7203,0,0,0
2.12,52.5216,0,0,24.7203,0,0,0
2.13,52.7688,0,0,24.7203,0,0,0
2.14,53.016,0,0,24.7203,0,0,0
2.15,53.2632,0,0,24.7203,0,0,0
2.16,53.5104,0,0,24.7203,0,0,0
2.17,53.7576,0,0,24.7203,0,0,0
2.18,54.0048,0,0,24.7203,0,0,0
2.19,54.252,0,0,24.7203,0,0,0
2.2,54.4992,0,0,24.7202,0,0,0
2.21,54.7464,0,0,24.7202,0,0,0
2.22,54.9936,0,0,24.7202,0,0,0
2.23,55.2408,0,0,24.7202,0,0,0
2.24,55.488,0,0,24.7202,0,0,0
2.25,55.7352,0,0,24.7202,0,0,0
2.26,55.9824,0,0,24.7202,0,0,0
2.27,56.2296,0,0,24.7202,0,0,0
2.28,56.4768,0,0,24.7202,0,0,0
2.29,56.724,0,0,24.7202,0,0,0
2.3,56.9712,0,0,24.7202,0,0,0
2.31,57.2184,0,0,24.7202,0,0,0
2.32,57.4656,0,0,24.7201,0,0,0
2.33,57.7128,0,0,24.7201,0,0,0
2.34,57.9601,0,0,24.7201,0,0,0
2.35,58.2073,0,0,24.7201,0,0,0
2.36,58.4545,0,0,24.7201,0,0,0
2.37,58.7017,0,0,24.7201,0,0,0
2.38,58.9489,0,0,24.7201,0,0,0
2.39,59.1961,0,0,24.7201,0,0,0
2.4,59.4433,0,0,24.7201,0,0,0
2.41,59.6905,0,0,24.7201,0,0,0
2.42,59.9377,0,0,24.7201,0,0,0
2.43,60.1849,0,0,24.7201,0,0,0
2.44,60.4321,0,0,24.7201,0,0,0
2.45,60.6793,0,0,24.7201,0,0,0
2.46,60.9265,0,0,24.7201,0,0,0
2.47,61.1737,0,0,24.7201,0,0,0
2.48,61.4209,0,0,24.7201,0,0,0
2.49,61.6681,0,0,24.7201,0,0,0
2.5,61.9153,0,0,24.7201,0,0,0
2.51,62.1625,0,0,24.72,0,0,0
2.52,62.4097,0,0,24.72,0,0,0
2.53,62.6569,0,0,24.72,0,0,0
2.54,62.9041,0,0,24.72,0,0,0
2.55,63.1513,0,0,24.72,0,0,0
2.56,63.3985,0,0,24.72,0,0,0
2.57,63.6457,0,0,24.72,0,0,0
2.58,63.8929,0,0,24.72,0,0,0
2.59,64.1401,0,0,24.72,0,0,0
2.6,64.3873,0,0,24.72,0,0,0
2.61,64.6345,0,0,24.72,0,0,0
2.62,64.8817,0,0,24.72,0,0,0
2.63,65.1289,0,0,24.72,0,0,0
2.64,65.3761,0,0,24.72,0,0,0
2.65,65.6233,0,0,24.72,0,0,0
2.66,65.8705,0,0,24.72,0,0,0
2.67,66.1177,0,0,24.72,0,0,0
2.68,66.3649,0,0,24.72,0,0,0
2.69,66.6121,0,0,24.72,0,0,0
2.7,66.8593,0,0,24.72,0,0,0
2.71,67.1065,0,0,24.72,0,0,0
2.72,67.3537,0,0,24.72,0,0,0
2.73,67.6009,0,0,24.72,0,0,0
2.74,67.8481,0,0,24.72,0,0,0
2.75,68.0953,0,0,24.72,0,0,0
2.76,68.3425,0,0,24.72,0,0,0
2.77,68.5897,0,0,24.72,0,0,0
2.78,68.8369,0,0,24.72,0,0,0
2.79,69.0841,0,0,24.72,0,0,0
2.8,69.3313,0,0,24.72,0,0,0
2.81,69.5785,0,0,24.72,0,0,0
2.82,69.8257,0,0,24.72,0,0,0
2.83,70.0729,0,0,24.72,0,0,0
2.84,70.3201,0,0,24.72,0,0,0
2.85,70.5673,0,0,24.72,0,0,0
2.86,70.8145,0,0,24.72,0,0,0
2.87,71.0617,0,0,24.72,0,0,0
2.88,71.3089,0,0,24.72,0,0,0
2.89,71.5561,0,0,24.72,0,0,0
2.9,71.8033,0,0,24.72,0,0,0
2.91,72.0505,0,0,24.72,0,0,0
2.92,72.2977,0,0,24.72,0,0,0
2.93,72.5449,0,0,24.72,0,0,0
2.94,72.7921,0,0,24.72,0,0,0
2.95,73.0393,0,0,24.72,0,0,0
2.96,73.2865,0,0,24.72,0,0,0
2.97,73.5337,0,0,24.72,0,0,0
2.98,73.7809,0,0,24.72,0,0,0
2.99,74.0281,0,0,24.72,0,0,0
3,74.2753,0,0,24.72,0,0,0
3.01,74.5225,0,0,24.72,0,0,0
3.02,74.7697,0,0,24.7199,0,0,0
3.03,75.0169,0,0,24.7199,0,0,0
3.04,75.2641,0,0,24.7199,0,0,0
3.05,75.5113,0,0,24.7199,0,0,0
3.06,75.7585,0,0,24.7199,0,0,0
3.07,76.0057,0,0,24.7199,0,0,0
3.08,76.2529,0,0,24.7199,0,0,0
3.09,76.5001,0,0,24.7199,0,0,0
3.1,76.7473,0,0,24.7199,0,0,0
3.11,76.9945,0,0,24.7199,0,0,0
3.12,77.2417,0,0,24.7199,0,0,0
3.13,77.4889,0,0,24.7199,0,0,0
3.14,77.7361,0,0,24.7199,0,0,0
3.15,77.9833,0,0,24.7199,0,0,0
3.16,78.2305,0,0,24.7199,0,0,0
3.17,78.4777,0,0,24.7199,0,0,0
3.18,78.7248,0,0,24.7199,0,0,0
3.19,78.972,0,0,24.7199,0,0,0
3.2,79.2192,0,0,24.7199,0,0,0
3.21,79.4664,0,0,24.7199,0,0,0
3.22,79.7136,0,0,24.7199,0,0,0
3.23,79.9608,0,0,24.7199,0,0,0
3.24,80.208,0,0,24.7199,0,0,0
3.25,80.4552,0,0,24.7199,0,0,0
3.26,80.7024,0,0,24.7199,0,0,0
3.27,80.9496,0,0,24.7199,0,0,0
3.28,81.1968,0,0,24.7199,0,0,0
3.29,81.444,0,0,24.7199,0,0,0
3.3,81.6912,0,0,24.7199,0,0,0
3.31,81.9384,0,0,24.7199,0,0,0
3.32,82.1856,0,0,24.7199,0,0,0
3.33,82.4328,0,0,24.7199,0,0,0
3.34,82.68,0,0,24.7199,0,0,0
3.35,82.9272,0,0,24.7199,0,0,0
3.36,83.1744,0,0,24.7199,0,0,0
3.37,83.4216,0,0,24.7199,0,0,0
3.38,83.6688,0,0,24.7199,0,0,0
3.39,83.916,0,0,24.7199,0,0,0
3.4,84.1632,0,0,24.7199,0,0,0
3.41,84.4104,0,0,24.7199,0,0,0
3.42,84.6576,0,0,24.7199,0,0,0
3.43,84.9048,0,0,24.7199,0,0,0
3.44,85.152,0,0,24.7199,0,0,0
3.45,85.3992,0,0,24.7199,0,0,0
3.46,85.6464,0,0,24.7199,0,0,0
3.47,85.8936,0,0,24.7199,0,0,0
3.48,86.1408,0,0,24.7199,0,0,0
3.49,86.388,0,0,24.7199,0,0,0
3.5,86.6352,0,0,24.7199,0,0,0
3.51,86.8824,0,0,24.7199,0,0,0
3.52,87.1296,0,0,24.7199,0,0,0
3.53,87.3768,0,0,24.7199,0,0,0
3.54,87.624,0,0,24.7199,0,0,0
3.55,87.8712,0,0,24.7199,0,0,0
3.56,88.1184,0,0,24.7199,0,0,0
3.57,88.3656,0,0,24.7199,0,0,0
3.58,88.6128,0,0,24.7199,0,0,0
3.59,88.86,0,0,24.7199,0,0,0
3.6,89.1072,0,0,24.7199,0,0,0
3.61,89.3544,0,0,24.7199,0,0,0
3.62,89.6016,0,0,24.7199,0,0,0
3.63,89.8488,0,0,24.7199,0,0,0
3.64,90.096,0,0,24.7199,0,0,0
3.65,90.3432,0,0,24.7199,0,0,0
3.66,90.5904,0,0,24.7199,0,0,0
3.67,90.8376,0,0,24.7199,0,0,0
3.68,91.0848,0,0,24.7199,0,0,0
3.69,91.332,0,0,24.7199,0,0,0
3.7,91.5792,0,0,24.7199,0,0,0
3.71,91.8264,0,0,24.7199,0,0,0
3.72,92.0736,0,0,24.7199,0,0,0
3.73,92.3208,0,0,24.7199,0,0,0
3.74,92.568,0,0,24.7199,0,0,0
3.75,92.8152,0,0,24.7199,0,0,0
3.76,93.0624,0,0,24.7199,0,0,0
3.77,93.3096,0,0,24.7199,0,0,0
3.78,93.5568,0,0,24.7199,0,0,0
3.79,93.804,0,0,24.7199,0,0,0
3.8,94.0512,0,0,24.7199,0,0,0
3.81,94.2984,0,0,24.7199,0,0,0
3.82,94.5456,0,0,24.7199,0,0,0
3.83,94.7928,0,0,24.7199,0,0,0
3.84,95.04,0,0,24.7199,0,0,0
3.85,95.2872,0,0,24.7199,0,0,0
3.86,95.5344,0,0,24.7199,0,0,0
3.87,95.7816,0,0,24.7199,0,0,0
3.88,96.0288,0,0,24.7199,0,0,0
3.89,96.276,0,0,24.7199,0,0,0
3.9,96.5232,0,0,24.7199,0,0,0
3.91,96.7704,0,0,24.7199,0,0,0
3.92,97.0176,0,0,24.7199,0,0,0
3.93,97.2648,0,0,24.7199,0,0,0
3.94,97.512,0,0,24.7199,0,0,0
3.95,97.7592,0,0,24.7199,0,0,0
3.96,98.0064,0,0,24.7199,0,0,0
3.97,98.2536,0,0,24.7199,0,0,0
3.98,98.5008,0,0,24.7199,0,0,0
3.99,98.748,0,0,24.7199,0,0,0
4,98.9952,0,0,24.7199,0,0,0
4.01,99.2424,0,0,24.7199,0,0,0
4.02,99.4896,0,0,24.7199,0,0,0
4.03,99.7368,0,0,24.7199,0,0,0
4.04,99.984,0,0,24.7199,0,0,0
4.05,100.231,0,0,24.7199,0,0,0
4.06,100.478,0,0,24.7199,0,0,0
4.07,100.726,0,0,24.7199,0,0,0
4.08,100.973,0,0,24.7199,0,0,0
4.09,101.22,0,0,24.7199,0,0,0
4.1,101.467,0,0,24.7199,0,0,0
4.11,101.714,0,0,24.7199,0,0,0
4.12,101.962,0,0,24.7199,0,0,0
4.13,102.209,0,0,24.7199,0,0,0
4.14,102.456,0,0,24.7199,0,0,0
4.15,102.703,0,0,24.7199,0,0,0
4.16,102.95,0,0,24.7199,0,0,0
4.17,103.198,0,0,24.7199,0,0,0
4.18,103.445,0,0,24.7199,0,0,0
4.19,103.692,0,0,24.7199,0,0,0
4.2,103.939,0,0,24.7199,0,0,0
4.21,104.186,0,0,24.7199,0,0,0
4.22,104.434,0,0,24.7199,0,0,0
4.23,104.681,0,0,24.7199,0,0,0
4.24,104.928,0,0,24.7199,0,0,0
4.25,105.175,0,0,24.7199,0,0,0
4.26,105.422,0,0,24.7199,0,0,0
4.27,105.67,6.92288e-06,8.0485e-06,24.7199,0.00176526,0.00221202,0.00557401
4.28,105.917,4.36891e-05,4.51247e-05,24.7199,0.00393026,0.00475285,0.0119766
4.29,106.164,0.000110216,0.000102028,24.7199,0.00542191,0.00634754,0.015995
4.3,106.411,0.00020495,0.000171439,24.7199,0.00646949,0.0073587,0.018543
4.31,106.658,0.000326743,0.000248831,24.7199,0.00721956,0.00800837,0.0201801
4.32,106.906,0.000474739,0.000331394,24.7199,0.00776695,0.00843289,0.0212498
4.33,107.153,0.000648296,0.000417373,24.7199,0.00817386,0.00871622,0.0219637
4.34,107.4,0.000846936,0.000505661,24.7199,0.00848173,0.0089103,0.0224528
4.35,107.647,0.00108364,0.00061126,24.7199,0.012753,0.0141216,0.0355846
4.36,107.894,0.0014221,0.000795234,24.7198,0.0189901,0.0213869,0.0538921
4.37,108.142,0.00186537,0.00103595,24.7198,0.0232979,0.0259548,0.0654025
4.38,108.389,0.002409,0.00131254,24.7198,0.0263321,0.028859,0.0727204
4.39,108.636,0.00304969,0.00161209,24.7198,0.0285121,0.0307323,0.0774408
4.4,108.883,0.00378501,0.0019266,24.7197,0.0301096,0.0319634,0.0805431
4.41,109.13,0.00461315,0.00225105,24.7197,0.0313028,0.0327918,0.0826305
4.42,109.378,0.00553274,0.00258229,24.7197,0.0322108,0.0333655,0.0840761
4.43,109.625,0.00656181,0.0029407,24.7196,0.0386643,0.0410089,0.103336
4.44,109.872,0.00779076,0.00341265,24.7195,0.0478424,0.0515248,0.129834
4.45,110.119,0.0092237,0.00396687,24.7194,0.0542136,0.0581602,0.146553
4.46,110.366,0.0108541,0.00457333,24.7193,0.0587274,0.0624011,0.157239
4.47,110.613,0.0126771,0.00521345,24.7192,0.0619922,0.0651576,0.164184
4.48,110.861,0.0146893,0.0058757,24.7191,0.064403,0.0669886,0.168797
4.49,111.108,0.0168879,0.00655283,24.7191,0.0662195,0.0682387,0.171947
4.5,111.355,0.0192711,0.00724031,24.719,0.0676154,0.0691211,0.17417
4.51,111.602,0.0218527,0.00795325,24.7189,0.0742826,0.076805,0.19353
4.52,111.849,0.0247406,0.00879902,24.7185,0.0858067,0.0900197,0.226825
4.53,112.097,0.0279474,0.00974828,24.7183,0.0938216,0.0983771,0.247881
4.54,112.344,0.0314649,0.0107635,24.7181,0.0995154,0.103738,0.261387
4.55,112.591,0.0352874,0.0118213,24.7179,0.103649,0.107242,0.270215
4.56,112.838,0.0394105,0.0129074,24.7178,0.106717,0.109589,0.276127
4.57,113.085,0.0438311,0.0140127,24.7176,0.109044,0.11121,0.28021
4.58,113.332,0.048547,0.0151315,24.7175,0.110846,0.112372,0.283136
4.59,113.579,0.0535665,0.016272,24.7172,0.11689,0.119094,0.300068
4.6,113.827,0.0590043,0.0175519,24.7167,0.130037,0.134221,0.338175
4.61,114.074,0.0648836,0.0189504,24.7162,0.139196,0.14381,0.362329
4.62,114.321,0.0711956,0.0204247,24.7159,0.14572,0.149984,0.377879
4.63,114.568,0.0779337,0.0219482,24.7156,0.150474,0.154043,0.3881
4.64,114.815,0.0850935,0.0235045,24.7153,0.15402,0.156784,0.395002
4.65,115.062,0.0926715,0.0250834,24.715,0.156727,0.1587,0.399824
4.66,115.309,0.100665,0.0266785,24.7148,0.158841,0.160094,0.403332
4.67,115.556,0.109079,0.0282916,24.7144,0.163741,0.16524,0.416292
4.68,115.803,0.118023,0.0300401,24.7136,0.177878,0.181581,0.457444
4.69,116.05,0.127534,0.0319168,24.7129,0.187744,0.191965,0.48359
4.7,116.297,0.137601,0.0338757,24.7124,0.19479,0.198677,0.500487
4.71,116.544,0.14822,0.0358884,24.7119,0.199946,0.203116,0.51166
4.72,116.791,0.159385,0.0379371,24.7115,0.203813,0.206141,0.519271
4.73,117.037,0.171092,0.0400108,24.7111,0.206786,0.20828,0.524651
4.74,117.284,0.183339,0.0421027,24.7107,0.209128,0.209861,0.528623
4.75,117.531,0.196127,0.0442103,24.7102,0.212625,0.213138,0.536869
4.76,117.778,0.209556,0.0464412,24.7091,0.227207,0.230078,0.579514
4.77,118.024,0.223674,0.0488053,24.7082,0.237405,0.240872,0.60668
4.78,118.271,0.238472,0.051255,24.7074,0.244712,0.24788,0.624311
4.79,118.518,0.253944,0.053761,24.7068,0.250082,0.252546,0.636044
4.8,118.764,0.270085,0.056305,24.7062,0.254135,0.255755,0.64411
4.81,119.011,0.286891,0.0588758,24.7056,0.257275,0.258053,0.649883
4.82,119.257,0.304362,0.0614662,24.7051,0.259771,0.259777,0.65421
4.83,119.504,0.322494,0.0640717,24.7046,0.261806,0.261135,0.657618
4.84,119.75,0.341373,0.0667829,24.7032,0.276373,0.278142,0.700406
4.85,119.996,0.361057,0.069628,24.702,0.286584,0.289012,0.727744
4.86,120.242,0.381539,0.0725596,24.701,0.293928,0.296103,0.745571
4.87,120.488,0.402812,0.0755483,24.7002,0.299355,0.300859,0.75752
4.88,120.734,0.424872,0.078576,24.6994,0.303478,0.304165,0.765818
4.89,120.98,0.447716,0.0816314,24.6986,0.3067,0.306564,0.771835
4.9,121.226,0.47138,0.0847512,24.6973,0.317654,0.318834,0.802685
4.91,121.472,0.49595,0.0880068,24.6958,0.328402,0.330304,0.831513
4.92,121.718,0.521422,0.0913536,24.6946,0.33614,0.337797,0.850333
4.93,121.963,0.547789,0.0947608,24.6935,0.34187,0.342834,0.862974
4.94,122.209,0.575046,0.0982094,24.6926,0.346236,0.346347,0.871784
4.95,122.454,0.603191,0.101688,24.6916,0.349659,0.348911,0.878203
4.96,122.699,0.632222,0.105188,24.6908,0.352422,0.350877,0.883121
4.97,122.944,0.662136,0.108706,24.6899,0.354712,0.352465,0.88709
4.98,123.189,0.692943,0.112247,24.6889,0.3602,0.358297,0.901726
4.99,123.434,0.724728,0.115902,24.6872,0.371084,0.370541,0.932479
5,123.679,0.75751,0.119654,24.6858,0.378879,0.378522,0.95251
5.01,123.923,0.791283,0.12347,24.6846,0.384629,0.383879,0.965942
5.02,124.168,0.826043,0.127331,24.6834,0.389006,0.387614,0.975295
5.03,124.412,0.861787,0.131222,24.6824,0.392446,0.390341,0.982115
5.04,124.656,0.898514,0.135138,24.6814,0.395233,0.392438,0.987352
5.05,124.9,0.936223,0.139072,24.6804,0.397559,0.39414,0.991596
5.06,125.144,0.974912,0.143021,24.6795,0.399556,0.395591,0.99521
5.07,125.388,1.01464,0.147051,24.6777,0.410485,0.4082,1.02686
5.08,125.631,1.05546,0.151181,24.6762,0.418303,0.416425,1.04748
5.09,125.874,1.09735,0.155377,24.6748,0.424073,0.421955,1.06133
5.1,126.117,1.14031,0.159619,24.6735,0.428476,0.425823,1.07101
5.11,126.36,1.18435,0.163894,24.6723,0.431949,0.428661,1.07809
5.12,126.603,1.22945,0.168193,24.6712,0.43478,0.430858,1.08357
5.13,126.845,1.27563,0.172512,24.6702,0.437161,0.432653,1.08803
5.14,127.087,1.32287,0.176847,24.6691,0.43922,0.434194,1.09186
5.15,127.329,1.3712,0.18122,24.6676,0.446177,0.442,1.11142
5.16,127.571,1.42068,0.18569,24.6659,0.454117,0.45063,1.13305
5.17,127.812,1.47132,0.19023,24.6644,0.459967,0.45643,1.14756
5.18,128.053,1.5231,0.194818,24.663,0.464431,0.460487,1.1577
5.19,128.294,1.57603,0.19944,24.6618,0.467959,0.463468,1.16513
5.2,128.535,1.63011,0.204088,24.6605,0.470846,0.46578,1.17088
5.21,128.775,1.68533,0.208756,24.6594,0.473285,0.467674,1.17559
5.22,129.015,1.7417,0.213442,24.6583,0.475407,0.469307,1.17964
5.23,129.255,1.79921,0.218149,24.6569,0.479573,0.473652,1.1905
5.24,129.495,1.85792,0.222935,24.6552,0.487196,0.482097,1.21164
5.25,129.734,1.91785,0.227789,24.6536,0.492832,0.487799,1.22589
5.26,129.973,1.97899,0.23269,24.6522,0.497154,0.491814,1.23591
5.27,130.211,2.04134,0.237625,24.6508,0.500595,0.494789,1.24332
5.28,130.45,2.1049,0.242587,24.6496,0.503433,0.49712,1.24911
5.29,130.688,2.16966,0.247569,24.6483,0.505855,0.49905,1.2539
5.3,130.925,2.23563,0.252569,24.6472,0.507983,0.50073,1.25806
5.31,131.162,2.3028,0.257584,24.646,0.509901,0.502253,1.26183
5.32,131.399,2.3712,0.262647,24.6443,0.51656,0.509735,1.28054
5.33,131.636,2.44087,0.267777,24.6427,0.521982,0.515376,1.29462
5.34,131.872,2.5118,0.272954,24.6412,0.526155,0.519368,1.30457
5.35,132.107,2.58399,0.278165,24.6399,0.529498,0.522345,1.31198
5.36,132.342,2.65743,0.283401,24.6386,0.532276,0.524695,1.31781
5.37,132.577,2.73212,0.288659,24.6373,0.534667,0.526657,1.32267
5.38,132.812,2.80807,0.293935,24.6361,0.536787,0.528379,1.32693
5.39,133.046,2.88527,0.299228,24.6349,0.538715,0.52995,1.33081
5.4,133.279,2.96374,0.304548,24.6335,0.543134,0.534718,1.34271
5.41,133.512,3.0435,0.309925,24.6319,0.548037,0.53989,1.35561
5.42,133.745,3.12456,0.315345,24.6305,0.551857,0.543604,1.36485
5.43,133.977,3.2069,0.320797,24.6291,0.554958,0.546421,1.37185
5.44,134.209,3.29054,0.326274,24.6278,0.557576,0.548687,1.37747
5.45,134.44,3.37547,0.331772,24.6265,0.559862,0.550612,1.38223
5.46,134.671,3.46168,0.337288,24.6253,0.561918,0.552328,1.38647
5.47,134.901,3.54919,0.34282,24.6242,0.563812,0.553913,1.39038
5.48,135.131,3.63798,0.348368,24.6229,0.566259,0.556267,1.39622
5.49,135.36,3.72808,0.353958,24.6214,0.570597,0.560924,1.40782
5.5,135.589,3.81949,0.359587,24.62,0.574028,0.564325,1.41628
5.51,135.817,3.91222,0.365245,24.6187,0.57686,0.566959,1.42281
5.52,136.045,4.00627,0.370927,24.6175,0.579292,0.569121,1.42817
5.53,136.272,4.10162,0.376628,24.6163,0.581453,0.570995,1.4328
5.54,136.498,4.19828,0.382348,24.6151,0.583427,0.572692,1.43699
5.55,136.724,4.29625,0.388084,24.6139,0.585272,0.57428,1.44091
5.56,136.949,4.39553,0.393835,24.6128,0.587026,0.575804,1.44466
5.57,137.174,4.49613,0.399609,24.6115,0.590156,0.579076,1.45279
5.58,137.398,4.59804,0.405417,24.6102,0.593061,0.58198,1.46
5.59,137.621,4.70128,0.41125,24.6089,0.59553,0.584313,1.46578
5.6,137.844,4.80584,0.417104,24.6077,0.597711,0.586297,1.47069
5.61,138.067,4.91172,0.422977,24.6066,0.599698,0.588068,1.47506
5.62,138.288,5.01892,0.428867,24.6055,0.601554,0.589712,1.47912
5.63,138.509,5.12744,0.434772,24.6043,0.60332,0.591278,1.48298
5.64,138.729,5.23727,0.440694,24.6033,0.605024,0.592799,1.48673
5.65,138.949,5.34841,0.446631,24.6021,0.607002,0.594693,1.49141
5.66,139.168,5.46088,0.45259,24.601,0.609226,0.596876,1.49681
5.67,139.386,5.57466,0.45857,24.5999,0.611227,0.598768,1.50149
5.68,139.603,5.68976,0.464567,24.5988,0.613084,0.600485,1.50573
5.69,139.82,5.80617,0.470581,24.5977,0.614845,0.602096,1.5097
5.7,140.036,5.9239,0.47661,24.5966,0.616544,0.603647,1.51353
5.71,140.252,6.04295,0.482655,24.5956,0.618201,0.605164,1.51726
5.72,140.466,6.1633,0.488715,24.5946,0.619831,0.606662,1.52096
5.73,140.68,6.28496,0.49479,24.5935,0.621445,0.608154,1.52463
5.74,140.893,6.40793,0.500878,24.5926,0.622816,0.609355,1.52758
5.75,141.105,6.5322,0.506978,24.5916,0.624237,0.610644,1.53076
5.76,141.317,6.65777,0.513092,24.5906,0.625692,0.611991,1.53407
5.77,141.528,6.78465,0.51922,24.5896,0.627173,0.613377,1.53749
5.78,141.738,6.91282,0.525361,24.5887,0.628675,0.614793,1.54097
5.79,141.947,7.04229,0.531517,24.5877,0.630193,0.61623,1.54451
5.8,142.155,7.17306,0.537687,24.5868,0.631726,0.617685,1.5481
5.81,142.362,7.30512,0.543872,24.5858,0.633273,0.619155,1.55172
5.82,142.569,7.43846,0.550069,24.585,0.63415,0.619785,1.55325
5.83,142.775,7.57309,0.556269,24.5842,0.634866,0.620283,1.55445
5.84,142.98,7.70899,0.562476,24.5833,0.635838,0.621143,1.55655
5.85,143.184,7.84617,0.568694,24.5825,0.636983,0.622229,1.55922
5.86,143.387,7.98462,0.574922,24.5816,0.638248,0.62346,1.56225
5.87,143.59,8.12434,0.581164,24.5808,0.639598,0.624786,1.56552
5.88,143.791,8.26534,0.58742,24.5799,0.641011,0.626174,1.56894
5.89,143.992,8.40759,0.593689,24.579,0.642472,0.627607,1.57247
5.9,144.191,8.55111,0.599973,24.5782,0.64376,0.628803,1.57542
5.91,144.39,8.69588,0.606257,24.5776,0.643567,0.628189,1.57384
5.92,144.588,8.8419,0.612539,24.5769,0.643922,0.628364,1.57424
5.93,144.785,8.98915,0.618826,24.5762,0.644642,0.629028,1.57585
5.94,144.98,9.13765,0.625122,24.5755,0.645609,0.629997,1.57823
5.95,145.175,9.28738,0.631428,24.5747,0.646748,0.63116,1.5811
5.96,145.369,9.43834,0.637747,24.574,0.648009,0.632449,1.58428
5.97,145.562,9.59053,0.644079,24.5732,0.64936,0.633821,1.58767
5.98,145.755,9.74395,0.650425,24.5724,0.650779,0.63525,1.5912
5.99,145.946,9.89859,0.656776,24.5719,0.650473,0.634504,1.58929
6,146.136,10.0544,0.663117,24.5714,0.650132,0.633861,1.58765
6.01,146.325,10.2115,0.669456,24.5708,0.650374,0.634019,1.58801
6.02,146.513,10.3697,0.675799,24.5702,0.651008,0.634674,1.58961
6.03,146.7,10.5291,0.682151,24.5696,0.651911,0.635642,1.59199
6.04,146.886,10.6897,0.688514,24.569,0.653003,0.636808,1.59487
6.05,147.071,10.8515,0.694889,24.5683,0.654231,0.638103,1.59807
6.06,147.255,11.0145,0.701277,24.5676,0.655559,0.639484,1.60149
6.07,147.438,11.1787,0.707679,24.567,0.656283,0.640059,1.60289
6.08,147.62,11.344,0.714068,24.5667,0.655025,0.638249,1.59834
6.09,147.8,11.5105,0.720447,24.5663,0.654648,0.637687,1.5969
6.1,147.98,11.6781,0.726824,24.5659,0.654856,0.637896,1.5974
6.11,148.159,11.8469,0.733207,24.5653,0.65546,0.638584,1.59909
6.12,148.336,12.0168,0.739598,24.5648,0.656339,0.639575,1.60153
6.13,148.513,12.1878,0.746,24.5642,0.657411,0.640759,1.60446
6.14,148.688,12.36,0.752415,24.5636,0.658625,0.642069,1.6077
6.15,148.862,12.5333,0.758843,24.563,0.659945,0.643464,1.61115
6.16,149.035,12.7077,0.765272,24.5628,0.65885,0.64181,1.607
6.17,149.207,12.8832,0.771681,24.5626,0.657717,0.640308,1.60322
6.18,149.378,13.0598,0.778081,24.5622,0.657409,0.639935,1.60227
6.19,149.548,13.2375,0.784482,24.5619,0.657656,0.64026,1.60306
6.2,149.716,13.4162,0.790889,24.5614,0.658281,0.641023,1.60494
6.21,149.884,13.5961,0.797304,24.561,0.659171,0.642062,1.60751
6.22,150.05,13.777,0.803732,24.5605,0.660251,0.643278,1.61052
6.23,150.215,13.959,0.810172,24.5599,0.66147,0.644612,1.61383
6.24,150.379,14.1421,0.816624,24.5595,0.661928,0.644925,1.61458
6.25,150.542,14.3262,0.823056,24.5595,0.659875,0.642212,1.60779
6.26,150.703,14.5113,0.829471,24.5594,0.658949,0.64109,1.60497
6.27,150.864,14.6975,0.835881,24.5591,0.65877,0.640951,1.60461
6.28,151.023,14.8846,0.842293,24.5588,0.659098,0.641421,1.60576
6.29,151.181,15.0728,0.848711,24.5584,0.659776,0.642274,1.60787
6.3,151.337,15.262,0.85514,24.558,0.6607,0.643372,1.6106
6.31,151.493,15.4523,0.86158,24.5576,0.661804,0.644627,1.61371
6.32,151.647,15.6435,0.868034,24.5571,0.663039,0.645988,1.61708
6.33,151.8,15.8357,0.874486,24.5571,0.661411,0.643726,1.61142
6.34,151.952,16.0289,0.880911,24.5571,0.659742,0.641651,1.60623
6.35,152.102,16.223,0.887322,24.557,0.65906,0.640921,1.60439
6.36,152.251,16.4181,0.893732,24.5568,0.65904,0.641021,1.60463
6.37,152.399,16.6142,0.900145,24.5565,0.65947,0.641641,1.60617
6.38,152.546,16.8112,0.906566,24.5562,0.660217,0.642588,1.60852
6.39,152.692,17.0091,0.912998,24.5559,0.661188,0.643746,1.61139
6.4,152.836,17.208,0.919443,24.5555,0.662324,0.64504,1.61461
6.41,152.979,17.4078,0.925899,24.5552,0.662604,0.645181,1.61494
6.42,153.12,17.6085,0.932331,24.5554,0.660044,0.641898,1.60674
6.43,153.261,17.8101,0.938741,24.5554,0.658764,0.640422,1.60304
6.44,153.4,18.0126,0.945142,24.5554,0.658335,0.640058,1.60213
6.45,153.538,18.216,0.951544,24.5552,0.65848,0.640385,1.60293
6.46,153.674,18.4203,0.957952,24.555,0.659022,0.641146,1.60482
6.47,153.809,18.6254,0.964369,24.5547,0.659844,0.642182,1.6074
6.48,153.943,18.8314,0.970797,24.5544,0.660868,0.643395,1.61042
6.49,154.075,19.0382,0.977238,24.5541,0.662042,0.644727,1.61373
6.5,154.206,19.246,0.983676,24.5542,0.660092,0.642105,1.60718
6.51,154.336,19.4545,0.990083,24.5544,0.658102,0.639691,1.60114
6.52,154.465,19.6638,0.996473,24.5544,0.657192,0.638745,1.59878
6.53,154.592,19.874,1.00286,24.5543,0.657006,0.638709,1.59868
6.54,154.718,20.085,1.00925,24.5542,0.657314,0.639238,1.6
6.55,154.842,20.2968,1.01565,24.554,0.657966,0.640125,1.60221
6.56,154.965,20.5093,1.02205,24.5538,0.658865,0.64124,1.60498
6.57,155.087,20.7227,1.02847,24.5535,0.659944,0.642505,1.60813
6.58,155.207,20.9368,1.03491,24.5533,0.660624,0.64319,1.60983
6.59,155.326,21.1517,1.04131,24.5537,0.65761,0.63934,1.60022
6.6,155.444,21.3674,1.0477,24.5538,0.656019,0.637509,1.59565
6.61,155.56,21.5838,1.05407,24.5539,0.655371,0.636922,1.59418
6.62,155.675,21.8009,1.06044,24.5538,0.655358,0.637106,1.59464
6.63,155.788,22.0187,1.06681,24.5537,0.655783,0.637773,1.5963
6.64,155.9,22.2373,1.07319,24.5535,0.656517,0.638745,1.59872
6.65,156.011,22.4566,1.07959,24.5533,0.657472,0.639914,1.60163
6.66,156.12,22.6766,1.08599,24.5531,0.65859,0.641213,1.60487
6.67,156.228,22.8973,1.0924,24.5533,0.656889,0.638919,1.59914
6.68,156.334,23.1186,1.09877,24.5536,0.654592,0.636133,1.59219
6.69,156.44,23.3406,1.10513,24.5537,0.653468,0.634954,1.58924
6.7,156.543,23.5633,1.11147,24.5538,0.653129,0.634767,1.58878
6.71,156.645,23.7867,1.11782,24.5537,0.653324,0.635199,1.58986
6.72,156.746,24.0107,1.12418,24.5536,0.653892,0.636019,1.5919
6.73,156.846,24.2353,1.13055,24.5535,0.654724,0.637088,1.59457
6.74,156.943,24.4605,1.13692,24.5533,0.65575,0.638318,1.59764
6.75,157.04,24.6864,1.14331,24.5532,0.656376,0.638963,1.59924
6.76,157.135,24.9129,1.14968,24.5536,0.653242,0.63499,1.58933
6.77,157.229,25.14,1.15602,24.5538,0.651562,0.633078,1.58456
6.78,157.321,25.3677,1.16234,24.554,0.650846,0.632435,1.58296
6.79,157.412,25.5959,1.16867,24.554,0.65078,0.632579,1.58332
6.8,157.501,25.8247,1.175,24.554,0.651162,0.633216,1.58491
6.81,157.589,26.0541,1.18133,24.5539,0.651859,0.634164,1.58728
6.82,157.675,26.284,1.18768,24.5537,0.652783,0.635313,1.59014
6.83,157.76,26.5145,1.19404,24.5536,0.653873,0.636594,1.59334
6.84,157.844,26.7455,1.20041,24.5537,0.652571,0.634801,1.58886
6.85,157.926,26.977,1.20674,24.5541,0.650081,0.631761,1.58128
6.86,158.006,27.2091,1.21304,24.5543,0.648825,0.630421,1.57794
6.87,158.085,27.4416,1.21935,24.5544,0.648391,0.63013,1.57722
6.88,158.163,27.6747,1.22565,24.5545,0.648516,0.630492,1.57812
6.89,158.239,27.9082,1.23196,24.5544,0.649029,0.631264,1.58005
6.9,158.314,28.1422,1.23828,24.5543,0.649818,0.632297,1.58263
6.91,158.387,28.3767,1.24461,24.5542,0.650807,0.633499,1.58563
6.92,158.459,28.6116,1.25095,24.5541,0.651945,0.634814,1.58892
6.93,158.529,28.847,1.25727,24.5545,0.648626,0.630579,1.57835
6.94,158.597,29.0828,1.26356,24.5549,0.64682,0.628502,1.57317
6.95,158.665,29.319,1.26984,24.555,0.646015,0.627752,1.5713
6.96,158.731,29.5557,1.27612,24.5551,0.645884,0.627826,1.57149
6.97,158.795,29.7928,1.2824,24.5551,0.646216,0.628413,1.57296
6.98,158.858,30.0302,1.28869,24.5551,0.646873,0.629326,1.57524
6.99,158.919,30.2681,1.29499,24.555,0.647764,0.630448,1.57805
7,158.979,30.5063,1.3013,24.5549,0.648826,0.631706,1.58119
7.01,159.037,30.7449,1.30762,24.555,0.647989,0.630499,1.57818
7.02,159.094,30.9839,1.3139,24.5554,0.645379,0.627284,1.57016
7.03,159.149,31.2232,1.32017,24.5557,0.64404,0.625832,1.56654
7.04,159.203,31.4629,1.32642,24.5558,0.643546,0.625467,1.56563
7.05,159.255,31.7029,1.33268,24.5559,0.643627,0.625778,1.56642
7.06,159.306,31.9432,1.33894,24.5559,0.644105,0.626514,1.56826
7.07,159.356,32.1839,1.34521,24.5558,0.644865,0.62752,1.57077
7.08,159.403,32.4248,1.35149,24.5558,0.64583,0.6287,1.57372
7.09,159.45,32.6661,1.35779,24.5556,0.646945,0.629996,1.57696
7.1,159.494,32.9076,1.36407,24.5561,0.644067,0.626293,1.56772
7.11,159.538,33.1494,1.37032,24.5564,0.642187,0.624102,1.56225
7.12,159.58,33.3915,1.37655,24.5566,0.641331,0.623279,1.56021
7.13,159.62,33.6338,1.38279,24.5567,0.641161,0.623303,1.56027
7.14,159.659,33.8764,1.38902,24.5568,0.641464,0.623855,1.56166
7.15,159.696,34.1192,1.39526,24.5567,0.642097,0.624741,1.56388
7.16,159.732,34.3622,1.40152,24.5567,0.642967,0.625842,1.56663
7.17,159.766,34.6055,1.40778,24.5566,0.64401,0.627082,1.56972
7.18,159.798,34.8489,1.41406,24.5567,0.64367,0.626501,1.56827
7.19,159.83,35.0926,1.4203,24.5571,0.64099,0.623164,1.55995
7.2,159.859,35.3365,1.42652,24.5574,0.639604,0.621633,1.55614
7.21,159.887,35.5805,1.43274,24.5576,0.639077,0.621217,1.5551
7.22,159.914,35.8247,1.43895,24.5576,0.639132,0.621492,1.5558
7.23,159.939,36.0691,1.44517,24.5577,0.63959,0.622202,1.55757
7.24,159.963,36.3136,1.4514,24.5576,0.640333,0.623186,1.56004
7.25,159.985,36.5583,1.45763,24.5575,0.641282,0.624349,1.56294
7.26,160.005,36.8031,1.46389,24.5574,0.642382,0.62563,1.56614
7.27,160.024,37.048,1.47013,24.5578,0.639982,0.622503,1.55834
7.28,160.042,37.2931,1.47634,24.5582,0.63806,0.620231,1.55267
7.29,160.058,37.5382,1.48254,24.5584,0.637174,0.619354,1.55049
7.3,160.072,37.7834,1.48873,24.5585,0.636984,0.619342,1.55047
7.31,160.085,38.0288,1.49492,24.5586,0.63727,0.619868,1.55179
7.32,160.097,38.2742,1.50113,24.5586,0.637889,0.620734,1.55396
7.33,160.106,38.5196,1.50734,24.5585,0.638746,0.621818,1.55667
7.34,160.115,38.7652,1.51357,24.5584,0.639777,0.623044,1.55973
7.35,160.122,39.0107,1.5198,24.5584,0.63994,0.623097,1.55987
7.36,160.127,39.2563,1.52601,24.5589,0.637218,0.619666,1.55131
7.37,160.131,39.502,1.5322,24.5592,0.635804,0.618076,1.54734
7.38,160.133,39.7477,1.53838,24.5593,0.635258,0.61762,1.54621
7.39,160.134,39.9933,1.54455,24.5594,0.635299,0.617867,1.54684
7.4,160.133,40.239,1.55073,24.5594,0.635746,0.618556,1.54856
7.41,160.131,40.4847,1.55693,24.5594,0.636478,0.619525,1.55098
7.42,160.127,40.7303,1.56313,24.5593,0.637417,0.620674,1.55386
7.43,160.122,40.9759,1.56934,24.5592,0.638508,0.621942,1.55703
7.44,160.115,41.2215,1.57555,24.5595,0.636978,0.61987,1.55185
7.45,160.106,41.467,1.58174,24.5599,0.634895,0.617338,1.54554
7.46,160.097,41.7125,1.5879,24.5601,0.633903,0.6163,1.54295
7.47,160.085,41.958,1.59407,24.5602,0.633642,0.616185,1.54267
7.48,160.072,42.2033,1.60023,24.5603,0.633878,0.616645,1.54383
7.49,160.058,42.4486,1.6064,24.5603,0.63446,0.617467,1.54589
7.5,160.042,42.6937,1.61258,24.5602,0.63529,0.61852,1.54852
7.51,160.024,42.9388,1.61877,24.5601,0.636299,0.619723,1.55153
7.52,160.006,43.1837,1.62498,24.5601,0.636949,0.620398,1.55321
7.53,159.985,43.4286,1.63116,24.5605,0.634186,0.616878,1.54443
7.54,159.963,43.6733,1.63732,24.5608,0.632746,0.615231,1.54032
7.55,159.94,43.9178,1.64347,24.561,0.632183,0.614738,1.5391
7.56,159.915,44.1623,1.64962,24.561,0.632212,0.61496,1.53966
7.57,159.888,44.4065,1.65577,24.5611,0.632648,0.615631,1.54134
7.58,159.86,44.6506,1.66193,24.561,0.633372,0.616585,1.54373
7.59,159.831,44.8945,1.6681,24.561,0.634303,0.617723,1.54657
7.6,159.8,45.1383,1.67429,24.5609,0.635386,0.618981,1.54971
7.61,159.767,45.3818,1.68047,24.561,0.634333,0.617493,1.546
7.62,159.733,45.6251,1.68663,24.5614,0.632222,0.614891,1.53951
7.63,159.698,45.8682,1.69278,24.5616,0.631213,0.613809,1.53681
7.64,159.661,46.1111,1.69891,24.5617,0.63094,0.613664,1.53646
7.65,159.622,46.3538,1.70505,24.5618,0.631168,0.614104,1.53756
7.66,159.582,46.5962,1.7112,24.5618,0.631745,0.61491,1.53958
7.67,159.541,46.8384,1.71735,24.5617,0.632568,0.615952,1.54218
7.68,159.498,47.0803,1.72352,24.5616,0.633572,0.617145,1.54517
7.69,159.453,47.322,1.72969,24.5615,0.634708,0.61844,1.5484
7.7,159.408,47.5633,1.73586,24.5619,0.631906,0.614828,1.53938
7.71,159.36,47.8044,1.742,24.5622,0.630443,0.613123,1.53513
7.72,159.311,48.0452,1.74812,24.5624,0.629866,0.612593,1.53382
7.73,159.261,48.2857,1.75425,24.5624,0.629885,0.61279,1.53432
7.74,159.209,48.5259,1.76038,24.5625,0.630315,0.613444,1.53595
7.75,159.156,48.7657,1.76652,24.5624,0.631033,0.614385,1.53831
7.76,159.101,49.0053,1.77267,24.5623,0.631958,0.615513,1.54112
7.77,159.045,49.2444,1.77883,24.5622,0.633036,0.616762,1.54425
7.78,158.987,49.4833,1.785,24.5623,0.632446,0.615845,1.54196
7.79,158.928,49.7217,1.79114,24.5627,0.630298,0.613162,1.53526
7.8,158.867,49.9598,1.79727,24.5629,0.629267,0.612028,1.53243
7.81,158.805,50.1976,1.80339,24.563,0.62898,0.611851,1.532
7.82,158.742,50.4349,1.80951,24.5631,0.629199,0.612268,1.53305
7.83,158.677,50.6719,1.81563,24.563,0.629768,0.61306,1.53503
7.84,158.61,50.9085,1.82177,24.563,0.630586,0.61409,1.5376
7.85,158.542,51.1446,1.82792,24.5629,0.631585,0.615274,1.54056
7.86,158.473,51.3803,1.83408,24.5627,0.632717,0.616562,1.54378
7.87,158.402,51.6156,1.84023,24.5631,0.630344,0.613461,1.53603
7.88,158.33,51.8504,1.84635,24.5634,0.628848,0.611687,1.53161
7.89,158.256,52.0848,1.85246,24.5635,0.62825,0.611113,1.53018
7.9,158.181,52.3188,1.85857,24.5636,0.628256,0.611283,1.53061
7.91,158.105,52.5523,1.86469,24.5636,0.628676,0.611917,1.5322
7.92,158.027,52.7853,1.87081,24.5635,0.629388,0.612846,1.53452
7.93,157.947,53.0179,1.87695,24.5634,0.630308,0.613963,1.53731
7.94,157.866,53.2499,1.88309,24.5633,0.631381,0.615205,1.54042
7.95,157.784,53.4814,1.88925,24.5634,0.631238,0.614845,1.53952
7.96,157.7,53.7125,1.89538,24.5637,0.629038,0.612061,1.53257
7.97,157.615,53.943,1.9015,24.5639,0.627975,0.610865,1.52959
7.98,157.529,54.173,1.9076,24.564,0.627668,0.610649,1.52905
7.99,157.441,54.4025,1.91371,24.564,0.627873,0.611041,1.53003
8,157.352,54.6314,1.91982,24.564,0.628433,0.611816,1.53197
8.01,157.261,54.8598,1.92595,24.5639,0.629244,0.612834,1.53452
8.02,157.169,55.0876,1.93208,24.5638,0.630237,0.61401,1.53746
8.03,157.075,55.3148,1.93823,24.5637,0.631364,0.615291,1.54065
8.04,156.981,55.5415,1.94437,24.564,0.629399,0.612677,1.53413
8.05,156.884,55.7675,1.95049,24.5642,0.627855,0.610818,1.52949
8.06,156.787,55.993,1.95659,24.5644,0.627227,0.61019,1.52793
8.07,156.688,56.2179,1.96269,24.5644,0.627213,0.610327,1.52827
8.08,156.587,56.4422,1.9688,24.5644,0.627621,0.61094,1.5298
8.09,156.486,56.6659,1.97491,24.5644,0.628323,0.611854,1.53209
8.1,156.382,56.8889,1.98104,24.5643,0.629236,0.612961,1.53486
8.11,156.278,57.1113,1.98717,24.5641,0.630304,0.614195,1.53794
8.12,156.172,57.3331,1.99332,24.5641,0.6306,0.614387,1.53842
8.13,156.065,57.5542,1.99945,24.5644,0.628329,0.611478,1.53115
8.14,155.956,57.7746,2.00555,24.5646,0.627221,0.610206,1.52798
8.15,155.846,57.9944,2.01165,24.5647,0.626884,0.609942,1.52733
8.16,155.735,58.2135,2.01776,24.5648,0.627071,0.610305,1.52823
8.17,155.623,58.4319,2.02386,24.5647,0.627617,0.61106,1.53012
8.18,155.509,58.6497,2.02998,24.5646,0.628419,0.612065,1.53264
8.19,155.393,58.8667,2.03611,24.5645,0.629405,0.613232,1.53555
8.2,155.277,59.083,2.04224,24.5644,0.630527,0.614506,1.53873
8.21,155.159,59.2986,2.04838,24.5646,0.628951,0.612363,1.53338
8.22,155.04,59.5135,2.05449,24.5648,0.627344,0.610398,1.52848
8.23,154.919,59.7276,2.06059,24.565,0.626675,0.609707,1.52675
8.24,154.797,59.941,2.06669,24.565,0.626635,0.609803,1.527
8.25,154.674,60.1537,2.07279,24.565,0.627025,0.61039,1.52847
8.26,154.55,60.3656,2.0789,24.565,0.627714,0.611288,1.53071
8.27,154.424,60.5767,2.08502,24.5648,0.628618,0.612385,1.53345
8.28,154.297,60.7871,2.09115,24.5647,0.629679,0.613611,1.53651
8.29,154.169,60.9967,2.09729,24.5647,0.629985,0.613816,1.53702
8.3,154.039,61.2055,2.10341,24.565,0.62777,0.610975,1.52993
8.31,153.908,61.4135,2.10951,24.5652,0.626699,0.609744,1.52686
8.32,153.776,61.6207,2.11561,24.5652,0.626388,0.609506,1.52626
8.33,153.643,61.8271,2.12171,24.5653,0.626592,0.609883,1.52721
8.34,153.508,62.0326,2.12781,24.5652,0.627151,0.610648,1.52912
8.35,153.372,62.2374,2.13392,24.5651,0.627961,0.611659,1.53165
8.36,153.235,62.4413,2.14004,24.565,0.628953,0.612828,1.53457
8.37,153.097,62.6443,2.14618,24.5648,0.630079,0.614103,1.53775
8.38,152.957,62.8465,2.15232,24.565,0.628889,0.612425,1.53356
8.39,152.816,63.0479,2.15843,24.5652,0.627207,0.610339,1.52835
8.4,152.674,63.2484,2.16453,24.5654,0.62649,0.609572,1.52644
8.41,152.531,63.448,2.17062,24.5654,0.626419,0.609622,1.52657
8.42,152.387,63.6468,2.17672,24.5654,0.626787,0.610181,1.52796
8.43,152.241,63.8446,2.18283,24.5653,0.627463,0.61106,1.53016
8.44,152.094,64.0416,2.18894,24.5652,0.628357,0.612145,1.53287
8.45,151.946,64.2376,2.19507,24.5651,0.629411,0.613363,1.53591
8.46,151.796,64.4328,2.20121,24.565,0.630143,0.614109,1.53777
8.47,151.646,64.627,2.20733,24.5653,0.62782,0.6111,1.53026
8.48,151.494,64.8203,2.21344,24.5655,0.62668,0.609766,1.52693
8.49,151.341,65.0127,2.21953,24.5655,0.626324,0.609464,1.52618
8.5,151.187,65.2041,2.22563,24.5656,0.626497,0.609802,1.52703
8.51,151.032,65.3946,2.23173,24.5655,0.627036,0.610542,1.52888
8.52,150.876,65.5842,2.23784,24.5654,0.627832,0.611537,1.53136
8.53,150.718,65.7728,2.24396,24.5653,0.628813,0.612696,1.53426
8.54,150.559,65.9604,2.2501,24.5651,0.629932,0.613964,1.53742
8.55,150.399,66.147,2.25624,24.5652,0.629114,0.612745,1.53437
8.56,150.238,66.3326,2.26235,24.5655,0.627336,0.610514,1.5288
8.57,150.076,66.5173,2.26845,24.5656,0.626556,0.609659,1.52667
8.58,149.913,66.701,2.27454,24.5656,0.626443,0.609654,1.52666
8.59,149.749,66.8837,2.28064,24.5656,0.626784,0.610178,1.52797
8.6,149.583,67.0654,2.28675,24.5655,0.62744,0.611036,1.53011
8.61,149.417,67.246,2.29287,24.5654,0.62832,0.612107,1.53279
8.62,149.249,67.4257,2.29899,24.5653,0.629364,0.613316,1.53581
8.63,149.08,67.6042,2.30513,24.5651,0.63053,0.614619,1.53906
8.64,148.91,67.7818,2.31126,24.5654,0.62808,0.611418,1.53107
8.65,148.739,67.9583,2.31737,24.5656,0.626858,0.609966,1.52744
8.66,148.567,68.1338,2.32346,24.5657,0.626447,0.609591,1.52651
8.67,148.394,68.3082,2.32956,24.5657,0.626584,0.609885,1.52724
8.68,148.22,68.4816,2.33566,24.5656,0.627098,0.610596,1.52902
8.69,148.045,68.6539,2.34177,24.5655,0.627876,0.611573,1.53146
8.7,147.869,68.8251,2.3479,24.5654,0.628845,0.612721,1.53433
8.71,147.691,68.9953,2.35403,24.5652,0.629955,0.613982,1.53747
8.72,147.513,69.1643,2.36017,24.5653,0.629513,0.61323,1.53559
8.73,147.334,69.3322,2.36629,24.5655,0.627624,0.610836,1.52961
8.74,147.153,69.4991,2.37239,24.5657,0.626771,0.60988,1.52723
8.75,146.972,69.6649,2.37849,24.5657,0.62661,0.609813,1.52706
8.76,146.789,69.8295,2.38459,24.5657,0.626917,0.610299,1.52828
8.77,146.606,69.993,2.3907,24.5656,0.627551,0.611132,1.53036
8.78,146.422,70.1554,2.39681,24.5655,0.628415,0.612188,1.533
8.79,146.236,70.3167,2.40294,24.5654,0.629448,0.613388,1.53599
8.8,146.05,70.4768,2.40908,24.5652,0.630605,0.614684,1.53923
8.81,145.862,70.6358,2.41522,24.5655,0.628467,0.611854,1.53216
8.82,145.674,70.7936,2.42132,24.5656,0.627151,0.610271,1.52821
8.83,145.485,70.9503,2.42742,24.5657,0.626679,0.609815,1.52707
8.84,145.294,71.1058,2.43352,24.5657,0.626775,0.610058,1.52768
8.85,145.103,71.2602,2.43963,24.5657,0.62726,0.610739,1.52938
8.86,144.911,71.4134,2.44574,24.5656,0.628018,0.611696,1.53177
8.87,144.718,71.5654,2.45186,24.5654,0.628973,0.612831,1.5346
8.88,144.524,71.7162,2.458,24.5653,0.630072,0.614084,1.53773
8.89,144.329,71.8658,2.46414,24.5653,0.630015,0.613814,1.53705
8.9,144.133,72.0142,2.47026,24.5655,0.628001,0.611239,1.53062
8.91,143.936,72.1614,2.47637,24.5657,0.627067,0.610173,1.52796
8.92,143.739,72.3075,2.48247,24.5657,0.626851,0.610037,1.52763
8.93,143.54,72.4523,2.48857,24.5657,0.627121,0.61048,1.52873
8.94,143.341,72.5959,2.49468,24.5656,0.627729,0.611287,1.53075
8.95,143.141,72.7383,2.5008,24.5655,0.628576,0.612326,1.53334
8.96,142.939,72.8794,2.50693,24.5654,0.629595,0.613515,1.53631
8.97,142.737,73.0193,2.51307,24.5652,0.630743,0.614804,1.53953
8.98,142.535,73.158,2.51921,24.5654,0.62892,0.612354,1.53341
8.99,142.331,73.2954,2.52532,24.5656,0.627502,0.610626,1.52909
9,142.126,73.4316,2.53142,24.5657,0.626961,0.610082,1.52774
9.01,141.921,73.5665,2.53753,24.5657,0.627011,0.61027,1.52821
9.02,141.715,73.7002,2.54363,24.5657,0.627464,0.610916,1.52982
9.03,141.508,73.8326,2.54975,24.5656,0.6282,0.611852,1.53216
9.04,141.3,73.9637,2.55587,24.5654,0.629139,0.612973,1.53496
9.05,141.091,74.0936,2.56201,24.5652,0.630227,0.614217,1.53806
9.06,140.882,74.2221,2.56815,24.5652,0.630165,0.613946,1.53738
9.07,140.672,74.3494,2.57428,24.5655,0.628154,0.611378,1.53097
9.08,140.461,74.4754,2.58038,24.5656,0.627221,0.610316,1.52832
9.09,140.249,74.6001,2.58649,24.5657,0.627006,0.610183,1.52799
9.1,140.036,74.7236,2.59259,24.5657,0.627277,0.610627,1.5291
9.11,139.823,74.8457,2.5987,24.5656,0.627884,0.611435,1.53112
9.12,139.609,74.9665,2.60482,24.5655,0.628731,0.612474,1.53371
9.13,139.394,75.086,2.61095,24.5653,0.62975,0.613663,1.53668
9.14,139.179,75.2041,2.6171,24.5651,0.630897,0.614952,1.5399
9.15,138.963,75.321,2.62324,24.5653,0.629405,0.612898,1.53476
9.16,138.746,75.4365,2.62936,24.5655,0.627879,0.611017,1.53007
9.17,138.528,75.5507,2.63546,24.5656,0.627269,0.610378,1.52847
9.18,138.31,75.6636,2.64157,24.5656,0.627271,0.610509,1.5288
9.19,138.091,75.7751,2.64767,24.5656,0.627692,0.611118,1.53032
9.2,137.871,75.8853,2.65379,24.5655,0.628406,0.612031,1.5326
9.21,137.651,75.9941,2.65992,24.5654,0.629329,0.613139,1.53537
9.22,137.43,76.1016,2.66605,24.5652,0.630406,0.614373,1.53845
9.23,137.208,76.2077,2.6722,24.5651,0.630737,0.614601,1.53902
9.24,136.986,76.3125,2.67833,24.5654,0.628587,0.611832,1.5321
9.25,136.763,76.4159,2.68444,24.5656,0.627562,0.610646,1.52914
9.26,136.54,76.5179,2.69055,24.5656,0.627285,0.610437,1.52862
9.27,136.316,76.6186,2.69665,24.5656,0.627514,0.610834,1.52961
9.28,136.091,76.7179,2.70277,24.5655,0.628093,0.611612,1.53156
9.29,135.865,76.8158,2.70889,24.5654,0.628919,0.612632,1.5341
9.3,135.639,76.9124,2.71502,24.5652,0.629923,0.613809,1.53704
9.31,135.413,77.0075,2.72117,24.5651,0.63106,0.61509,1.54024
9.32,135.186,77.1012,2.72732,24.5651,0.630674,0.614412,1.53854
9.33,134.958,77.1936,2.73345,24.5652,0.629984,0.613478,1.53621
9.34,134.73,77.2845,2.73959,24.5652,0.629963,0.613443,1.53612
9.35,134.501,77.3741,2.74573,24.5651,0.630391,0.613966,1.53742
9.36,134.272,77.4622,2.75187,24.565,0.63113,0.61484,1.53961
9.37,134.042,77.5489,2.75802,24.5648,0.632087,0.615937,1.54234
9.38,133.811,77.6342,2.76419,24.5646,0.6332,0.617178,1.54543
9.39,133.58,77.718,2.77037,24.5644,0.634429,0.618513,1.54877
9.4,133.349,77.8004,2.77656,24.5643,0.634696,0.618574,1.54891
9.41,133.117,77.8815,2.78269,24.5652,0.627552,0.609609,1.52652
9.42,132.884,77.9611,2.78876,24.5659,0.623125,0.604576,1.51396
9.43,132.651,78.0394,2.79479,24.5663,0.620487,0.601962,1.50744
9.44,132.418,78.1163,2.8008,24.5666,0.619048,0.600843,1.50466
9.45,132.184,78.1918,2.80681,24.5668,0.618427,0.600655,1.5042
9.46,131.95,78.2659,2.81282,24.5669,0.618375,0.601052,1.5052
9.47,131.715,78.3386,2.81883,24.567,0.618728,0.601821,1.50713
9.48,131.48,78.4099,2.82485,24.567,0.619373,0.60283,1.50966
9.49,131.244,78.4798,2.83085,24.5681,0.612134,0.593861,1.48726
9.5,131.008,78.5483,2.83673,24.5695,0.603179,0.583496,1.46138
9.51,130.772,78.6156,2.84253,24.5705,0.597402,0.577533,1.44651
9.52,130.535,78.6816,2.84828,24.5713,0.593741,0.574284,1.43842
9.53,130.298,78.7462,2.85402,24.5719,0.591511,0.572718,1.43454
9.54,130.06,78.8095,2.85974,24.5725,0.590269,0.572205,1.43328
9.55,129.822,78.8714,2.86546,24.5729,0.589722,0.572355,1.43368
9.56,129.584,78.932,2.87119,24.5732,0.589673,0.572928,1.43514
9.57,129.346,78.9912,2.87692,24.5735,0.589987,0.573776,1.43728
9.58,129.107,79.0491,2.88256,24.5757,0.575391,0.556104,1.39313
9.59,128.868,79.1058,2.88806,24.5774,0.565779,0.545581,1.36687
9.6,128.628,79.1613,2.89347,24.5787,0.559453,0.539457,1.35159
9.61,128.388,79.2156,2.89885,24.5798,0.55533,0.53605,1.34312
9.62,128.148,79.2686,2.9042,24.5807,0.55271,0.534333,1.33887
9.63,127.908,79.3203,2.90954,24.5815,0.551135,0.533676,1.33727
9.64,127.667,79.3708,2.91487,24.5822,0.5503,0.53369,1.33734
9.65,127.426,79.42,2.92021,24.5829,0.549998,0.534133,1.33848
9.66,127.185,79.4679,2.92552,24.5845,0.540862,0.523263,1.31133
9.67,126.944,79.5147,2.93066,24.5867,0.527356,0.507809,1.27272
9.68,126.702,79.5604,2.93569,24.5885,0.518357,0.498584,1.24969
9.69,126.46,79.605,2.94064,24.59,0.512356,0.493199,1.23626
9.7,126.218,79.6484,2.94555,24.5913,0.508382,0.490195,1.2288
9.71,125.976,79.6907,2.95045,24.5924,0.505805,0.488677,1.22505
9.72,125.733,79.7318,2.95533,24.5934,0.504208,0.488096,1.22365
9.73,125.491,79.7718,2.96021,24.5944,0.503312,0.48811,1.22373
9.74,125.248,79.8105,2.96509,24.5952,0.502924,0.488509,1.22477
9.75,125.004,79.8482,2.96988,24.5977,0.486661,0.469051,1.1761
9.76,124.761,79.8849,2.97449,24.5999,0.474339,0.455573,1.14241
9.77,124.518,79.9206,2.97899,24.6017,0.466055,0.447505,1.12226
9.78,124.274,79.9553,2.98344,24.6033,0.460473,0.44278,1.11049
9.79,124.03,79.9889,2.98785,24.6047,0.456733,0.440134,1.10391
9.8,123.786,80.0215,2.99225,24.606,0.45427,0.43879,1.1006
9.81,123.542,80.053,2.99663,24.6072,0.45271,0.438269,1.09934
9.82,123.298,80.0835,3.00101,24.6083,0.4518,0.438274,1.09941
9.83,123.054,80.1129,3.00537,24.61,0.443346,0.428505,1.07498
9.84,122.809,80.1415,3.00955,24.6124,0.427899,0.41079,1.03064
9.85,122.565,80.1692,3.0136,24.6145,0.417492,0.400055,1.00379
9.86,122.32,80.196,3.01756,24.6163,0.410433,0.393626,0.987726
9.87,122.075,80.2218,3.02147,24.6178,0.405636,0.389866,0.978355
9.88,121.83,80.2468,3.02536,24.6193,0.402393,0.387772,0.973158
9.89,121.585,80.2709,3.02923,24.6206,0.400238,0.386727,0.970587
9.9,121.34,80.294,3.03309,24.6218,0.398859,0.386348,0.969684
9.91,121.095,80.3162,3.03696,24.623,0.398043,0.386397,0.969852
9.92,120.849,80.3375,3.04074,24.6253,0.383001,0.368536,0.925107
9.93,120.604,80.358,3.04434,24.6274,0.369913,0.354132,0.88903
9.94,120.358,80.3779,3.04783,24.6293,0.361032,0.345388,0.867144
9.95,120.113,80.3969,3.05125,24.631,0.354964,0.340143,0.854033
9.96,119.867,80.4152,3.05463,24.6325,0.35081,0.337073,0.846377
9.97,119.621,80.4326,3.05799,24.634,0.347979,0.335365,0.842136
9.98,119.376,80.4493,3.06132,24.6356,0.341417,0.328652,0.825337
9.99,119.13,80.4652,3.06456,24.6374,0.333172,0.320068,0.803836
10,118.884,80.4805,3.06773,24.639,0.327588,0.314922,0.790964
10.01,118.638,80.495,3.07086,24.6404,0.323799,0.311911,0.783447
10.02,118.392,80.5088,3.07396,24.642,0.31756,0.305584,0.767605
10.03,118.146,80.5219,3.07696,24.6438,0.308808,0.296334,0.744424
10.04,117.899,80.5344,3.07989,24.6453,0.302866,0.290754,0.730452
10.05,117.653,80.5462,3.08278,24.6468,0.298816,0.287448,0.72219
10.06,117.407,80.5573,3.08563,24.6483,0.293349,0.282126,0.70886
10.07,117.161,80.5679,3.0884,24.65,0.284434,0.27264,0.685073
10.08,116.914,80.5778,3.09109,24.6515,0.278369,0.266891,0.67067
10.09,116.668,80.5871,3.09374,24.6529,0.27422,0.26346,0.662085
10.1,116.422,80.5959,3.09636,24.6544,0.268789,0.258189,0.648878
10.11,116.175,80.604,3.09888,24.656,0.260114,0.248994,0.625811
10.12,115.929,80.6117,3.10134,24.6575,0.254197,0.243407,0.611804
10.13,115.682,80.6187,3.10375,24.6588,0.250136,0.240055,0.603413
10.14,115.436,80.6253,3.10614,24.6602,0.245663,0.23596,0.593151
10.15,115.189,80.6313,3.10845,24.6617,0.237061,0.226759,0.570057
10.16,114.943,80.6368,3.11068,24.6631,0.231191,0.221151,0.555991
10.17,114.696,80.6419,3.11287,24.6644,0.227154,0.217771,0.547521
10.18,114.449,80.6464,3.11503,24.6657,0.222778,0.213752,0.537446
10.19,114.203,80.6505,3.11712,24.6671,0.214525,0.204939,0.515316
10.2,113.956,80.6541,3.11914,24.6684,0.208883,0.199555,0.501805
10.21,113.709,80.6573,3.12111,24.6696,0.204995,0.196298,0.493638
10.22,113.463,80.6601,3.12306,24.6708,0.201535,0.193385,0.486336
10.23,113.216,80.6624,3.12495,24.6721,0.193441,0.184652,0.4644
10.24,112.969,80.6644,3.12676,24.6734,0.187906,0.179306,0.450977
10.25,112.723,80.6659,3.12854,24.6745,0.184087,0.176058,0.442828
10.26,112.476,80.6671,3.13028,24.6756,0.181439,0.174117,0.437967
10.27,112.229,80.6679,3.13197,24.6769,0.173494,0.165456,0.416201
10.28,111.982,80.6683,3.1336,24.678,0.16806,0.160141,0.402851
10.29,111.735,80.6684,3.13518,24.6791,0.164307,0.1569,0.394714
10.3,111.489,80.6682,3.13674,24.6801,0.1617,0.15495,0.389825
10.31,111.242,80.6676,3.13824,24.6812,0.154171,0.146756,0.369228
10.32,110.995,80.6667,3.13968,24.6823,0.149014,0.141719,0.35657
10.33,110.748,80.6655,3.14108,24.6833,0.145446,0.138638,0.348831
10.34,110.501,80.664,3.14245,24.6842,0.142959,0.136774,0.344156
10.35,110.255,80.6623,3.14378,24.6852,0.136328,0.129612,0.326148
10.36,110.008,80.6602,3.14505,24.6862,0.131335,0.124679,0.313748
10.37,109.761,80.6579,3.14628,24.6871,0.127878,0.121652,0.306141
10.38,109.514,80.6553,3.14748,24.688,0.125465,0.119812,0.30152
10.39,109.267,80.6525,3.14864,24.6889,0.119235,0.113092,0.28462
10.4,109.02,80.6494,3.14975,24.6898,0.114544,0.108461,0.272976
10.41,108.773,80.6461,3.15081,24.6907,0.111289,0.105612,0.265813
10.42,108.526,80.6426,3.15186,24.6914,0.109011,0.103871,0.26144
10.43,108.28,80.6389,3.15287,24.6923,0.103602,0.0980925,0.246904
10.44,108.033,80.635,3.15382,24.6931,0.0991009,0.0936,0.235604
10.45,107.786,80.6308,3.15474,24.6939,0.0959766,0.0908278,0.228633
10.46,107.539,80.6265,3.15564,24.6946,0.0937869,0.0891262,0.224356
10.47,107.292,80.622,3.15651,24.6953,0.0887439,0.0837445,0.210815
10.48,107.045,80.6174,3.15732,24.6961,0.0845514,0.0795647,0.200299
10.49,106.798,80.6125,3.1581,24.6968,0.0816358,0.0769785,0.193794
10.5,106.551,80.6076,3.15886,24.6974,0.079587,0.0753843,0.189786
10.51,106.304,80.6024,3.15959,24.6981,0.0752741,0.0708381,0.178345
10.52,106.057,80.5971,3.16028,24.6987,0.0712881,0.0668212,0.168236
10.53,105.81,80.5917,3.16093,24.6994,0.068515,0.0643296,0.161967
10.54,105.563,80.5862,3.16157,24.7,0.0665638,0.062787,0.158087
10.55,105.317,80.5805,3.16217,24.7006,0.0625727,0.0585849,0.147511
10.56,105.07,80.5748,3.16274,24.7011,0.058894,0.0548823,0.138191
10.57,104.823,80.5689,3.16327,24.7017,0.0563295,0.0525795,0.132396
10.58,104.576,80.5629,3.16379,24.7022,0.0545203,0.0511478,0.128794
10.59,104.329,80.5568,3.16429,24.7028,0.051163,0.0476693,0.120037
10.6,104.082,80.5507,3.16474,24.7033,0.0476992,0.0441468,0.111169
10.61,103.835,80.5444,3.16517,24.7038,0.0452835,0.0419509,0.105642
10.62,103.588,80.5381,3.16558,24.7043,0.043577,0.0405801,0.102192
10.63,103.341,80.5317,3.16598,24.7048,0.040495,0.0373903,0.094161
10.64,103.094,80.5253,3.16633,24.7052,0.0373299,0.0341765,0.0860691
10.65,102.847,80.5187,3.16666,24.7057,0.0351178,0.0321674,0.081011
10.66,102.6,80.5122,3.16698,24.7061,0.0335507,0.0309077,0.0778399
10.67,102.353,80.5055,3.16727,24.7065,0.0310057,0.0283286,0.0713456
10.68,102.106,80.4989,3.16754,24.7069,0.0280575,0.0253053,0.0637326
10.69,101.859,80.4921,3.16778,24.7073,0.0259959,0.0234111,0.0589628
10.7,101.612,80.4854,3.16801,24.7077,0.0245333,0.0222187,0.0559605
10.71,101.365,80.4786,3.16822,24.7081,0.0222172,0.0198739,0.0500557
10.72,101.118,80.4718,3.1684,24.7084,0.0195538,0.0171476,0.0431896
10.73,100.871,80.465,3.16857,24.7088,0.0176868,0.0154342,0.0388747
10.74,100.624,80.4581,3.16871,24.7091,0.0163582,0.0143506,0.0361458
10.75,100.377,80.4512,3.16885,24.7095,0.0144852,0.0125065,0.0315014
10.76,100.13,80.4444,3.16896,24.7098,0.0120354,0.00997543,0.0251265
10.77,99.8831,80.4375,3.16905,24.7101,0.0103168,0.00838084,0.0211102
10.78,99.6361,80.4306,3.16913,24.7104,0.00909165,0.00736818,0.0185597
10.79,99.3891,80.4237,3.1692,24.7107,0.00740392,0.00570777,0.0143775
10.8,99.1421,80.4168,3.16924,24.711,0.00522048,0.00345695,0.00870791
10.81,98.8951,80.4099,3.16927,24.7112,0.00368448,0.00203402,0.00512366
10.82,98.648,80.403,3.16928,24.7115,0.00258551,0.00112555,0.00283527
10.83,98.401,80.3962,3.16929,24.7117,0.00109082,-0.000339616,-0.000855504
10.84,98.154,80.3893,3.16927,24.712,-0.000830045,-0.00231377,-0.00582852
10.85,97.907,80.3825,3.16924,24.7122,-0.00218566,-0.00356669,-0.0089848
10.86,97.6599,80.3757,3.1692,24.7125,-0.00315958,-0.00437139,-0.011012
10.87,97.4129,80.3689,3.16915,24.7127,-0.00432987,-0.00547686,-0.0137969
10.88,97.1659,80.3622,3.16909,24.7129,-0.00605113,-0.00726116,-0.018292
10.89,96.9188,80.3555,3.16901,24.7131,-0.00726775,-0.00839724,-0.0211541
10.9,96.6718,80.3488,3.16892,24.7133,-0.00814411,-0.00913067,-0.0230019
10.91,96.4247,80.3421,3.16883,24.7135,-0.00917611,-0.0101054,-0.0254576
10.92,96.1777,80.3355,3.16872,24.7137,-0.010668,-0.0116472,-0.029342
10.93,95.9306,80.3289,3.16859,24.7139,-0.0117267,-0.0126337,-0.0318276
10.94,95.6836,80.3224,3.16846,24.7141,-0.0124932,-0.0132753,-0.0334442
10.95,95.4365,80.3159,3.16833,24.7142,-0.0132809,-0.0139832,-0.0352277
10.96,95.1895,80.3095,3.16818,24.7144,-0.0145882,-0.0153437,-0.0386556
10.97,94.9424,80.3031,3.16802,24.7146,-0.0155185,-0.0162181,-0.0408588
10.98,94.6953,80.2967,3.16786,24.7147,-0.0161947,-0.0167907,-0.0423014
10.99,94.4483,80.2904,3.16768,24.7149,-0.0168783,-0.0174055,-0.0438507
11,94.2012,80.2842,3.1675,24.715,-0.017981,-0.0185475,-0.0467281
11.01,93.9541,80.278,3.16731,24.7152,-0.01877,-0.0192866,-0.0485903
11.02,93.7071,80.2718,3.16712,24.7153,-0.0193476,-0.0197754,-0.0498222
11.03,93.46,80.2658,3.16692,24.7154,-0.0198546,-0.0202027,-0.0508988
11.04,93.2129,80.2597,3.16671,24.7156,-0.0207874,-0.021173,-0.0533439
11.05,92.9658,80.2538,3.1665,24.7157,-0.0214582,-0.0218054,-0.0549374
11.06,92.7187,80.2479,3.16628,24.7158,-0.0219526,-0.0222281,-0.0560025
11.07,92.4716,80.242,3.16605,24.7159,-0.0223834,-0.0225927,-0.0569213
11.08,92.2245,80.2362,3.16582,24.716,-0.0231362,-0.0233693,-0.0588784
11.09,91.9774,80.2305,3.16558,24.7161,-0.0236826,-0.0238813,-0.0601686
11.1,91.7303,80.2249,3.16534,24.7162,-0.0240899,-0.024229,-0.0610448
11.11,91.4832,80.2193,3.1651,24.7163,-0.0244018,-0.024474,-0.0616625
11.12,91.2361,80.2137,3.16485,24.7164,-0.0250007,-0.025091,-0.0632172
11.13,90.989,80.2083,3.1646,24.7165,-0.0254401,-0.0255034,-0.0642564
11.14,90.7419,80.2029,3.16434,24.7166,-0.0257718,-0.0257887,-0.0649756
11.15,90.4948,80.1975,3.16408,24.7167,-0.0260299,-0.0259948,-0.065495
11.16,90.2477,80.1923,3.16382,24.7168,-0.0264735,-0.0264435,-0.0666258
11.17,90.0006,80.1871,3.16355,24.7169,-0.0268052,-0.0267508,-0.0674003
11.18,89.7535,80.182,3.16328,24.717,-0.0270613,-0.0269703,-0.0679536
11.19,89.5064,80.1769,3.16301,24.7171,-0.0272656,-0.0271351,-0.0683689
11.2,89.2592,80.1719,3.16274,24.7171,-0.0275556,-0.0274166,-0.0690785
11.21,89.0121,80.167,3.16247,24.7172,-0.027792,-0.0276325,-0.0696227
11.22,88.765,80.1622,3.16219,24.7173,-0.0279808,-0.0277945,-0.0700311
11.23,88.5179,80.1574,3.16191,24.7173,-0.0281368,-0.0279228,-0.0703546
11.24,88.2707,80.1527,3.16163,24.7174,-0.0283071,-0.0280761,-0.070741
11.25,88.0236,80.1481,3.16135,24.7175,-0.0284524,-0.0282025,-0.0710595
11.26,87.7765,80.1435,3.16107,24.7175,-0.0285769,-0.0283079,-0.0713255
11.27,87.5293,80.139,3.16078,24.7176,-0.0286869,-0.0284004,-0.0715585
11.28,87.2822,80.1346,3.1605,24.7177,-0.0287526,-0.0284423,-0.0716643
11.29,87.0351,80.1303,3.16021,24.7177,-0.0288145,-0.0284863,-0.0717753
11.3,86.7879,80.126,3.15993,24.7178,-0.0288801,-0.0285396,-0.0719098
11.31,86.5408,80.1218,3.15964,24.7178,-0.0289477,-0.0285987,-0.0720589
11.32,86.2936,80.1177,3.15936,24.7179,-0.0289235,-0.0285456,-0.0719252
11.33,86.0465,80.1136,3.15907,24.7179,-0.0289101,-0.0285151,-0.0718486
11.34,85.7993,80.1096,3.15879,24.718,-0.0289224,-0.0285211,-0.0718639
11.35,85.5522,80.1057,3.1585,24.718,-0.0289516,-0.0285498,-0.0719363
11.36,85.305,80.1018,3.15822,24.7181,-0.0288634,-0.0284317,-0.0716389
11.37,85.0579,80.098,3.15793,24.7181,-0.0287785,-0.0283284,-0.0713788
11.38,84.8107,80.0943,3.15765,24.7182,-0.0287402,-0.0282881,-0.0712772
11.39,84.5636,80.0907,3.15737,24.7182,-0.0287329,-0.0282869,-0.0712743
11.4,84.3164,80.0871,3.15708,24.7183,-0.0285789,-0.0281005,-0.0708049
11.41,84.0693,80.0836,3.1568,24.7183,-0.0284339,-0.0279373,-0.0703939
11.42,83.8221,80.0802,3.15652,24.7183,-0.0283526,-0.0278586,-0.0701956
11.43,83.5749,80.0768,3.15625,24.7184,-0.0283142,-0.0278324,-0.0701295
11.44,83.3278,80.0735,3.15597,24.7184,-0.0281291,-0.0276186,-0.0695912
11.45,83.0806,80.0703,3.15569,24.7185,-0.0279241,-0.0273924,-0.0690211
11.46,82.8335,80.0671,3.15542,24.7185,-0.0278003,-0.0272732,-0.068721
11.47,82.5863,80.064,3.15515,24.7185,-0.0277311,-0.0272207,-0.0685887
11.48,82.3391,80.061,3.15488,24.7186,-0.0274996,-0.0269597,-0.0679312
11.49,82.092,80.058,3.15461,24.7186,-0.0272483,-0.0266873,-0.0672448
11.5,81.8448,80.0551,3.15434,24.7186,-0.0270913,-0.0265382,-0.0668692
11.51,81.5976,80.0522,3.15408,24.7187,-0.0269976,-0.0264658,-0.0666869
11.52,81.3504,80.0494,3.15381,24.7187,-0.0267285,-0.0261672,-0.0659346
11.53,81.1033,80.0467,3.15355,24.7187,-0.0264396,-0.0258575,-0.0651544
11.54,80.8561,80.0441,3.1533,24.7187,-0.0262552,-0.025684,-0.0647174
11.55,80.6089,80.0415,3.15304,24.7188,-0.0261413,-0.0255953,-0.0644938
11.56,80.3617,80.0389,3.15279,24.7188,-0.0258764,-0.0253088,-0.063772
11.57,80.1146,80.0365,3.15254,24.7188,-0.0255448,-0.0249518,-0.0628726
11.58,79.8674,80.034,3.15229,24.7189,-0.0253302,-0.0247478,-0.0623585
11.59,79.6202,80.0317,3.15204,24.7189,-0.0251942,-0.0246388,-0.0620839
11.6,79.373,80.0294,3.15179,24.7189,-0.024903,-0.0243264,-0.0612968
11.61,79.1259,80.0271,3.15155,24.7189,-0.0245442,-0.0239424,-0.0603294
11.62,78.8787,80.025,3.15132,24.719,-0.0243096,-0.0237204,-0.0597699
11.63,78.6315,80.0228,3.15108,24.719,-0.0241586,-0.023599,-0.0594641
11.64,78.3843,80.0208,3.15084,24.719,-0.0238881,-0.0233176,-0.0587551
11.65,78.1371,80.0187,3.15061,24.719,-0.0234961,-0.022895,-0.0576904
11.66,77.89,80.0168,3.15039,24.719,-0.0232377,-0.0226479,-0.0570677
11.67,77.6428,80.0149,3.15016,24.7191,-0.0230693,-0.0225096,-0.0567194
11.68,77.3956,80.013,3.14994,24.7191,-0.0227823,-0.0222122,-0.0559701
11.69,77.1484,80.0112,3.14972,24.7191,-0.0223733,-0.0217734,-0.0548642
11.7,76.9012,80.0094,3.1495,24.7191,-0.0221023,-0.0215148,-0.0542128
11.71,76.654,80.0077,3.14929,24.7192,-0.0219238,-0.0213683,-0.0538437
11.72,76.4068,80.0061,3.14907,24.7192,-0.0216695,-0.0211153,-0.0532062
11.73,76.1597,80.0045,3.14887,24.7192,-0.021236,-0.0206463,-0.0520244
11.74,75.9125,80.0029,3.14866,24.7192,-0.0209474,-0.0203679,-0.0513231
11.75,75.6653,80.0014,3.14846,24.7192,-0.020756,-0.020208,-0.0509201
11.76,75.4181,79.9999,3.14826,24.7192,-0.0204917,-0.0199455,-0.0502587
11.77,75.1709,79.9985,3.14806,24.7193,-0.0200505,-0.0194696,-0.0490595
11.78,74.9237,79.9972,3.14787,24.7193,-0.0197555,-0.0191858,-0.0483444
11.79,74.6765,79.9958,3.14768,24.7193,-0.0195587,-0.0190213,-0.04793
11.8,74.4293,79.9945,3.14749,24.7193,-0.0193347,-0.0188116,-0.0474015
11.81,74.1822,79.9933,3.1473,24.7193,-0.0188768,-0.0183133,-0.0461461
11.82,73.935,79.9921,3.14712,24.7193,-0.0185698,-0.0180147,-0.0453937
11.83,73.6878,79.9909,3.14694,24.7194,-0.018364,-0.01784,-0.0449534
11.84,73.4406,79.9898,3.14676,24.7194,-0.0181344,-0.0176246,-0.0444106
11.85,73.1934,79.9888,3.14659,24.7194,-0.0176765,-0.0171276,-0.0431584
11.86,72.9462,79.9877,3.14642,24.7194,-0.0173686,-0.0168287,-0.0424053
11.87,72.699,79.9867,3.14625,24.7194,-0.0171612,-0.0166527,-0.0419619
11.88,72.4518,79.9858,3.14609,24.7194,-0.016976,-0.0164942,-0.0415625
11.89,72.2046,79.9848,3.14593,24.7194,-0.0165084,-0.0159822,-0.0402721
11.9,71.9574,79.9839,3.14577,24.7194,-0.0161934,-0.015673,-0.0394931
11.91,71.7102,79.9831,3.14561,24.7195,-0.0159805,-0.0154896,-0.0390311
11.92,71.463,79.9823,3.14546,24.7195,-0.0157921,-0.0153272,-0.0386217
11.93,71.2158,79.9815,3.14531,24.7195,-0.015331,-0.0148233,-0.0373521
11.94,70.9687,79.9808,3.14516,24.7195,-0.0150196,-0.0145182,-0.0365834
11.95,70.7215,79.98,3.14502,24.7195,-0.0148084,-0.0143365,-0.0361255
11.96,70.4743,79.9794,3.14487,24.7195,-0.0146219,-0.0141759,-0.0357209
11.97,70.2271,79.9787,3.14474,24.7195,-0.0141723,-0.0136858,-0.0344859
11.98,69.9799,79.9781,3.1446,24.7195,-0.013868,-0.0133884,-0.0337364
11.99,69.7327,79.9775,3.14447,24.7195,-0.0136611,-0.0132105,-0.0332882
12,69.4855,79.977,3.14434,24.7196,-0.0135205,-0.0131072,-0.033028
12.01,69.2383,79.9764,3.14421,24.7196,-0.0130704,-0.0126118,-0.0317796
12.02,68.9911,79.9759,3.14408,24.7196,-0.0127655,-0.0123104,-0.0310201
12.03,68.7439,79.9755,3.14396,24.7196,-0.0125578,-0.0121292,-0.0305636
12.04,68.4967,79.975,3.14384,24.7196,-0.0124162,-0.012023,-0.0302961
12.05,68.2495,79.9746,3.14372,24.7196,-0.0119798,-0.0115435,-0.0290878
12.06,68.0023,79.9742,3.14361,24.7196,-0.0116837,-0.0112512,-0.0283511
12.07,67.7551,79.9738,3.1435,24.7196,-0.0114815,-0.0110748,-0.0279068
12.08,67.5079,79.9735,3.14339,24.7196,-0.011343,-0.0109709,-0.0276449
12.09,67.2607,79.9732,3.14328,24.7196,-0.0109503,-0.0105425,-0.0265654
12.1,67.0135,79.9729,3.14318,24.7196,-0.0106565,-0.0102491,-0.0258261
12.11,66.7663,79.9726,3.14308,24.7197,-0.0104554,-0.0100715,-0.0253785
12.12,66.5191,79.9724,3.14298,24.7197,-0.0103175,-0.00996594,-0.0251126
12.13,66.2719,79.9721,3.14288,24.7197,-0.00993982,-0.00955462,-0.0240762
12.14,66.0247,79.9719,3.14278,24.7197,-0.00965709,-0.00927281,-0.023366
12.15,65.7775,79.9717,3.14269,24.7197,-0.00946323,-0.00910165,-0.0229347
12.16,65.5303,79.9716,3.1426,24.7197,-0.00932972,-0.00899945,-0.0226772
12.17,65.2831,79.9714,3.14251,24.7197,-0.00899483,-0.00863811,-0.0217667
12.18,65.036,79.9713,3.14243,24.7197,-0.00871687,-0.00835807,-0.0210611
12.19,64.7888,79.9712,3.14235,24.7197,-0.00852608,-0.00818742,-0.0206311
12.2,64.5416,79.9711,3.14226,24.7197,-0.0083944,-0.0080849,-0.0203727
12.21,64.2944,79.971,3.14219,24.7197,-0.00807477,-0.00774055,-0.019505
12.22,64.0472,79.971,3.14211,24.7197,-0.00780974,-0.00747396,-0.0188332
12.23,63.8,79.9709,3.14204,24.7197,-0.00762744,-0.00731107,-0.0184228
12.24,63.5528,79.9709,3.14196,24.7197,-0.00750125,-0.00721276,-0.0181751
12.25,63.3056,79.9709,3.14189,24.7197,-0.00722212,-0.00691566,-0.0174264
12.26,63.0584,79.9709,3.14183,24.7197,-0.0069639,-0.00665318,-0.016765
12.27,62.8112,79.9709,3.14176,24.7198,-0.00678615,-0.00649235,-0.0163598
12.28,62.564,79.971,3.1417,24.7198,-0.00666289,-0.00639478,-0.0161139
12.29,62.3168,79.971,3.14163,24.7198,-0.00639834,-0.0061136,-0.0154054
12.3,62.0696,79.9711,3.14157,24.7198,-0.00615426,-0.00586588,-0.0147812
12.31,61.8224,79.9711,3.14152,24.7198,-0.00598592,-0.00571372,-0.0143977
12.32,61.5752,79.9712,3.14146,24.7198,-0.00586887,-0.00562104,-0.0141642
12.33,61.328,79.9713,3.1414,24.7198,-0.00564157,-0.00538321,-0.0135649
12.34,61.0808,79.9714,3.14135,24.7198,-0.00540584,-0.00514149,-0.0129558
12.35,60.8336,79.9715,3.1413,24.7198,-0.00524316,-0.00499266,-0.0125808
12.36,60.5864,79.9717,3.14125,24.7198,-0.00512988,-0.0049016,-0.0123513
12.37,60.3392,79.9718,3.1412,24.7198,-0.0049159,-0.00467796,-0.0117878
12.38,60.092,79.972,3.14116,24.7198,-0.00469499,-0.0044518,-0.0112179
12.39,59.8448,79.9721,3.14111,24.7198,-0.00454225,-0.00431221,-0.0108662
12.4,59.5976,79.9723,3.14107,24.7198,-0.00443561,-0.00422649,-0.0106502
12.41,59.3504,79.9725,3.14103,24.7198,-0.00423664,-0.00401905,-0.0101274
12.42,59.1032,79.9727,3.14099,24.7198,-0.00403158,-0.00380955,-0.00959953
12.43,58.856,79.9729,3.14095,24.7198,-0.00388954,-0.00367996,-0.00927298
12.44,58.6088,79.9731,3.14092,24.7198,-0.00379012,-0.00360009,-0.00907171
12.45,58.3616,79.9733,3.14088,24.7198,-0.00362311,-0.00342946,-0.00864175
12.46,58.1144,79.9735,3.14085,24.7198,-0.00342797,-0.00322799,-0.00813409
12.47,57.8672,79.9737,3.14082,24.7198,-0.00329275,-0.00310311,-0.00781941
12.48,57.62,79.9739,3.14079,24.7198,-0.00319799,-0.00302585,-0.00762473
12.49,57.3728,79.9742,3.14076,24.7198,-0.00304259,-0.00286715,-0.00722483
12.5,57.1256,79.9744,3.14073,24.7198,-0.0028622,-0.00268118,-0.00675621
12.51,56.8784,79.9746,3.1407,24.7198,-0.00273697,-0.00256564,-0.00646505
12.52,56.6312,79.9749,3.14068,24.7198,-0.00264899,-0.00249389,-0.00628425
12.53,56.384,79.9752,3.14065,24.7198,-0.00252089,-0.00236659,-0.00596349
12.54,56.1368,79.9754,3.14063,24.7198,-0.00235063,-0.00218933,-0.00551681
12.55,55.8896,79.9757,3.14061,24.7199,-0.00223239,-0.00207897,-0.00523873
12.56,55.6424,79.9759,3.14059,24.7199,-0.00214921,-0.0020102,-0.00506543
12.57,55.3952,79.9762,3.14057,24.7199,-0.00203074,-0.0018925,-0.00476885
12.58,55.148,79.9765,3.14055,24.7199,-0.00187482,-0.00173045,-0.0043605
12.59,54.9008,79.9768,3.14054,24.7199,-0.00176632,-0.00162932,-0.00410567
12.6,54.6536,79.9771,3.14052,24.7199,-0.00168978,-0.00156606,-0.00394625
12.61,54.4064,79.9773,3.1405,24.7199,-0.0015943,-0.00147465,-0.00371591
12.62,54.1592,79.9776,3.14049,24.7199,-0.00144864,-0.00132185,-0.00333088
12.63,53.912,79.9779,3.14048,24.7199,-0.00134724,-0.0012263,-0.00309011
12.64,53.6648,79.9782,3.14047,24.7199,-0.00127562,-0.00116632,-0.00293896
12.65,53.4176,79.9785,3.14045,24.7199,-0.00118792,-0.00108231,-0.00272727
12.66,53.1704,79.9788,3.14044,24.7199,-0.00105598,-0.000944176,-0.0023792
12.67,52.9233,79.9791,3.14044,24.7199,-0.000963925,-0.000857576,-0.00216098
12.68,52.6761,79.9794,3.14043,24.7199,-0.000898721,-0.000802985,-0.00202341
12.69,52.4289,79.9797,3.14042,24.7199,-0.000829844,-0.000740325,-0.00186552
12.7,52.1817,79.98,3.14041,24.7199,-0.000708082,-0.000611706,-0.00154142
12.71,51.9345,79.9803,3.14041,24.7199,-0.000623068,-0.000530899,-0.00133779
12.72,51.6873,79.9806,3.1404,24.7199,-0.000562766,-0.000479777,-0.00120897
12.73,51.4401,79.9809,3.1404,24.7199,-0.000499946,-0.000422495,-0.00106463
12.74,51.1929,79.9812,3.14039,24.7199,-0.000391077,-0.000307763,-0.000775521
12.75,50.9457,79.9815,3.14039,24.7199,-0.000314871,-0.000235466,-0.000593342
12.76,50.6985,79.9818,3.14039,24.7199,-0.000260635,-0.000189515,-0.000477552
12.77,50.4513,79.9821,3.14039,24.7199,-0.000212762,-0.000148954,-0.000375344
12.78,50.2041,79.9824,3.14039,24.7199,-0.000113751,-4.3743e-05,-0.000110227
12.79,49.9569,79.9827,3.14039,24.7199,-4.43795e-05,2.27139e-05,5.72361e-05
12.8,49.7097,79.983,3.14039,24.7199,5.08581e-06,6.51209e-05,0.000164096
12.81,49.4625,79.9833,3.14039,24.7199,4.84394e-05,0.000102074,0.000257213
12.82,49.2153,79.9836,3.14039,24.7199,0.000135546,0.00019437,0.000489785
12.83,48.9681,79.9839,3.14039,24.7199,0.000196768,0.00025288,0.000637223
12.84,48.7209,79.9842,3.14039,24.7199,0.000240597,0.000290422,0.000731825
12.85,48.4737,79.9844,3.1404,24.7199,0.000278936,0.000323037,0.00081401
12.86,48.2265,79.9847,3.1404,24.7199,0.000354438,0.000402732,0.00101483
12.87,47.9793,79.985,3.14041,24.7199,0.000407697,0.00045347,0.00114268
12.88,47.7321,79.9853,3.14041,24.7199,0.000446007,0.000486234,0.00122524
12.89,47.4849,79.9856,3.14041,24.7199,0.000474098,0.000507779,0.00127954
12.9,47.2377,79.9859,3.14042,24.7199,0.000540593,0.000578478,0.00145769
12.91,46.9905,79.9862,3.14043,24.7199,0.000587597,0.000623651,0.00157152
12.92,46.7433,79.9865,3.14043,24.7199,0.000621518,0.000652987,0.00164544
12.93,46.4961,79.9867,3.14044,24.7199,0.00064651,0.000672445,0.00169447
12.94,46.2489,79.987,3.14045,24.7199,0.000702962,0.000732209,0.00184507
12.95,46.0017,79.9873,3.14045,24.7199,0.000743061,0.000770615,0.00194185
12.96,45.7545,79.9876,3.14046,24.7199,0.000772179,0.00079577,0.00200523
12.97,45.5073,79.9878,3.14047,24.7199,0.000793798,0.000812658,0.00204779
12.98,45.2601,79.9881,3.14048,24.7199,0.000838237,0.000859094,0.0021648
12.99,45.0129,79.9884,3.14049,24.7199,0.000872618,0.00089224,0.00224833
13,44.7657,79.9886,3.1405,24.7199,0.00089772,0.000914133,0.00230349
13.01,44.5185,79.9889,3.14051,24.7199,0.000916493,0.000929008,0.00234098
13.02,44.2713,79.9891,3.14052,24.7199,0.000952894,0.00096677,0.00243613
13.03,44.0241,79.9894,3.14052,24.7199,0.000981183,0.000993884,0.00250446
13.04,43.7769,79.9897,3.14053,24.7199,0.00100204,0.00101203,0.00255017
13.05,43.5297,79.9899,3.14055,24.7199,0.00101781,0.00102457,0.00258179
13.06,43.2825,79.9902,3.14056,24.7199,0.00104512,0.00105234,0.00265176
13.07,43.0353,79.9904,3.14057,24.7199,0.00106821,0.00107453,0.00270768
13.08,42.7881,79.9906,3.14058,24.7199,0.00108541,0.0010896,0.00274564
13.09,42.5409,79.9909,3.14059,24.7199,0.00109859,0.00110023,0.00277243
13.1,42.2937,79.9911,3.1406,24.7199,0.00111958,0.00112126,0.00282544
13.11,42.0465,79.9913,3.14061,24.7199,0.00113738,0.00113817,0.00286804
13.12,41.7993,79.9916,3.14062,24.7199,0.00115088,0.00114994,0.00289769
13.13,41.5521,79.9918,3.14063,24.7199,0.00116143,0.0011585,0.00291926
13.14,41.3049,79.992,3.14064,24.7199,0.00117585,0.00117243,0.00295438
13.15,41.0577,79.9922,3.14066,24.7199,0.00118901,0.00118481,0.00298556
13.16,40.8105,79.9925,3.14067,24.7199,0.00119924,0.00119373,0.00300803
13.17,40.5633,79.9927,3.14068,24.7199,0.00120746,0.00120049,0.00302508
13.18,40.3161,79.9929,3.14069,24.7199,0.00121703,0.00120934,0.00304737
13.19,40.0689,79.9931,3.1407,24.7199,0.00122569,0.00121718,0.00306715
13.2,39.8217,79.9933,3.14072,24.7199,0.00123275,0.00122326,0.00308245
13.21,39.5745,79.9935,3.14073,24.7199,0.00123872,0.00122822,0.00309496
13.22,39.3273,79.9937,3.14074,24.7199,0.00124387,0.00123243,0.00310557
13.23,39.0801,79.9939,3.14075,24.7199,0.00124844,0.00123618,0.00311501
13.24,38.8329,79.9941,3.14077,24.7199,0.00125263,0.00123967,0.0031238
13.25,38.5857,79.9943,3.14078,24.7199,0.00125654,0.00124299,0.00313216
13.26,38.3385,79.9945,3.14079,24.7199,0.00125805,0.00124345,0.00313332
13.27,38.0913,79.9947,3.1408,24.7199,0.00125889,0.00124341,0.00313324
13.28,37.8441,79.9948,3.14082,24.7199,0.00126044,0.0012445,0.00313599
13.29,37.5969,79.995,3.14083,24.7199,0.00126246,0.00124629,0.00314049
13.3,37.3497,79.9952,3.14084,24.7199,0.00126073,0.00124342,0.00313327
13.31,37.1025,79.9954,3.14085,24.7199,0.00125826,0.00124005,0.00312477
13.32,36.8553,79.9955,3.14087,24.7199,0.00125747,0.00123902,0.00312218
13.33,36.6081,79.9957,3.14088,24.7199,0.0012578,0.00123945,0.00312324
13.34,36.3609,79.9959,3.14089,24.7199,0.00125407,0.00123471,0.0031113
13.35,36.1137,79.996,3.1409,24.7199,0.00124842,0.00122802,0.00309444
13.36,35.8665,79.9962,3.14092,24.7199,0.00124539,0.00122487,0.00308652
13.37,35.6193,79.9963,3.14093,24.7199,0.00124411,0.00122393,0.00308415
13.38,35.3721,79.9965,3.14094,24.7199,0.00123803,0.00121684,0.00306629
13.39,35.1249,79.9966,3.14095,24.7199,0.00122976,0.0012075,0.00304273
13.4,34.8777,79.9968,3.14096,24.7199,0.00122487,0.00120265,0.00303052
13.41,34.6305,79.9969,3.14098,24.7199,0.00122223,0.0012006,0.00302536
13.42,34.3833,79.997,3.14099,24.7199,0.00121545,0.00119312,0.00300651
13.43,34.1361,79.9972,3.141,24.7199,0.00120453,0.00118091,0.00297575
13.44,33.8889,79.9973,3.14101,24.7199,0.00119776,0.00117424,0.00295893
13.45,33.6417,79.9974,3.14102,24.7199,0.00119378,0.001171,0.00295077
13.46,33.3945,79.9976,3.14103,24.7199,0.00118535,0.00116191,0.00292787
13.47,33.1473,79.9977,3.14105,24.7199,0.00117245,0.00114769,0.00289202
13.48,32.9001,79.9978,3.14106,24.7199,0.00116425,0.0011397,0.00287191
13.49,32.6529,79.9979,3.14107,24.7199,0.00115922,0.0011356,0.00286156
13.5,32.4057,79.9981,3.14108,24.7199,0.00115108,0.00112726,0.00284054
13.51,32.1585,79.9982,3.14109,24.7199,0.00113603,0.00111062,0.00279863
13.52,31.9113,79.9983,3.1411,24.7199,0.00112631,0.0011011,0.00277462
13.53,31.6641,79.9984,3.14111,24.7199,0.00112018,0.00109598,0.00276172
13.54,31.4169,79.9985,3.14112,24.7199,0.00111093,0.00108656,0.002738
13.55,31.1697,79.9986,3.14114,24.7199,0.00109446,0.0010685,0.00269249
13.56,30.9225,79.9987,3.14115,24.7199,0.00108371,0.00105803,0.0026661
13.57,30.6753,79.9988,3.14116,24.7199,0.00107681,0.00105227,0.00265158
13.58,30.4281,79.9989,3.14117,24.7199,0.00106859,0.00104443,0.00263183
13.59,30.1809,79.999,3.14118,24.7199,0.00105043,0.00102441,0.00258137
13.6,29.9337,79.9991,3.14119,24.7199,0.0010385,0.00101266,0.00255177
13.61,29.6865,79.9992,3.1412,24.7199,0.00103073,0.00100606,0.00253513
13.62,29.4393,79.9993,3.14121,24.7199,0.00102175,0.000997516,0.00251361
13.63,29.1921,79.9993,3.14122,24.7199,0.00100269,0.00097659,0.00246088
13.64,28.945,79.9994,3.14123,24.7199,0.000990087,0.000964234,0.00242975
13.65,28.6978,79.9995,3.14124,24.7199,0.000981801,0.000957197,0.00241201
13.66,28.4506,79.9996,3.14125,24.7199,0.000972359,0.000948262,0.0023895
13.67,28.2034,79.9996,3.14126,24.7199,0.000952743,0.000926811,0.00233544
13.68,27.9562,79.9997,3.14126,24.7199,0.000939704,0.000914078,0.00230336
13.69,27.709,79.9998,3.14127,24.7199,0.00093107,0.000906754,0.0022849
13.7,27.4618,79.9999,3.14128,24.7199,0.000923334,0.000900117,0.00226818
13.71,27.2146,79.9999,3.14129,24.7199,0.000902702,0.000877365,0.00221084
13.72,26.9674,80,3.1413,24.7199,0.000888939,0.000863778,0.00217661
13.73,26.7202,80.0001,3.14131,24.7199,0.000879774,0.000855875,0.00215669
13.74,26.473,80.0001,3.14132,24.7199,0.00087164,0.000848842,0.00213897
13.75,26.2258,80.0002,3.14133,24.7199,0.00085076,0.000825878,0.00208111
13.76,25.9786,80.0002,3.14133,24.7199,0.000836783,0.000812112,0.00204642
13.77,25.7314,80.0003,3.14134,24.7199,0.000827426,0.000804049,0.0020261
13.78,25.4842,80.0003,3.14135,24.7199,0.000821214,0.000799545,0.00201475
13.79,25.237,80.0004,3.14136,24.7199,0.000799647,0.000775624,0.00195447
13.8,24.9898,80.0004,3.14137,24.7199,0.00078518,0.000761221,0.00191818
13.81,24.7426,80.0005,3.14137,24.7199,0.000775457,0.000752718,0.00189675
13.82,24.4954,80.0005,3.14138,24.7199,0.000768958,0.000747894,0.0018846
13.83,24.2482,80.0006,3.14139,24.7199,0.000747482,0.00072413,0.00182471
13.84,24.001,80.0006,3.1414,24.7199,0.000733036,0.00070978,0.00178855
13.85,23.7538,80.0007,3.1414,24.7199,0.000723289,0.000701265,0.0017671
13.86,23.5066,80.0007,3.14141,24.7199,0.000716736,0.000696388,0.00175481
13.87,23.2594,80.0007,3.14142,24.7199,0.000696961,0.000674669,0.00170008
13.88,23.0122,80.0008,3.14142,24.7199,0.000682241,0.00065989,0.00166284
13.89,22.765,80.0008,3.14143,24.7199,0.000672282,0.000651068,0.00164061
13.9,22.5178,80.0008,3.14144,24.7199,0.000665555,0.000645959,0.00162773
13.91,22.2706,80.0009,3.14144,24.7199,0.000646093,0.000624628,0.00157398
13.92,22.0234,80.0009,3.14145,24.7199,0.000631595,0.0006101,0.00153737
13.93,21.7762,80.0009,3.14145,24.7199,0.000621756,0.000601393,0.00151543
13.94,21.529,80.0009,3.14146,24.7199,0.00061508,0.000596315,0.00150264
13.95,21.2818,80.001,3.14147,24.7199,0.000597472,0.000577197,0.00145446
13.96,21.0346,80.001,3.14147,24.7199,0.000582887,0.000562427,0.00141724
13.97,20.7874,80.001,3.14148,24.7199,0.000572971,0.000553535,0.00139484
13.98,20.5402,80.001,3.14148,24.7199,0.000566219,0.000548303,0.00138165
13.99,20.293,80.0011,3.14149,24.7199,0.000549058,0.000529705,0.00133479
14,20.0458,80.0011,3.14149,24.7199,0.000534857,0.000515349,0.00129861
14.01,19.7986,80.0011,3.1415,24.7199,0.000525177,0.000506678,0.00127676
14.02,19.5514,80.0011,3.1415,24.7199,0.00051856,0.000501547,0.00126383
14.03,19.3042,80.0011,3.14151,24.7199,0.0005033,0.000485205,0.00122265
14.04,19.057,80.0012,3.14151,24.7199,0.00048917,0.000470771,0.00118628
14.05,18.8098,80.0012,3.14152,24.7199,0.000479526,0.000462021,0.00116423
14.06,18.5626,80.0012,3.14152,24.7199,0.000472917,0.000456808,0.0011511
14.07,18.3154,80.0012,3.14153,24.7199,0.000458167,0.000441037,0.00111136
14.08,18.0682,80.0012,3.14153,24.7199,0.000444546,0.000427147,0.00107635
14.09,17.821,80.0012,3.14154,24.7199,0.000435229,0.000418702,0.00105508
14.1,17.5738,80.0012,3.14154,24.7199,0.000428823,0.000413648,0.00104234
14.11,17.3266,80.0012,3.14154,24.7199,0.000414735,0.00039862,0.00100447
14.12,17.0794,80.0012,3.14155,24.7199,0.000401735,0.00038539,0.000971133
14.13,16.8322,80.0012,3.14155,24.7199,0.000392824,0.000377328,0.000950817
14.14,16.585,80.0013,3.14156,24.7199,0.000386681,0.000372482,0.000938605
14.15,16.3378,80.0013,3.14156,24.7199,0.000374439,0.000359619,0.000906194
14.16,16.0906,80.0013,3.14156,24.7199,0.000361707,0.000346522,0.00087319
14.17,15.8434,80.0013,3.14157,24.7199,0.000352974,0.000338517,0.00085302
14.18,15.5962,80.0013,3.14157,24.7199,0.000346943,0.000333681,0.000840834
14.19,15.349,80.0013,3.14158,24.7199,0.00188945,0.00226895,0.00571746
14.2,15.1018,80.0012,3.14162,24.7199,0.00378099,0.00449045,0.0113153
14.21,14.8546,80.0012,3.14167,24.7199,0.00508211,0.00588224,0.0148225
14.22,14.6074,80.0011,3.14173,24.7199,0.00599452,0.00676315,0.0170422
14.23,14.3602,80.001,3.1418,24.7199,0.00664698,0.00732813,0.0184659
14.24,14.113,80.0008,3.14188,24.7199,0.00712264,0.00769668,0.0193946
14.25,13.8658,80.0007,3.14196,24.7199,0.00747597,0.00794232,0.0200136
14.26,13.6186,80.0005,3.14204,24.7199,0.00774318,0.00811043,0.0204372
14.27,13.3714,80.0003,3.14212,24.7199,0.00794874,0.00822916,0.0207364
14.28,13.1242,80.0001,3.1422,24.7199,0.00810948,0.00831612,0.0209555
14.29,12.877,79.9999,3.14229,24.7199,0.00823719,0.00838236,0.0211224
14.3,12.6298,79.9996,3.14237,24.7199,0.00834023,0.00843489,0.0212548
14.31,12.3826,79.9993,3.14247,24.7199,0.0117251,0.0126448,0.0318632
14.32,12.1354,79.9989,3.14264,24.7198,0.0181046,0.0202165,0.0509427
14.33,11.8882,79.9984,3.14287,24.7198,0.0224939,0.0249687,0.0629176
14.34,11.641,79.9978,3.14313,24.7198,0.0255733,0.0279833,0.0705138
14.35,11.3938,79.9971,3.14343,24.7198,0.0277774,0.0299224,0.0754
14.36,11.1466,79.9963,3.14373,24.7198,0.0293867,0.0311923,0.0786
14.37,10.8994,79.9955,3.14405,24.7197,0.0305848,0.0320431,0.0807439
14.38,10.6522,79.9945,3.14437,24.7197,0.0314936,0.0326295,0.0822214
14.39,10.405,79.9934,3.14471,24.7197,0.0357999,0.0376147,0.094783
14.4,10.1578,79.9922,3.14515,24.7195,0.0457158,0.0492025,0.123982
14.41,9.91065,79.9908,3.14569,24.7194,0.0525692,0.0564972,0.142363
14.42,9.66346,79.9891,3.14628,24.7193,0.0574027,0.061145,0.154074
14.43,9.41627,79.9873,3.14691,24.7192,0.0608829,0.0641537,0.161654
14.44,9.16909,79.9852,3.14756,24.7192,0.0634411,0.0661418,0.166664
14.45,8.92191,79.983,3.14823,24.7191,0.0653602,0.0674903,0.170061
14.46,8.67473,79.9806,3.14891,24.7191,0.0668286,0.0684346,0.17244
14.47,8.42755,79.9781,3.14961,24.7189,0.0708843,0.072823,0.183497
14.48,8.18038,79.9752,3.15042,24.7186,0.0833554,0.0873856,0.220189
14.49,7.93321,79.972,3.15135,24.7184,0.0919925,0.0965731,0.243336
14.5,7.68605,79.9685,3.15235,24.7181,0.0981014,0.102447,0.258135
14.51,7.4389,79.9647,3.1534,24.718,0.102517,0.10627,0.267766
14.52,7.19175,79.9606,3.15447,24.7178,0.105779,0.108817,0.274181
14.53,6.94461,79.9562,3.15557,24.7177,0.108241,0.110563,0.278579
14.54,6.69748,79.9515,3.15668,24.7175,0.11014,0.111805,0.281706
14.55,6.45035,79.9465,3.15781,24.7173,0.114778,0.116721,0.294092
14.56,6.20324,79.9411,3.15907,24.7168,0.128463,0.132595,0.334079
14.57,5.95614,79.9352,3.16046,24.7163,0.137977,0.142644,0.359391
14.58,5.70905,79.9289,3.16192,24.7159,0.144738,0.149102,0.375657
14.59,5.46198,79.9222,3.16344,24.7156,0.149655,0.153338,0.386324
14.6,5.21492,79.9151,3.16499,24.7153,0.153313,0.15619,0.393505
14.61,4.96788,79.9076,3.16656,24.7151,0.156099,0.158175,0.398502
14.62,4.72086,79.8996,3.16815,24.7148,0.15827,0.159613,0.40212
14.63,4.47385,79.8912,3.16976,24.7146,0.161639,0.162795,0.410133
14.64,4.22686,79.8823,3.17149,24.7137,0.176324,0.179919,0.453259
14.65,3.9799,79.8729,3.17335,24.713,0.18655,0.190785,0.480619
14.66,3.73297,79.8629,3.1753,24.7125,0.193836,0.197794,0.498265
14.67,3.48606,79.8523,3.1773,24.712,0.199154,0.202418,0.509903
14.68,3.23919,79.8412,3.17935,24.7115,0.203132,0.205558,0.517803
14.69,2.99234,79.8295,3.18141,24.7111,0.206183,0.207769,0.523364
14.7,2.74553,79.8173,3.1835,24.7108,0.20858,0.209394,0.52745
14.71,2.49874,79.8046,3.1856,24.7104,0.210509,0.210647,0.530598
14.72,2.25199,79.7912,3.18781,24.7093,0.225652,0.228395,0.575279
14.73,2.00529,79.7772,3.19016,24.7083,0.236216,0.239686,0.603694
14.74,1.75864,79.7625,3.1926,24.7076,0.243767,0.247,0.622096
14.75,1.51204,79.7471,3.1951,24.7069,0.249302,0.251855,0.634307
14.76,1.26549,79.731,3.19764,24.7063,0.253467,0.255182,0.64267
14.77,1.01898,79.7143,3.2002,24.7057,0.256685,0.257554,0.648629
14.78,0.772526,79.6969,3.20279,24.7052,0.259237,0.259324,0.653073
14.79,0.526125,79.6788,3.20539,24.7046,0.261313,0.260712,0.656555
14.8,0.279785,79.66,3.20807,24.7034,0.27376,0.275183,0.692962
14.81,0.033519,79.6404,3.21089,24.7022,0.284713,0.287079,0.722885
14.82,-0.212672,79.6201,3.21381,24.7012,0.292549,0.294804,0.742306
14.83,-0.458788,79.5989,3.21678,24.7003,0.298306,0.299953,0.755243
14.84,-0.704827,79.5769,3.2198,24.6995,0.302654,0.303502,0.764155
14.85,-0.950787,79.5542,3.22285,24.6988,0.306033,0.306054,0.770556
14.86,-1.19666,79.5306,3.22596,24.6975,0.316043,0.317139,0.798423
14.87,-1.44244,79.5062,3.2292,24.696,0.32721,0.32916,0.828638
14.88,-1.68811,79.4808,3.23254,24.6948,0.33523,0.336992,0.848313
14.89,-1.93367,79.4545,3.23594,24.6937,0.34115,0.34224,0.861485
14.9,-2.17913,79.4274,3.23938,24.6927,0.345647,0.345885,0.870626
14.91,-2.42448,79.3994,3.24285,24.6918,0.349164,0.348531,0.877253
14.92,-2.66972,79.3704,3.24635,24.6909,0.351992,0.35055,0.882303
14.93,-2.91484,79.3406,3.24987,24.6901,0.35433,0.352172,0.886355
14.94,-3.15985,79.3099,3.2534,24.6891,0.358721,0.356602,0.89747
14.95,-3.40472,79.2783,3.25704,24.6874,0.370002,0.369404,0.929628
14.96,-3.64944,79.2456,3.26078,24.686,0.378056,0.377729,0.950521
14.97,-3.89402,79.212,3.26459,24.6848,0.38398,0.383297,0.964485
14.98,-4.13845,79.1773,3.26845,24.6836,0.388475,0.387163,0.974167
14.99,-4.38273,79.1417,3.27234,24.6825,0.391996,0.389972,0.981192
15,-4.62685,79.1051,3.27625,24.6815,0.39484,0.39212,0.986558
15.01,-4.87081,79.0675,3.28018,24.6806,0.397207,0.393854,0.990882
15.02,-5.11461,79.0289,3.28413,24.6797,0.399233,0.395326,0.994547
15.03,-5.35824,78.9893,3.28814,24.6779,0.409423,0.407048,1.02397
15.04,-5.60167,78.9487,3.29226,24.6764,0.417499,0.415625,1.04548
15.05,-5.8449,78.9069,3.29645,24.675,0.423441,0.421372,1.05987
15.06,-6.08793,78.8641,3.30069,24.6737,0.427959,0.425374,1.06988
15.07,-6.33076,78.8202,3.30496,24.6725,0.431512,0.428295,1.07718
15.08,-6.57339,78.7752,3.30926,24.6714,0.434398,0.430543,1.08278
15.09,-6.8158,78.7291,3.31357,24.6703,0.436817,0.43237,1.08733
15.1,-7.058,78.682,3.3179,24.6693,0.438904,0.433932,1.09121
15.11,-7.29997,78.6338,3.32227,24.6678,0.445112,0.440807,1.10844
15.12,-7.54169,78.5845,3.32673,24.6661,0.453316,0.449808,1.13099
15.13,-7.78317,78.534,3.33126,24.6646,0.459341,0.455836,1.14608
15.14,-8.02438,78.4824,3.33584,24.6632,0.463922,0.460033,1.15656
15.15,-8.26533,78.4296,3.34046,24.6619,0.467529,0.463101,1.16422
15.16,-8.50602,78.3756,3.34511,24.6607,0.47047,0.465466,1.1701
15.17,-8.74644,78.3206,3.34977,24.6595,0.472948,0.467394,1.1749
15.18,-8.98658,78.2643,3.35446,24.6584,0.475098,0.469048,1.179
15.19,-9.22644,78.207,3.35916,24.6572,0.478557,0.472494,1.1876
15.2,-9.46599,78.1484,3.36393,24.6554,0.486434,0.481301,1.20965
15.21,-9.70523,78.0886,3.36878,24.6538,0.492236,0.487223,1.22446
15.22,-9.94415,78.0276,3.37368,24.6524,0.496669,0.491374,1.23481
15.23,-10.1827,77.9654,3.37861,24.651,0.500184,0.494433,1.24243
15.24,-10.421,77.902,3.38357,24.6497,0.503074,0.496816,1.24836
15.25,-10.6589,77.8374,3.38855,24.6485,0.505531,0.498778,1.25323
15.26,-10.8965,77.7716,3.39354,24.6473,0.507684,0.500479,1.25744
15.27,-11.1337,77.7046,3.39856,24.6462,0.509621,0.502014,1.26124
15.28,-11.3706,77.6363,3.40361,24.6445,0.515835,0.508957,1.27859
15.29,-11.6071,77.5668,3.40873,24.6429,0.521415,0.514816,1.29323
15.3,-11.8432,77.496,3.41391,24.6414,0.525694,0.518941,1.30351
15.31,-12.0789,77.424,3.41911,24.6401,0.529107,0.522,1.31112
15.32,-12.3142,77.3507,3.42435,24.6387,0.531934,0.524401,1.31708
15.33,-12.5491,77.2762,3.4296,24.6375,0.534358,0.526395,1.32202
15.34,-12.7836,77.2004,3.43488,24.6363,0.536501,0.528135,1.32633
15.35,-13.0176,77.1233,3.44017,24.6351,0.538446,0.529719,1.33024
15.36,-13.2513,77.045,3.44548,24.6337,0.542483,0.534013,1.34095
15.37,-13.4844,76.9654,3.45085,24.6321,0.547526,0.539379,1.35433
15.38,-13.7171,76.8845,3.45627,24.6306,0.551438,0.54321,1.36388
15.39,-13.9494,76.8023,3.46172,24.6293,0.5546,0.5461,1.37106
15.4,-14.1812,76.7189,3.46719,24.628,0.557259,0.548411,1.37678
15.41,-14.4125,76.6341,3.47268,24.6267,0.559573,0.550364,1.38162
15.42,-14.6433,76.548,3.4782,24.6255,0.561649,0.552096,1.3859
15.43,-14.8736,76.4607,3.48373,24.6243,0.563558,0.553692,1.38984
15.44,-15.1034,76.3721,3.48927,24.6231,0.565688,0.55564,1.39466
15.45,-15.3326,76.2821,3.49486,24.6216,0.570145,0.560464,1.40668
15.46,-15.5614,76.1909,3.50048,24.6202,0.573653,0.563968,1.41539
15.47,-15.7896,76.0983,3.50614,24.6189,0.576537,0.566664,1.42208
15.48,-16.0172,76.0044,3.51182,24.6176,0.579003,0.568865,1.42753
15.49,-16.2443,75.9092,3.51752,24.6164,0.581188,0.570763,1.43222
15.5,-16.4709,75.8127,3.52323,24.6152,0.583178,0.572474,1.43645
15.51,-16.6968,75.7149,3.52897,24.6141,0.585034,0.574071,1.44039
15.52,-16.9222,75.6158,3.53472,24.6129,0.586796,0.575599,1.44416
15.53,-17.147,75.5154,3.54049,24.6116,0.589779,0.578691,1.45184
15.54,-17.3711,75.4136,3.54629,24.6103,0.592742,0.581673,1.45924
15.55,-17.5947,75.3105,3.55212,24.6091,0.595249,0.584053,1.46514
15.56,-17.8176,75.2061,3.55797,24.6079,0.597455,0.586066,1.47012
15.57,-18.0399,75.1004,3.56384,24.6067,0.599459,0.587855,1.47454
15.58,-18.2615,74.9934,3.56973,24.6056,0.601327,0.589509,1.47862
15.59,-18.4825,74.885,3.57564,24.6045,0.603101,0.591081,1.48249
15.6,-18.7029,74.7754,3.58155,24.6034,0.60481,0.592606,1.48625
15.61,-18.9225,74.6644,3.58749,24.6023,0.606719,0.594411,1.49071
15.62,-19.1415,74.5521,3.59345,24.6011,0.608974,0.596636,1.49622
15.63,-19.3598,74.4385,3.59942,24.6,0.610996,0.598554,1.50096
15.64,-19.5773,74.3235,3.60542,24.5989,0.612866,0.600285,1.50524
15.65,-19.7942,74.2073,3.61143,24.5978,0.614637,0.601906,1.50923
15.66,-20.0103,74.0897,3.61746,24.5968,0.616341,0.603462,1.51307
15.67,-20.2258,73.9708,3.6235,24.5957,0.618002,0.604981,1.51681
15.68,-20.4404,73.8506,3.62956,24.5947,0.619635,0.606482,1.52051
15.69,-20.6544,73.7291,3.63563,24.5937,0.62125,0.607973,1.52419
15.7,-20.8675,73.6063,3.64172,24.5927,0.622645,0.609203,1.52721
15.71,-21.0799,73.4822,3.64782,24.5917,0.624064,0.610488,1.53037
15.72,-21.2915,73.3568,3.65393,24.5907,0.625519,0.611831,1.53368
15.73,-21.5024,73.2301,3.66006,24.5898,0.626999,0.613215,1.53709
15.74,-21.7124,73.1021,3.6662,24.5888,0.628499,0.614628,1.54057
15.75,-21.9216,72.9728,3.67235,24.5878,0.630016,0.616064,1.5441
15.76,-22.13,72.8422,3.67852,24.5869,0.631548,0.617517,1.54769
15.77,-22.3376,72.7103,3.6847,24.5859,0.633094,0.618986,1.55131
15.78,-22.5444,72.5771,3.6909,24.5851,0.634075,0.619743,1.55315
15.79,-22.7503,72.4426,3.6971,24.5843,0.634762,0.620198,1.55424
15.8,-22.9553,72.3069,3.7033,24.5834,0.635715,0.62103,1.55627
15.81,-23.1595,72.1698,3.70952,24.5826,0.636847,0.6221,1.5589
15.82,-23.3629,72.0315,3.71575,24.5817,0.638102,0.62332,1.5619
15.83,-23.5653,71.892,3.72199,24.5809,0.639445,0.624638,1.56515
15.84,-23.7669,71.7511,3.72824,24.58,0.640853,0.626021,1.56856
15.85,-23.9675,71.609,3.73451,24.5791,0.64231,0.62745,1.57209
15.86,-24.1673,71.4657,3.74079,24.5783,0.643806,0.628912,1.5757
15.87,-24.3661,71.3211,3.74708,24.5777,0.643547,0.6282,1.57387
15.88,-24.564,71.1752,3.75336,24.577,0.643859,0.628314,1.57412
15.89,-24.761,71.0281,3.75964,24.5763,0.64455,0.62894,1.57564
15.9,-24.9571,70.8798,3.76594,24.5756,0.645497,0.629885,1.57796
15.91,-25.1522,70.7302,3.77224,24.5748,0.646622,0.631033,1.58079
15.92,-25.3463,70.5794,3.77856,24.5741,0.647873,0.632312,1.58394
15.93,-25.5395,70.4273,3.78489,24.5733,0.649216,0.633677,1.58731
15.94,-25.7316,70.2741,3.79124,24.5725,0.65063,0.635101,1.59083
15.95,-25.9228,70.1196,3.79759,24.572,0.650546,0.634628,1.58961
15.96,-26.113,69.9639,3.80393,24.5715,0.650134,0.633883,1.58771
15.97,-26.3022,69.807,3.81027,24.5709,0.65033,0.633979,1.58791
15.98,-26.4905,69.6489,3.81661,24.5703,0.650932,0.634595,1.58942
15.99,-26.6776,69.4896,3.82296,24.5697,0.651813,0.635537,1.59174
16,-26.8638,69.3291,3.82932,24.569,0.652889,0.636687,1.59458
16.01,-27.0489,69.1675,3.8357,24.5684,0.654105,0.637972,1.59775
16.02,-27.233,69.0046,3.84208,24.5677,0.655425,0.639346,1.60115
16.03,-27.416,68.8406,3.84849,24.567,0.656476,0.640339,1.60359
16.04,-27.598,68.6754,3.85488,24.5667,0.65511,0.63837,1.59864
16.05,-27.7789,68.5091,3.86126,24.5664,0.654662,0.63771,1.59696
16.06,-27.9587,68.3416,3.86763,24.5659,0.654822,0.637858,1.59731
16.07,-28.1375,68.173,3.87402,24.5654,0.655394,0.638509,1.5989
16.08,-28.3152,68.0033,3.88041,24.5649,0.656249,0.639475,1.60129
16.09,-28.4918,67.8324,3.88681,24.5643,0.657306,0.640643,1.60417
16.1,-28.6672,67.6603,3.89322,24.5637,0.658508,0.641943,1.60739
16.11,-28.8416,67.4872,3.89965,24.5631,0.659818,0.643331,1.61083
16.12,-29.0148,67.3129,3.90608,24.5628,0.659034,0.642057,1.60762
16.13,-29.1869,67.1375,3.91249,24.5626,0.657799,0.640411,1.60348
16.14,-29.3579,66.9611,3.91889,24.5623,0.657424,0.639949,1.6023
16.15,-29.5277,66.7835,3.92529,24.5619,0.657625,0.640219,1.60296
16.16,-29.6964,66.6049,3.9317,24.5615,0.658219,0.640946,1.60475
16.17,-29.8639,66.4251,3.93811,24.561,0.659087,0.641963,1.60726
16.18,-30.0303,66.2444,3.94454,24.5605,0.66015,0.643165,1.61024
16.19,-30.1955,66.0625,3.95098,24.56,0.661357,0.644489,1.61352
16.2,-30.3595,65.8796,3.95743,24.5595,0.66223,0.645332,1.6156
16.21,-30.5224,65.6956,3.96386,24.5595,0.660038,0.642415,1.6083
16.22,-30.684,65.5106,3.97028,24.5594,0.65902,0.641168,1.60517
16.23,-30.8445,65.3246,3.97669,24.5591,0.65878,0.64095,1.60461
16.24,-31.0038,65.1375,3.9831,24.5588,0.659066,0.641372,1.60564
16.25,-31.1618,64.9494,3.98952,24.5585,0.659714,0.642195,1.60768
16.26,-31.3187,64.7603,3.99595,24.5581,0.660617,0.643272,1.61035
16.27,-31.4743,64.5702,4.00239,24.5576,0.661705,0.644515,1.61343
16.28,-31.6287,64.3791,4.00884,24.5572,0.662929,0.645866,1.61678
16.29,-31.7818,64.187,4.01529,24.5571,0.661669,0.644056,1.61225
16.3,-31.9337,63.994,4.02172,24.5571,0.659878,0.641808,1.60662
16.31,-32.0844,63.8,4.02813,24.557,0.659116,0.640971,1.60452
16.32,-32.2338,63.605,4.03454,24.5568,0.65904,0.641005,1.60459
16.33,-32.382,63.409,4.04095,24.5566,0.659433,0.641583,1.60602
16.34,-32.5289,63.2122,4.04738,24.5563,0.660153,0.642504,1.60831
16.35,-32.6745,63.0143,4.05381,24.5559,0.661105,0.643644,1.61114
16.36,-32.8189,62.8156,4.06025,24.5555,0.662227,0.644928,1.61433
16.37,-32.9619,62.6159,4.06671,24.5552,0.662976,0.645669,1.61616
16.38,-33.1037,62.4153,4.07314,24.5554,0.660256,0.642153,1.60737
16.39,-33.2442,62.2138,4.07955,24.5554,0.658872,0.640533,1.60332
16.4,-33.3834,62.0114,4.08595,24.5554,0.658372,0.640081,1.60218
16.41,-33.5213,61.8081,4.09236,24.5552,0.658469,0.640353,1.60286
16.42,-33.6579,61.604,4.09876,24.555,0.658978,0.641079,1.60466
16.43,-33.7932,61.3989,4.10518,24.5547,0.659776,0.642092,1.60718
16.44,-33.9271,61.193,4.11161,24.5544,0.660783,0.643292,1.61016
16.45,-34.0597,60.9863,4.11805,24.5541,0.661943,0.644613,1.61345
16.46,-34.191,60.7787,4.12449,24.5542,0.660394,0.642483,1.60812
16.47,-34.321,60.5702,4.1309,24.5544,0.65827,0.639879,1.60161
16.48,-34.4496,60.361,4.13729,24.5544,0.657271,0.638817,1.59896
16.49,-34.5769,60.1509,4.14368,24.5543,0.657025,0.638707,1.59868
16.5,-34.7029,59.94,4.15007,24.5542,0.657291,0.639192,1.59988
16.51,-34.8275,59.7284,4.15646,24.554,0.657915,0.640049,1.60202
16.52,-34.9507,59.5159,4.16287,24.5538,0.658792,0.641146,1.60475
16.53,-35.0726,59.3026,4.16929,24.5535,0.659855,0.642398,1.60786
16.54,-35.1931,59.0886,4.17572,24.5533,0.661056,0.643754,1.61124
16.55,-35.3122,58.8738,4.18213,24.5536,0.657864,0.639643,1.60097
16.56,-35.4299,58.6582,4.18851,24.5538,0.656156,0.637652,1.596
16.57,-35.5463,58.4419,4.19489,24.5539,0.655429,0.636966,1.59429
16.58,-35.6613,58.2249,4.20126,24.5538,0.655364,0.637088,1.59459
16.59,-35.775,58.0071,4.20763,24.5537,0.655752,0.637716,1.59616
16.6,-35.8872,57.7886,4.21401,24.5536,0.656459,0.638663,1.59852
16.61,-35.998,57.5694,4.22041,24.5534,0.657395,0.639816,1.60139
16.62,-36.1074,57.3495,4.22681,24.5531,0.658499,0.641104,1.6046
16.63,-36.2154,57.1289,4.23322,24.5532,0.657231,0.639346,1.6002
16.64,-36.322,56.9077,4.23959,24.5535,0.654787,0.636352,1.59273
16.65,-36.4273,56.6857,4.24595,24.5537,0.653567,0.635045,1.58947
16.66,-36.5311,56.4631,4.2523,24.5538,0.653162,0.634779,1.58881
16.67,-36.6335,56.2398,4.25865,24.5537,0.653313,0.635161,1.58976
16.68,-36.7344,56.0159,4.265,24.5536,0.653849,0.63595,1.59173
16.69,-36.834,55.7914,4.27137,24.5535,0.654658,0.636998,1.59435
16.7,-36.9321,55.5662,4.27775,24.5533,0.655667,0.638215,1.59738
16.71,-37.0287,55.3404,4.28413,24.5531,0.656823,0.639543,1.60069
16.72,-37.1239,55.114,4.29051,24.5535,0.653877,0.635739,1.59119
16.73,-37.2177,54.887,4.29685,24.5538,0.65195,0.633484,1.58557
16.74,-37.3101,54.6594,4.30318,24.5539,0.65107,0.63263,1.58344
16.75,-37.401,54.4312,4.30951,24.554,0.650893,0.632643,1.58347
16.76,-37.4905,54.2024,4.31584,24.5539,0.651198,0.633197,1.58486
16.77,-37.5785,53.9731,4.32217,24.5539,0.651841,0.634094,1.5871
16.78,-37.6651,53.7433,4.32852,24.5537,0.652725,0.63521,1.58988
16.79,-37.7502,53.5129,4.33488,24.5536,0.653787,0.636469,1.59303
16.8,-37.8338,53.2819,4.34125,24.5537,0.652929,0.635236,1.58995
16.81,-37.916,53.0504,4.34758,24.5541,0.65028,0.631973,1.58181
16.82,-37.9967,52.8185,4.35389,24.5543,0.648916,0.630496,1.57812
16.83,-38.076,52.586,4.36019,24.5544,0.64841,0.630119,1.57719
16.84,-38.1538,52.353,4.36649,24.5544,0.648485,0.630427,1.57796
16.85,-38.2301,52.1195,4.3728,24.5544,0.648963,0.631165,1.57981
16.86,-38.305,51.8856,4.37912,24.5543,0.649726,0.632176,1.58233
16.87,-38.3783,51.6512,4.38545,24.5542,0.650696,0.633364,1.5853
16.88,-38.4502,51.4163,4.39179,24.5541,0.65182,0.634669,1.58855
16.89,-38.5206,51.181,4.39812,24.5544,0.649258,0.631337,1.58024
16.9,-38.5895,50.9452,4.40442,24.5548,0.647196,0.628902,1.57416
16.91,-38.657,50.709,4.4107,24.555,0.646221,0.627932,1.57175
16.92,-38.7229,50.4724,4.41698,24.5551,0.645974,0.627868,1.57159
16.93,-38.7874,50.2354,4.42326,24.5551,0.646227,0.62837,1.57285
16.94,-38.8504,49.998,4.42955,24.5551,0.646828,0.629229,1.575
16.95,-38.9119,49.7601,4.43585,24.555,0.647679,0.630316,1.57772
16.96,-38.9719,49.5219,4.44216,24.5549,0.648712,0.631552,1.5808
16.97,-39.0304,49.2834,4.44847,24.5549,0.648331,0.630926,1.57924
16.98,-39.0874,49.0444,4.45476,24.5554,0.645557,0.62748,1.57064
16.99,-39.1429,48.8052,4.46103,24.5556,0.644108,0.625886,1.56667
17,-39.1969,48.5655,4.46728,24.5558,0.643541,0.625434,1.56555
17.01,-39.2494,48.3256,4.47354,24.5559,0.64357,0.62569,1.56619
17.02,-39.3004,48.0853,4.4798,24.5559,0.644013,0.626391,1.56795
17.03,-39.3499,47.8447,4.48607,24.5558,0.644747,0.627374,1.57041
17.04,-39.3979,47.6038,4.49235,24.5558,0.645692,0.628539,1.57332
17.05,-39.4443,47.3626,4.49864,24.5556,0.646793,0.629825,1.57653
17.06,-39.4893,47.1211,4.50493,24.556,0.64469,0.627053,1.56961
17.07,-39.5327,46.8793,4.51118,24.5563,0.642548,0.624495,1.56323
17.08,-39.5747,46.6372,4.51742,24.5566,0.641518,0.623446,1.56062
17.09,-39.6151,46.3949,4.52366,24.5567,0.641232,0.623329,1.56034
17.1,-39.6541,46.1524,4.52989,24.5567,0.641454,0.623793,1.5615
17.11,-39.6915,45.9096,4.53613,24.5567,0.64203,0.624624,1.56358
17.12,-39.7274,45.6666,4.54239,24.5567,0.642859,0.625689,1.56624
17.13,-39.7618,45.4234,4.54865,24.5566,0.643873,0.626907,1.56928
17.14,-39.7946,45.1799,4.55492,24.5566,0.643996,0.626919,1.56932
17.15,-39.8259,44.9363,4.56117,24.5571,0.64115,0.623348,1.56041
17.16,-39.8558,44.6924,4.56739,24.5574,0.639654,0.621673,1.55623
17.17,-39.8841,44.4484,4.57361,24.5575,0.639053,0.621167,1.55498
17.18,-39.9109,44.2042,4.57982,24.5576,0.639057,0.621386,1.55553
17.19,-39.9362,43.9599,4.58604,24.5576,0.639478,0.62206,1.55722
17.2,-39.9599,43.7154,4.59226,24.5576,0.640195,0.623022,1.55963
17.21,-39.9822,43.4707,4.5985,24.5576,0.641124,0.62417,1.5625
17.22,-40.0029,43.2259,4.60475,24.5574,0.64221,0.62544,1.56567
17.23,-40.022,42.981,4.611,24.5577,0.640595,0.623266,1.56024
17.24,-40.0397,42.736,4.61721,24.5581,0.638408,0.620619,1.55364
17.25,-40.0558,42.4909,4.62341,24.5583,0.637347,0.619512,1.55089
17.26,-40.0705,42.2456,4.62961,24.5585,0.637039,0.619357,1.55051
17.27,-40.0836,42.0003,4.6358,24.5585,0.637244,0.619794,1.5516
17.28,-40.0952,41.7549,4.642,24.5585,0.637806,0.620603,1.55363
17.29,-40.1053,41.5095,4.64822,24.5585,0.638623,0.621651,1.55625
17.3,-40.1138,41.2639,4.65444,24.5584,0.639624,0.622854,1.55926
17.31,-40.1208,41.0184,4.66067,24.5584,0.640255,0.623511,1.5609
17.32,-40.1263,40.7728,4.66689,24.5588,0.637365,0.619843,1.55175
17.33,-40.1302,40.5271,4.67307,24.5591,0.635841,0.618107,1.54742
17.34,-40.1327,40.2815,4.67925,24.5593,0.635221,0.61756,1.54606
17.35,-40.1337,40.0358,4.68543,24.5594,0.63521,0.617751,1.54654
17.36,-40.1331,39.7901,4.69161,24.5594,0.635621,0.618404,1.54818
17.37,-40.131,39.5445,4.6978,24.5594,0.636327,0.619349,1.55055
17.38,-40.1274,39.2988,4.704,24.5593,0.637247,0.620483,1.55338
17.39,-40.1222,39.0532,4.71021,24.5592,0.638323,0.621741,1.55652
17.4,-40.1155,38.8076,4.71642,24.5595,0.637198,0.620169,1.5526
17.41,-40.1074,38.5621,4.72261,24.5598,0.634981,0.617449,1.54581
17.42,-40.0977,38.3166,4.72878,24.5601,0.633901,0.616294,1.54294
17.43,-40.0865,38.0711,4.73494,24.5602,0.63358,0.616107,1.54248
17.44,-40.0738,37.8258,4.7411,24.5603,0.633775,0.616521,1.54352
17.45,-40.0596,37.5805,4.74727,24.5603,0.634329,0.617314,1.5455
17.46,-40.0438,37.3353,4.75345,24.5602,0.635137,0.618348,1.54809
17.47,-40.0265,37.0903,4.75964,24.5601,0.636131,0.619539,1.55107
17.48,-40.0078,36.8453,4.76584,24.56,0.637262,0.620835,1.5543
17.49,-39.9874,36.6004,4.77203,24.5605,0.634337,0.617077,1.54493
17.5,-39.9657,36.3557,4.77819,24.5608,0.632791,0.615285,1.54046
17.51,-39.9424,36.1111,4.78434,24.561,0.632157,0.614701,1.53901
17.52,-39.9176,35.8667,4.79048,24.5611,0.632137,0.614867,1.53943
17.53,-39.8913,35.6224,4.79663,24.5611,0.63254,0.615502,1.54102
17.54,-39.8635,35.3783,4.80279,24.5611,0.63324,0.616433,1.54335
17.55,-39.8342,35.1344,4.80896,24.561,0.634153,0.617556,1.54615
17.56,-39.8034,34.8906,4.81515,24.5609,0.635223,0.618804,1.54927
17.57,-39.771,34.6471,4.82134,24.561,0.634578,0.617825,1.54683
17.58,-39.7372,34.4037,4.8275,24.5614,0.632331,0.61503,1.53986
17.59,-39.7019,34.1606,4.83364,24.5616,0.631234,0.613828,1.53686
17.6,-39.6651,33.9176,4.83978,24.5617,0.630901,0.61361,1.53632
17.61,-39.6268,33.6749,4.84591,24.5618,0.631088,0.614003,1.53731
17.62,-39.587,33.4325,4.85206,24.5618,0.631635,0.614781,1.53926
17.63,-39.5458,33.1903,4.85821,24.5617,0.632438,0.615803,1.54181
17.64,-39.503,32.9483,4.86438,24.5617,0.633426,0.616984,1.54477
17.65,-39.4587,32.7067,4.87055,24.5615,0.634551,0.61827,1.54798
17.66,-39.4129,32.4653,4.87672,24.5619,0.632081,0.615055,1.53995
17.67,-39.3657,32.2241,4.88286,24.5622,0.630511,0.613201,1.53533
17.68,-39.317,31.9833,4.88899,24.5624,0.629861,0.612579,1.53378
17.69,-39.2669,31.7428,4.89511,24.5625,0.629831,0.612719,1.53414
17.7,-39.2152,31.5026,4.90124,24.5625,0.630227,0.613336,1.53568
17.71,-39.1621,31.2627,4.90738,24.5624,0.630921,0.614254,1.53798
17.72,-39.1075,31.0231,4.91353,24.5624,0.631829,0.615367,1.54076
17.73,-39.0514,30.7839,4.91969,24.5623,0.632894,0.616606,1.54386
17.74,-38.9939,30.545,4.92586,24.5623,0.632714,0.616206,1.54286
17.75,-38.9349,30.3065,4.932,24.5627,0.630429,0.613325,1.53567
17.76,-38.8744,30.0684,4.93813,24.5629,0.629308,0.612069,1.53254
17.77,-38.8125,29.8306,4.94425,24.563,0.62896,0.611817,1.53191
17.78,-38.7491,29.5932,4.95037,24.5631,0.629137,0.612187,1.53284
17.79,-38.6843,29.3562,4.95649,24.563,0.629677,0.612949,1.53475
17.8,-38.618,29.1196,4.96263,24.563,0.630474,0.613959,1.53728
17.81,-38.5503,28.8834,4.96877,24.5629,0.631457,0.615131,1.5402
17.82,-38.4811,28.6476,4.97493,24.5628,0.632578,0.61641,1.5434
17.83,-38.4104,28.4123,4.98108,24.5631,0.63054,0.613713,1.53666
17.84,-38.3384,28.1774,4.98721,24.5634,0.628934,0.611785,1.53186
17.85,-38.2649,27.9429,4.99332,24.5635,0.628263,0.611117,1.53019
17.86,-38.19,27.7089,4.99943,24.5636,0.628219,0.611228,1.53047
17.87,-38.1136,27.4753,5.00555,24.5636,0.628605,0.611825,1.53197
17.88,-38.0358,27.2423,5.01167,24.5635,0.629292,0.61273,1.53423
17.89,-37.9566,27.0097,5.01781,24.5635,0.630194,0.613832,1.53699
17.9,-37.8759,26.7776,5.02395,24.5633,0.631254,0.615064,1.54006
17.91,-37.7938,26.546,5.03011,24.5633,0.631528,0.615233,1.54049
17.92,-37.7103,26.3149,5.03624,24.5637,0.629188,0.612245,1.53303
17.93,-37.6254,26.0843,5.04236,24.5639,0.628032,0.610924,1.52973
17.94,-37.5391,25.8542,5.04846,24.564,0.627663,0.61063,1.529
17.95,-37.4514,25.6247,5.05457,24.564,0.627825,0.610974,1.52987
17.96,-37.3623,25.3957,5.06068,24.564,0.628356,0.611718,1.53173
17.97,-37.2718,25.1673,5.06681,24.564,0.629145,0.612717,1.53423
17.98,-37.1799,24.9394,5.07294,24.5638,0.630122,0.61388,1.53713
17.99,-37.0865,24.7121,5.07909,24.5637,0.631238,0.615152,1.54031
18,-36.9918,24.4854,5.08523,24.5639,0.629613,0.612951,1.53481
18.01,-36.8957,24.2592,5.09135,24.5642,0.627957,0.610934,1.52978
18.02,-36.7983,24.0336,5.09745,24.5644,0.627253,0.610209,1.52797
18.03,-36.6994,23.8087,5.10355,24.5644,0.627189,0.610285,1.52816
18.04,-36.5992,23.5843,5.10966,24.5644,0.627561,0.610859,1.5296
18.05,-36.4976,23.3606,5.11577,24.5644,0.628238,0.611749,1.53183
18.06,-36.3947,23.1374,5.1219,24.5643,0.629134,0.612841,1.53456
18.07,-36.2903,22.915,5.12803,24.5642,0.630188,0.614065,1.53761
18.08,-36.1846,22.6932,5.13418,24.5641,0.630909,0.6148,1.53945
18.09,-36.0776,22.472,5.14031,24.5644,0.628493,0.611681,1.53166
18.1,-35.9692,22.2514,5.14641,24.5646,0.62729,0.610279,1.52816
18.11,-35.8595,22.0316,5.15251,24.5647,0.626891,0.609935,1.52731
18.12,-35.7484,21.8124,5.15862,24.5648,0.627033,0.610248,1.52809
18.13,-35.636,21.5939,5.16472,24.5647,0.62755,0.610972,1.5299
18.14,-35.5222,21.3761,5.17084,24.5646,0.62833,0.611957,1.53237
18.15,-35.4072,21.1589,5.17696,24.5645,0.6293,0.613111,1.53525
18.16,-35.2907,20.9426,5.1831,24.5644,0.63041,0.614376,1.53841
18.17,-35.173,20.7269,5.18924,24.5646,0.629181,0.612657,1.53411
18.18,-35.0539,20.5119,5.19535,24.5648,0.627458,0.61053,1.5288
18.19,-34.9336,20.2977,5.20145,24.565,0.626712,0.609737,1.52683
18.2,-34.8119,20.0842,5.20755,24.565,0.62662,0.609771,1.52691
18.21,-34.689,19.8714,5.21365,24.565,0.626973,0.610319,1.52829
18.22,-34.5647,19.6594,5.21976,24.565,0.627637,0.611191,1.53047
18.23,-34.4392,19.4482,5.22588,24.5649,0.628523,0.612271,1.53317
18.24,-34.3123,19.2377,5.23201,24.5647,0.62957,0.613487,1.5362
18.25,-34.1842,19.0281,5.23815,24.5646,0.630738,0.614794,1.53946
18.26,-34.0547,18.8192,5.24428,24.5649,0.628227,0.611517,1.53128
18.27,-33.924,18.6111,5.25038,24.5651,0.626962,0.610019,1.52754
18.28,-33.7921,18.4038,5.25648,24.5652,0.626522,0.609615,1.52654
18.29,-33.6589,18.1973,5.26258,24.5652,0.626638,0.60989,1.52723
18.3,-33.5244,17.9916,5.26868,24.5652,0.627136,0.610591,1.52898
18.31,-33.3887,17.7868,5.27479,24.5651,0.627904,0.611561,1.5314
18.32,-33.2517,17.5828,5.28091,24.565,0.628865,0.612704,1.53426
18.33,-33.1134,17.3796,5.28705,24.5648,0.629968,0.613962,1.5374
18.34,-32.9739,17.1774,5.29318,24.565,0.629126,0.612719,1.53429
18.35,-32.8332,16.9759,5.2993,24.5652,0.62732,0.610461,1.52866
18.36,-32.6913,16.7753,5.3054,24.5654,0.62652,0.609588,1.52648
18.37,-32.5481,16.5756,5.31149,24.5654,0.626391,0.609572,1.52644
18.38,-32.4038,16.3767,5.31759,24.5654,0.626721,0.610089,1.52773
18.39,-32.2582,16.1787,5.3237,24.5653,0.627369,0.610941,1.52987
18.4,-32.1114,15.9817,5.32981,24.5652,0.628243,0.612009,1.53253
18.41,-31.9634,15.7855,5.33594,24.5651,0.629281,0.613216,1.53555
18.42,-31.8142,15.5903,5.34208,24.5649,0.630443,0.614516,1.53879
18.43,-31.6638,15.396,5.34821,24.5652,0.628274,0.611647,1.53163
18.44,-31.5122,15.2025,5.35431,24.5654,0.626933,0.610035,1.5276
18.45,-31.3594,15.01,5.36041,24.5655,0.626444,0.609562,1.52642
18.46,-31.2055,14.8185,5.36651,24.5655,0.626527,0.609794,1.527
18.47,-31.0504,14.6279,5.37261,24.5655,0.627003,0.610467,1.52869
18.48,-30.8942,14.4382,5.37872,24.5654,0.627754,0.611419,1.53107
18.49,-30.7368,14.2495,5.38484,24.5653,0.628704,0.612552,1.53389
18.5,-30.5782,14.0618,5.39097,24.5651,0.629799,0.613802,1.53702
18.51,-30.4185,13.8751,5.39711,24.5652,0.629342,0.613037,1.5351
18.52,-30.2576,13.6893,5.40323,24.5654,0.627436,0.610628,1.52909
18.53,-30.0956,13.5045,5.40933,24.5656,0.62657,0.609662,1.52668
18.54,-29.9325,13.3207,5.41542,24.5656,0.626399,0.609588,1.5265
18.55,-29.7683,13.1379,5.42152,24.5656,0.626699,0.610069,1.5277
18.56,-29.603,12.9561,5.42763,24.5655,0.627327,0.6109,1.52977
18.57,-29.4365,12.7753,5.43374,24.5654,0.628187,0.611953,1.5324
18.58,-29.269,12.5956,5.43987,24.5653,0.629215,0.61315,1.53539
18.59,-29.1003,12.4169,5.446,24.5651,0.630369,0.614445,1.53862
18.6,-28.9306,12.2392,5.45213,24.5654,0.628224,0.611608,1.53154
18.61,-28.7597,12.0625,5.45824,24.5656,0.626902,0.610018,1.52757
18.62,-28.5878,11.8869,5.46434,24.5657,0.626425,0.609559,1.52643
18.63,-28.4149,11.7124,5.47043,24.5657,0.626516,0.609799,1.52703
18.64,-28.2409,11.5389,5.47653,24.5657,0.626998,0.610477,1.52872
18.65,-28.0658,11.3664,5.48264,24.5656,0.627754,0.611433,1.53111
18.66,-27.8896,11.1951,5.48877,24.5654,0.628706,0.612567,1.53394
18.67,-27.7124,11.0248,5.4949,24.5653,0.629804,0.613818,1.53706
18.68,-27.5342,10.8557,5.50104,24.5653,0.629744,0.613546,1.53638
18.69,-27.3549,10.6876,5.50716,24.5655,0.627727,0.610968,1.52995
18.7,-27.1747,10.5206,5.51326,24.5657,0.62679,0.6099,1.52728
18.71,-26.9934,10.3547,5.51936,24.5657,0.626572,0.609762,1.52694
18.72,-26.8111,10.1899,5.52546,24.5657,0.626841,0.610204,1.52804
18.73,-26.6278,10.0263,5.53157,24.5656,0.627447,0.61101,1.53006
18.74,-26.4435,9.86374,5.53768,24.5655,0.628291,0.612048,1.53265
18.75,-26.2581,9.70234,5.54381,24.5654,0.629309,0.613235,1.53561
18.76,-26.0719,9.5421,5.54995,24.5652,0.630456,0.614523,1.53883
18.77,-25.8846,9.383,5.55608,24.5654,0.628633,0.612073,1.53271
18.78,-25.6963,9.22503,5.56219,24.5656,0.627214,0.610346,1.52839
18.79,-25.5072,9.06821,5.56829,24.5657,0.626673,0.609801,1.52704
18.8,-25.317,8.91254,5.57439,24.5657,0.626722,0.609989,1.52751
18.81,-25.1259,8.75804,5.58049,24.5657,0.627174,0.610634,1.52912
18.82,-24.9339,8.60471,5.58661,24.5656,0.627909,0.611569,1.53145
18.83,-24.7409,8.45257,5.59273,24.5655,0.628847,0.61269,1.53425
18.84,-24.547,8.30162,5.59886,24.5653,0.629934,0.613933,1.53735
18.85,-24.3522,8.15187,5.60501,24.5652,0.630273,0.614166,1.53793
18.86,-24.1564,8.00331,5.61113,24.5655,0.628126,0.611398,1.53102
18.87,-23.9598,7.85594,5.61724,24.5657,0.627104,0.610212,1.52806
18.88,-23.7623,7.70976,5.62334,24.5657,0.626829,0.610003,1.52754
18.89,-23.5638,7.56479,5.62944,24.5657,0.627059,0.610401,1.52853
18.9,-23.3645,7.42104,5.63555,24.5656,0.627639,0.611178,1.53048
18.91,-23.1644,7.27852,5.64166,24.5655,0.628465,0.612198,1.53302
18.92,-22.9633,7.13723,5.64779,24.5654,0.629469,0.613375,1.53596
18.93,-22.7614,6.99719,5.65393,24.5652,0.630606,0.614655,1.53916
18.94,-22.5586,6.85839,5.66007,24.5654,0.62911,0.612602,1.53403
18.95,-22.355,6.72082,5.66619,24.5656,0.627583,0.610723,1.52933
18.96,-22.1505,6.58449,5.67229,24.5657,0.626971,0.610085,1.52774
18.97,-21.9452,6.4494,5.67839,24.5657,0.626972,0.610215,1.52807
18.98,-21.7391,6.31557,5.6845,24.5657,0.627391,0.610825,1.52959
18.99,-21.5322,6.18301,5.69061,24.5656,0.628104,0.611737,1.53187
19,-21.3245,6.05173,5.69673,24.5654,0.629025,0.612843,1.53463
19.01,-21.116,5.92173,5.70287,24.5653,0.6301,0.614077,1.53771
19.02,-20.9066,5.79302,5.70902,24.5651,0.630851,0.614836,1.53961
19.03,-20.6965,5.66559,5.71515,24.5654,0.628562,0.611862,1.53218
19.04,-20.4857,5.53944,5.72126,24.5656,0.627447,0.61055,1.5289
19.05,-20.274,5.41456,5.72736,24.5657,0.62711,0.610262,1.52819
19.06,-20.0616,5.29098,5.73346,24.5657,0.627298,0.610611,1.52906
19.07,-19.8485,5.16871,5.73957,24.5656,0.627848,0.611358,1.53093
19.08,-19.6346,5.04774,5.74569,24.5655,0.628654,0.612359,1.53342
19.09,-19.4199,4.9281,5.75182,24.5653,0.629644,0.613523,1.53633
19.1,-19.2045,4.80978,5.75796,24.5651,0.630769,0.614796,1.53951
19.11,-18.9884,4.6928,5.76411,24.5653,0.629609,0.613154,1.5354
19.12,-18.7716,4.57712,5.77023,24.5655,0.627966,0.611111,1.5303
19.13,-18.5541,4.46276,5.77633,24.5656,0.627277,0.610373,1.52846
19.14,-18.3359,4.34973,5.78244,24.5656,0.627225,0.610441,1.52863
19.15,-18.1171,4.23804,5.78854,24.5656,0.627609,0.611011,1.53006
19.16,-17.8975,4.12768,5.79466,24.5655,0.628297,0.611899,1.53227
19.17,-17.6773,4.01869,5.80078,24.5654,0.629201,0.61299,1.535
19.18,-17.4563,3.91105,5.80692,24.5652,0.630262,0.614214,1.53805
19.19,-17.2348,3.80478,5.81307,24.5651,0.631004,0.614968,1.53993
19.2,-17.0126,3.69987,5.8192,24.5654,0.628714,0.611996,1.53251
19.21,-16.7897,3.5963,5.82531,24.5655,0.627598,0.610685,1.52924
19.22,-16.5663,3.49409,5.83142,24.5656,0.62726,0.610399,1.52852
19.23,-16.3422,3.39324,5.83752,24.5656,0.627446,0.610748,1.5294
19.24,-16.1175,3.29377,5.84363,24.5655,0.627996,0.611495,1.53126
19.25,-15.8922,3.19568,5.84975,24.5654,0.6288,0.612496,1.53376
19.26,-15.6662,3.09898,5.85589,24.5653,0.629789,0.61366,1.53667
19.27,-15.4397,3.00368,5.86203,24.5651,0.630914,0.614932,1.53984
19.28,-15.2127,2.90978,5.86818,24.5651,0.630765,0.614549,1.53888
19.29,-14.985,2.81727,5.87432,24.5652,0.629993,0.6135,1.53626
19.3,-14.7568,2.72616,5.88045,24.5652,0.629917,0.613393,1.53599
19.31,-14.528,2.63645,5.88659,24.5651,0.630308,0.613873,1.53719
19.32,-14.2987,2.54815,5.89273,24.565,0.631021,0.614719,1.5393
19.33,-14.0688,2.46127,5.89889,24.5648,0.631959,0.615797,1.54199
19.34,-13.8385,2.37582,5.90505,24.5646,0.633059,0.617026,1.54506
19.35,-13.6075,2.2918,5.91123,24.5644,0.634278,0.618354,1.54837
19.36,-13.3761,2.20923,5.91742,24.5641,0.635587,0.619748,1.55184
19.37,-13.1442,2.12805,5.92356,24.5651,0.628106,0.61028,1.5282
19.38,-12.9118,2.04823,5.92963,24.5658,0.623459,0.604938,1.51486
19.39,-12.6789,1.96978,5.93566,24.5663,0.620675,0.602133,1.50787
19.4,-12.4455,1.89271,5.94168,24.5666,0.619137,0.600896,1.50479
19.41,-12.2117,1.81704,5.94768,24.5668,0.618449,0.600634,1.50415
19.42,-11.9775,1.74277,5.95369,24.5669,0.618349,0.600985,1.50503
19.43,-11.7428,1.6699,5.95971,24.567,0.618668,0.601724,1.50689
19.44,-11.5076,1.59846,5.96573,24.567,0.619288,0.602713,1.50936
19.45,-11.2721,1.52843,5.97174,24.5677,0.614508,0.596775,1.49454
19.46,-11.0361,1.4597,5.97764,24.5692,0.604729,0.585218,1.46568
19.47,-10.7998,1.39228,5.98345,24.5703,0.598409,0.578522,1.44898
19.48,-10.5631,1.32618,5.98922,24.5712,0.594384,0.574821,1.43976
19.49,-10.326,1.26141,5.99495,24.5718,0.591906,0.572974,1.43517
19.5,-10.0885,1.19797,6.00068,24.5724,0.590493,0.572284,1.43347
19.51,-9.85068,1.13589,6.0064,24.5728,0.589824,0.572322,1.43359
19.52,-9.61249,1.07516,6.01213,24.5732,0.589687,0.572824,1.43487
19.53,-9.37397,1.0158,6.01786,24.5734,0.589937,0.573626,1.4369
19.54,-9.13511,0.957732,6.02351,24.5755,0.576572,0.557433,1.39645
19.55,-8.89595,0.90087,6.02902,24.5772,0.566541,0.546341,1.36876
19.56,-8.65648,0.845233,6.03444,24.5786,0.559935,0.539865,1.35261
19.57,-8.41672,0.790835,6.03982,24.5797,0.555622,0.53624,1.34359
19.58,-8.17667,0.737687,6.04517,24.5806,0.55287,0.534386,1.339
19.59,-7.93633,0.685801,6.05051,24.5814,0.551202,0.533643,1.33718
19.6,-7.69572,0.635184,6.05585,24.5822,0.5503,0.533602,1.33711
19.61,-7.45483,0.585844,6.06118,24.5828,0.54995,0.53401,1.33817
19.62,-7.21369,0.53777,6.0665,24.5842,0.542486,0.525225,1.31623
19.63,-6.9723,0.490819,6.07166,24.5865,0.528425,0.508977,1.27563
19.64,-6.73068,0.44498,6.07669,24.5883,0.519061,0.499262,1.25138
19.65,-6.48883,0.40027,6.08165,24.5899,0.512814,0.493575,1.2372
19.66,-6.24676,0.356702,6.08657,24.5912,0.508672,0.490383,1.22926
19.67,-6.00447,0.314287,6.09146,24.5923,0.505979,0.488748,1.22522
19.68,-5.76198,0.273034,6.09634,24.5933,0.5043,0.488092,1.22363
19.69,-5.51927,0.23295,6.10122,24.5943,0.503344,0.488059,1.22359
19.7,-5.27637,0.194044,6.10611,24.5951,0.502912,0.488426,1.22456
19.71,-5.03328,0.156244,6.11091,24.5975,0.488164,0.470792,1.18046
19.72,-4.79002,0.119432,6.11553,24.5997,0.475348,0.456624,1.14504
19.73,-4.54658,0.083625,6.12005,24.6016,0.466736,0.448131,1.12382
19.74,-4.30299,0.0488363,6.1245,24.6032,0.460933,0.443143,1.11139
19.75,-4.05923,0.0150783,6.12891,24.6046,0.457041,0.440332,1.1044
19.76,-3.81532,-0.0176392,6.13331,24.6059,0.454472,0.438885,1.10083
19.77,-3.57126,-0.0493079,6.13769,24.6071,0.452836,0.438299,1.09941
19.78,-3.32705,-0.0799204,6.14208,24.6081,0.451871,0.438262,1.09937
19.79,-3.08271,-0.109477,6.14645,24.6095,0.447217,0.433268,1.0869
19.8,-2.83823,-0.138119,6.15067,24.6121,0.430471,0.413669,1.03784
19.81,-2.59363,-0.165889,6.15474,24.6142,0.419211,0.401775,1.00809
19.82,-2.34892,-0.19277,6.15871,24.616,0.411583,0.39463,0.990236
19.83,-2.10409,-0.21875,6.16263,24.6176,0.406399,0.390425,0.97975
19.84,-1.85915,-0.243818,6.16652,24.6191,0.402889,0.388053,0.973856
19.85,-1.61411,-0.267965,6.1704,24.6204,0.400546,0.386832,0.970844
19.86,-1.36896,-0.291184,6.17426,24.6217,0.399032,0.386341,0.96966
19.87,-1.12371,-0.313469,6.17812,24.6228,0.398117,0.386318,0.969648
19.88,-0.878376,-0.334873,6.18192,24.625,0.384605,0.370338,0.929619
19.89,-0.632953,-0.35553,6.18553,24.6272,0.370977,0.3552,0.891701
19.9,-0.387448,-0.375429,6.18903,24.6291,0.361736,0.346003,0.868679
19.91,-0.141865,-0.394556,6.19246,24.6308,0.355424,0.340476,0.854862
19.92,0.103793,-0.4129,6.19584,24.6324,0.351101,0.337229,0.846764
19.93,0.349523,-0.430453,6.19921,24.6338,0.348152,0.33541,0.842245
19.94,0.595322,-0.447212,6.20255,24.6353,0.343255,0.330799,0.830717
19.95,0.841187,-0.463246,6.2058,24.6371,0.334373,0.321328,0.806993
19.96,1.08711,-0.478563,6.20898,24.6388,0.328366,0.315635,0.792749
19.97,1.3331,-0.493155,6.21211,24.6402,0.324291,0.312284,0.784379
19.98,1.57914,-0.507019,6.21522,24.6418,0.318726,0.306829,0.770725
19.99,1.82523,-0.520219,6.21823,24.6436,0.309569,0.297048,0.746211
20,2.07138,-0.532764,6.22116,24.6452,0.303354,0.291138,0.731412
20.01,2.31757,-0.544644,6.22406,24.6466,0.299117,0.287628,0.722635
20.02,2.5638,-0.555855,6.22692,24.6481,0.29439,0.28327,0.711728
20.03,2.81008,-0.566455,6.22969,24.6498,0.285112,0.273299,0.686726
20.04,3.0564,-0.576459,6.23239,24.6514,0.278804,0.267251,0.671571
20.05,3.30276,-0.585857,6.23504,24.6528,0.274489,0.263633,0.662517
20.06,3.54916,-0.594643,6.23766,24.6541,0.270636,0.26038,0.654378
20.07,3.79558,-0.602867,6.2402,24.6558,0.261321,0.250287,0.629055
20.08,4.04204,-0.610552,6.24267,24.6573,0.25498,0.244145,0.613654
20.09,4.28853,-0.617688,6.24509,24.6586,0.250634,0.240449,0.604398
20.1,4.53505,-0.624268,6.24748,24.66,0.246791,0.237184,0.596223
20.11,4.7816,-0.630341,6.2498,24.6615,0.237796,0.227464,0.571825
20.12,5.02817,-0.635929,6.25204,24.6629,0.231662,0.221534,0.55695
20.13,5.27476,-0.641021,6.25423,24.6642,0.227445,0.217953,0.547976
20.14,5.52138,-0.645611,6.2564,24.6655,0.224537,0.215835,0.542678
20.15,5.76802,-0.649738,6.2585,24.6669,0.215669,0.206161,0.518384
20.16,6.01467,-0.65343,6.26052,24.6682,0.20962,0.200245,0.503537
20.17,6.26135,-0.656679,6.26251,24.6695,0.205456,0.196657,0.49454
20.18,6.50804,-0.659477,6.26446,24.6706,0.202578,0.19452,0.489187
20.19,6.75475,-0.661862,6.26635,24.672,0.194113,0.185298,0.46602
20.2,7.00148,-0.663861,6.26817,24.6732,0.188329,0.179648,0.451833
20.21,7.24822,-0.665464,6.26995,24.6744,0.18434,0.17621,0.443209
20.22,7.49498,-0.666665,6.2717,24.6755,0.181575,0.174151,0.438048
20.23,7.74174,-0.667493,6.27339,24.6767,0.174062,0.166027,0.417635
20.24,7.98852,-0.66798,6.27502,24.6779,0.168415,0.160445,0.403613
20.25,8.23531,-0.668117,6.27661,24.6789,0.164518,0.157038,0.395058
20.26,8.48211,-0.6679,6.27816,24.68,0.161811,0.154984,0.389907
20.27,8.72892,-0.667353,6.27967,24.6811,0.154695,0.147297,0.370586
20.28,8.97574,-0.666508,6.28111,24.6822,0.149345,0.142013,0.357308
20.29,9.22257,-0.665357,6.28251,24.6832,0.145645,0.138778,0.349183
20.3,9.46941,-0.663894,6.28389,24.6841,0.143069,0.136819,0.344267
20.31,9.71625,-0.662137,6.28523,24.6851,0.136843,0.130156,0.327516
20.32,9.9631,-0.660122,6.2865,24.6861,0.131665,0.124984,0.314513
20.33,10.21,-0.65784,6.28773,24.687,0.128083,0.121808,0.306532
20.34,10.4568,-0.655288,6.28893,24.6879,0.125584,0.119875,0.301677
20.35,10.7037,-0.652483,6.2901,24.6888,0.119729,0.113616,0.285936
20.36,10.9506,-0.649455,6.29121,24.6897,0.114865,0.108761,0.273729
20.37,11.1975,-0.646199,6.29228,24.6906,0.111494,0.105773,0.266217
20.38,11.4443,-0.642709,6.29333,24.6914,0.109137,0.103945,0.261626
20.39,11.6912,-0.638999,6.29434,24.6922,0.10409,0.0986154,0.248219
20.4,11.9381,-0.635099,6.2953,24.693,0.0994237,0.0939067,0.236375
20.41,12.185,-0.631006,6.29622,24.6938,0.0961884,0.0910004,0.229066
20.42,12.4319,-0.626716,6.29712,24.6945,0.0939229,0.0892151,0.224579
20.43,12.6789,-0.622238,6.29799,24.6952,0.0892104,0.0842431,0.21207
20.44,12.9258,-0.617603,6.29881,24.696,0.0848648,0.0798629,0.201049
20.45,13.1727,-0.612808,6.29959,24.6967,0.0818463,0.0771524,0.194231
20.46,13.4196,-0.607846,6.30035,24.6973,0.0797272,0.0754806,0.190027
20.47,13.6665,-0.602726,6.30109,24.698,0.0757305,0.0713298,0.179582
20.48,13.9135,-0.597477,6.30178,24.6987,0.0715988,0.0671208,0.16899
20.49,14.1604,-0.592096,6.30243,24.6993,0.0687279,0.0645101,0.162421
20.5,14.4073,-0.58658,6.30307,24.6999,0.0667101,0.0628933,0.158354
20.51,14.6543,-0.580935,6.30368,24.7005,0.0630049,0.0590488,0.148678
20.52,14.9012,-0.575186,6.30425,24.7011,0.0591922,0.0551698,0.138915
20.53,15.1482,-0.569334,6.30479,24.7016,0.0565378,0.0527576,0.132844
20.54,15.3951,-0.563373,6.30531,24.7022,0.0546673,0.0512576,0.12907
20.55,15.6421,-0.557307,6.30581,24.7027,0.0515809,0.0481209,0.121174
20.56,15.889,-0.551162,6.30627,24.7032,0.0479908,0.044431,0.111885
20.57,16.136,-0.544936,6.3067,24.7037,0.0454904,0.0421313,0.106096
20.58,16.3829,-0.538628,6.30711,24.7042,0.0437263,0.0406958,0.102483
20.59,16.6299,-0.532239,6.3075,24.7047,0.0408866,0.0378118,0.0952222
20.6,16.8769,-0.525792,6.30786,24.7052,0.0376065,0.0344457,0.0867469
20.61,17.1238,-0.519288,6.30819,24.7056,0.0353174,0.0323423,0.0814513
20.62,17.3708,-0.512723,6.30851,24.706,0.0336978,0.0310239,0.0781322
20.63,17.6178,-0.506098,6.30881,24.7065,0.0313797,0.0287335,0.0723654
20.64,17.8647,-0.499434,6.30908,24.7069,0.0283243,0.0255674,0.0643926
20.65,18.1117,-0.492732,6.30932,24.7073,0.0261909,0.0235847,0.0594
20.66,18.3587,-0.48599,6.30955,24.7077,0.0246795,0.0223372,0.0562588
20.67,18.6057,-0.479208,6.30977,24.708,0.0225639,0.0202476,0.0509967
20.68,18.8527,-0.472405,6.30995,24.7084,0.0198039,0.0173929,0.0438073
20.69,19.0997,-0.465582,6.31012,24.7088,0.0178723,0.0156,0.0392921
20.7,19.3467,-0.458737,6.31027,24.7091,0.0164998,0.0144668,0.0364385
20.71,19.5937,-0.451869,6.31041,24.7094,0.0148121,0.0128606,0.0323934
20.72,19.8407,-0.444995,6.31052,24.7097,0.0122733,0.0102106,0.0257189
20.73,20.0877,-0.438116,6.31061,24.7101,0.0104953,0.00854242,0.0215172
20.74,20.3347,-0.431231,6.31069,24.7104,0.00922981,0.00748393,0.0188512
20.75,20.5817,-0.42434,6.31076,24.7106,0.00770315,0.00603041,0.0151901
20.76,20.8287,-0.417456,6.31081,24.7109,0.00544079,0.00367426,0.00925529
20.77,21.0757,-0.410583,6.31083,24.7112,0.00385207,0.00218611,0.00550678
20.78,21.3227,-0.403717,6.31085,24.7115,0.00271729,0.00123706,0.00311618
20.79,21.5698,-0.396858,6.31086,24.7117,0.00153099,0.000163567,0.000412031
20.8,21.8168,-0.390018,6.31085,24.712,-0.000518076,-0.00198852,-0.0050092
20.81,22.0638,-0.3832,6.31082,24.7122,-0.00195866,-0.00335145,-0.00844258
20.82,22.3108,-0.376402,6.31078,24.7124,-0.00298981,-0.00422448,-0.0106419
20.83,22.5579,-0.369624,6.31073,24.7127,-0.00405231,-0.00518789,-0.013069
20.84,22.8049,-0.362876,6.31067,24.7129,-0.00584728,-0.0070676,-0.0178044
20.85,23.0519,-0.35616,6.31059,24.7131,-0.00711348,-0.00826287,-0.0208156
20.86,23.299,-0.349475,6.31051,24.7133,-0.00802376,-0.00903323,-0.0227565
20.87,23.546,-0.342821,6.31041,24.7135,-0.00882559,-0.00971087,-0.0244638
20.88,23.7931,-0.336204,6.31031,24.7137,-0.0104188,-0.0113917,-0.0286982
20.89,24.0401,-0.329629,6.31019,24.7139,-0.0115448,-0.0124642,-0.0314004
20.9,24.2872,-0.323094,6.31006,24.714,-0.0123568,-0.0131592,-0.0331515
20.91,24.5342,-0.316599,6.30992,24.7142,-0.013067,-0.0137628,-0.0346725
20.92,24.7813,-0.310149,6.30978,24.7144,-0.0144306,-0.0151956,-0.0382822
20.93,25.0284,-0.303749,6.30962,24.7145,-0.0153987,-0.0161148,-0.0405983
20.94,25.2754,-0.297397,6.30946,24.7147,-0.0161009,-0.0167153,-0.0421114
20.95,25.5225,-0.291092,6.30929,24.7149,-0.0166212,-0.0171169,-0.0431234
20.96,25.7696,-0.284839,6.30911,24.715,-0.0177973,-0.0183595,-0.0462544
20.97,26.0166,-0.278641,6.30892,24.7151,-0.0186351,-0.0191608,-0.0482735
20.98,26.2637,-0.272498,6.30872,24.7153,-0.0192457,-0.0196884,-0.0496029
20.99,26.5108,-0.266408,6.30853,24.7154,-0.0197012,-0.0200452,-0.050502
21,26.7579,-0.260377,6.30832,24.7155,-0.0206734,-0.021066,-0.0530742
21.01,27.005,-0.254405,6.3081,24.7157,-0.0213708,-0.0217297,-0.0547466
21.02,27.252,-0.248493,6.30788,24.7158,-0.0218834,-0.0221719,-0.0558609
21.03,27.4991,-0.24264,6.30766,24.7159,-0.0222698,-0.0224758,-0.056627
21.04,27.7462,-0.236849,6.30743,24.716,-0.023011,-0.0232416,-0.0585565
21.05,27.9933,-0.231122,6.3072,24.7161,-0.0235893,-0.0237943,-0.0599492
21.06,28.2404,-0.225459,6.30696,24.7162,-0.0240182,-0.0241672,-0.0608891
21.07,28.4875,-0.219859,6.30671,24.7163,-0.024345,-0.0244281,-0.0615467
21.08,28.7346,-0.214324,6.30647,24.7164,-0.0249246,-0.0250198,-0.0630378
21.09,28.9817,-0.208857,6.30621,24.7165,-0.0253803,-0.0254514,-0.0641253
21.1,29.2288,-0.203456,6.30596,24.7166,-0.0257233,-0.0257487,-0.0648746
21.11,29.4759,-0.198122,6.3057,24.7167,-0.0259893,-0.0259623,-0.065413
21.12,29.723,-0.192856,6.30544,24.7168,-0.0264186,-0.0263922,-0.0664965
21.13,29.9702,-0.187658,6.30517,24.7169,-0.0267604,-0.0267112,-0.0673005
21.14,30.2173,-0.18253,6.3049,24.717,-0.0270235,-0.026938,-0.0678722
21.15,30.4644,-0.177471,6.30463,24.717,-0.0272325,-0.0271073,-0.0682989
21.16,30.7115,-0.172481,6.30436,24.7171,-0.0275145,-0.0273779,-0.068981
21.17,30.9586,-0.167562,6.30408,24.7172,-0.0277569,-0.0276008,-0.0695429
21.18,31.2058,-0.162713,6.30381,24.7173,-0.0279499,-0.0277672,-0.0699622
21.19,31.4529,-0.157934,6.30353,24.7173,-0.0281089,-0.0278982,-0.0702926
21.2,31.7,-0.153226,6.30325,24.7174,-0.0282778,-0.0280491,-0.070673
21.21,31.9472,-0.148589,6.30297,24.7175,-0.0284257,-0.0281782,-0.0709983
21.22,32.1943,-0.144023,6.30269,24.7175,-0.0285521,-0.0282854,-0.0712686
21.23,32.4414,-0.139528,6.3024,24.7176,-0.0286634,-0.0283788,-0.0715043
21.24,32.6886,-0.135104,6.30212,24.7177,-0.0287338,-0.028426,-0.0716233
21.25,32.9357,-0.130751,6.30183,24.7177,-0.0287953,-0.0284689,-0.0717315
21.26,33.1828,-0.126469,6.30155,24.7178,-0.0288607,-0.0285215,-0.0718643
21.27,33.43,-0.122258,6.30126,24.7178,-0.0289282,-0.0285802,-0.0720123
21.28,33.6771,-0.118118,6.30098,24.7179,-0.0289142,-0.0285392,-0.0719091
21.29,33.9243,-0.114048,6.30069,24.7179,-0.0288978,-0.0285042,-0.0718211
21.3,34.1714,-0.110049,6.30041,24.718,-0.0289081,-0.0285074,-0.0718293
21.31,34.4186,-0.10612,6.30012,24.718,-0.0289359,-0.0285343,-0.0718972
21.32,34.6657,-0.102262,6.29984,24.7181,-0.0288633,-0.0284352,-0.0716476
21.33,34.9129,-0.0984726,6.29955,24.7181,-0.0287729,-0.028324,-0.0713676
21.34,35.16,-0.0947529,6.29927,24.7182,-0.0287308,-0.0282787,-0.0712537
21.35,35.4072,-0.0911028,6.29899,24.7182,-0.028721,-0.0282745,-0.071243
21.36,35.6543,-0.0875221,6.29871,24.7183,-0.0285867,-0.0281123,-0.0708346
21.37,35.9015,-0.0840091,6.29843,24.7183,-0.0284341,-0.0279385,-0.0703967
21.38,36.1486,-0.0805639,6.29815,24.7183,-0.0283477,-0.0278532,-0.0701819
21.39,36.3958,-0.077187,6.29787,24.7184,-0.0283058,-0.0278228,-0.0701055
21.4,36.643,-0.0738781,6.29759,24.7184,-0.028145,-0.0276392,-0.069643
21.41,36.8901,-0.0706351,6.29732,24.7185,-0.0279302,-0.0273995,-0.0690389
21.42,37.1373,-0.0674582,6.29704,24.7185,-0.0277999,-0.0272719,-0.0687178
21.43,37.3845,-0.0643477,6.29677,24.7185,-0.0277262,-0.0272142,-0.0685723
21.44,37.6316,-0.0613034,6.2965,24.7186,-0.0275219,-0.0269871,-0.0680001
21.45,37.8788,-0.0583228,6.29623,24.7186,-0.0272593,-0.026699,-0.0672745
21.46,38.126,-0.0554062,6.29596,24.7186,-0.0270947,-0.0265403,-0.0668746
21.47,38.3731,-0.0525539,6.2957,24.7187,-0.0269958,-0.0264619,-0.0666771
21.48,38.6203,-0.0497659,6.29544,24.7187,-0.0267901,-0.026242,-0.0661231
21.49,38.8675,-0.0470394,6.29517,24.7187,-0.0264767,-0.0258981,-0.0652567
21.5,39.1147,-0.0443745,6.29492,24.7187,-0.0262762,-0.0257035,-0.0647663
21.51,39.3618,-0.0417715,6.29466,24.7188,-0.0261513,-0.0256016,-0.0645096
21.52,39.609,-0.0392304,6.29441,24.7188,-0.0259158,-0.0253526,-0.0638823
21.53,39.8562,-0.0367483,6.29415,24.7188,-0.0255677,-0.0249737,-0.0629278
21.54,40.1034,-0.0343251,6.29391,24.7189,-0.0253419,-0.0247561,-0.0623796
21.55,40.3505,-0.0319614,6.29366,24.7189,-0.0251984,-0.0246387,-0.0620836
21.56,40.5977,-0.0296571,6.29341,24.7189,-0.0249803,-0.0244183,-0.0615284
21.57,40.8449,-0.0274094,6.29317,24.7189,-0.024592,-0.0239935,-0.060458
21.58,41.0921,-0.0252178,6.29293,24.719,-0.0243378,-0.0237461,-0.0598347
21.59,41.3393,-0.0230829,6.2927,24.719,-0.0241735,-0.0236089,-0.0594891
21.6,41.5864,-0.0210048,6.29246,24.719,-0.0239357,-0.0233697,-0.0588864
21.61,41.8336,-0.0189804,6.29223,24.719,-0.0235245,-0.022922,-0.0577584
21.62,42.0808,-0.0170093,6.292,24.719,-0.0232533,-0.0226592,-0.0570962
21.63,42.328,-0.015092,6.29178,24.7191,-0.023076,-0.0225112,-0.0567233
21.64,42.5752,-0.0132287,6.29155,24.7191,-0.0228254,-0.0222607,-0.0560921
21.65,42.8223,-0.0114162,6.29133,24.7191,-0.022399,-0.0217986,-0.0549278
21.66,43.0695,-0.00965406,6.29112,24.7191,-0.0221162,-0.0215256,-0.0542401
21.67,43.3167,-0.00794287,6.2909,24.7191,-0.0219299,-0.0213701,-0.0538483
21.68,43.5639,-0.00628286,6.29069,24.7192,-0.0217147,-0.0211677,-0.0533382
21.69,43.8111,-0.00467106,6.29048,24.7192,-0.0212635,-0.0206745,-0.0520955
21.7,44.0583,-0.00310668,6.29028,24.7192,-0.020963,-0.0203812,-0.0513565
21.71,44.3055,-0.00159022,6.29007,24.7192,-0.0207636,-0.020212,-0.0509301
21.72,44.5527,-0.000121975,6.28987,24.7192,-0.0205385,-0.0199998,-0.0503955
21.73,44.7998,0.00130104,6.28967,24.7193,-0.0200795,-0.0194996,-0.0491352
21.74,45.047,0.00267962,6.28948,24.7193,-0.0197727,-0.0192008,-0.0483823
21.75,45.2942,0.00401324,6.28929,24.7193,-0.0195678,-0.019027,-0.0479443
21.76,45.5414,0.00530154,6.2891,24.7193,-0.0193845,-0.0188699,-0.0475485
21.77,45.7886,0.0065472,6.28891,24.7193,-0.0189083,-0.0183465,-0.0462296
21.78,46.0358,0.00775142,6.28873,24.7193,-0.0185892,-0.0180322,-0.0454378
21.79,46.283,0.00891367,6.28855,24.7194,-0.0183751,-0.0178478,-0.044973
21.8,46.5302,0.0100336,6.28838,24.7194,-0.0181854,-0.0176839,-0.0445602
21.81,46.7774,0.0111138,6.2882,24.7194,-0.0177093,-0.0171619,-0.0432449
21.82,47.0246,0.0121556,6.28803,24.7194,-0.0173893,-0.0168476,-0.0424527
21.83,47.2717,0.0131583,6.28786,24.7194,-0.0171738,-0.0166619,-0.041985
21.84,47.5189,0.0141216,6.2877,24.7194,-0.0170293,-0.0165566,-0.0417197
21.85,47.7661,0.0150477,6.28754,24.7194,-0.0165432,-0.0160189,-0.0403647
21.86,48.0133,0.0159381,6.28738,24.7194,-0.0162159,-0.0156938,-0.0395456
21.87,48.2605,0.0167925,6.28722,24.7195,-0.0159947,-0.0155006,-0.0390588
21.88,48.5077,0.0176104,6.28707,24.7195,-0.0158457,-0.0153896,-0.038779
21.89,48.7549,0.018394,6.28692,24.7195,-0.0153664,-0.0148605,-0.0374459
21.9,49.0021,0.0191447,6.28677,24.7195,-0.0150429,-0.0145399,-0.036638
21.91,49.2493,0.0198622,6.28663,24.7195,-0.0148236,-0.0143485,-0.0361556
21.92,49.4965,0.020546,6.28648,24.7195,-0.0146752,-0.0142376,-0.0358763
21.93,49.7437,0.0211978,6.28634,24.7195,-0.0142375,-0.0137581,-0.034668
21.94,49.9909,0.0218196,6.28621,24.7195,-0.0139111,-0.013431,-0.0338439
21.95,50.2381,0.0224108,6.28607,24.7195,-0.0136893,-0.0132348,-0.0333494
21.96,50.4853,0.0229712,6.28594,24.7196,-0.0135386,-0.01312,-0.0330602
21.97,50.7325,0.0235023,6.28581,24.7196,-0.0131115,-0.0126529,-0.0318833
21.98,50.9797,0.024006,6.28569,24.7196,-0.0127927,-0.0123341,-0.03108
21.99,51.2269,0.0244818,6.28557,24.7196,-0.0125755,-0.0121422,-0.0305962
22,51.474,0.0249294,6.28545,24.7196,-0.0124274,-0.0120292,-0.0303116
22.01,51.7212,0.02535,6.28533,24.7196,-0.0120437,-0.0116136,-0.0292643
22.02,51.9684,0.0257457,6.28521,24.7196,-0.0117257,-0.0112921,-0.0284543
22.03,52.2156,0.0261161,6.2851,24.7196,-0.0115087,-0.0110978,-0.0279645
22.04,52.4628,0.0264608,6.28499,24.7196,-0.0113603,-0.0109825,-0.0276742
22.05,52.71,0.0267811,6.28488,24.7196,-0.0109891,-0.0105811,-0.0266628
22.06,52.9572,0.0270788,6.28478,24.7196,-0.0106818,-0.010271,-0.0258813
22.07,53.2044,0.0273538,6.28468,24.7197,-0.0104716,-0.0100829,-0.0254073
22.08,53.4516,0.0276055,6.28458,24.7197,-0.0103273,-0.00997081,-0.0251249
22.09,53.6988,0.0278351,6.28448,24.7197,-0.00997223,-0.00958773,-0.0241596
22.1,53.946,0.0280446,6.28439,24.7197,-0.00967818,-0.00929159,-0.0234134
22.11,54.1932,0.0282335,6.2843,24.7197,-0.00947665,-0.00911153,-0.0229596
22.12,54.4404,0.0284016,6.2842,24.7197,-0.00933786,-0.00900374,-0.022688
22.13,54.6876,0.0285495,6.28412,24.7197,-0.00902588,-0.00867101,-0.0218496
22.14,54.9348,0.0286794,6.28403,24.7197,-0.00873722,-0.0083771,-0.021109
22.15,55.182,0.028791,6.28395,24.7197,-0.00853922,-0.00819784,-0.0206573
22.16,55.4292,0.028884,6.28387,24.7197,-0.0084026,-0.00808993,-0.0203854
22.17,55.6764,0.028959,6.28379,24.7197,-0.00810456,-0.00777241,-0.0195853
22.18,55.9236,0.0290181,6.28371,24.7197,-0.0078295,-0.00749271,-0.0188805
22.19,56.1708,0.0290609,6.28364,24.7197,-0.00764046,-0.00732169,-0.0184496
22.2,56.418,0.0290872,6.28357,24.7197,-0.00750965,-0.00721831,-0.0181891
22.21,56.6652,0.0290973,6.28349,24.7197,-0.00725173,-0.00694773,-0.0175072
22.22,56.9124,0.0290934,6.28343,24.7197,-0.00698377,-0.00667241,-0.0168135
22.23,57.1596,0.0290752,6.28336,24.7198,-0.00679949,-0.00650362,-0.0163882
22.24,57.4068,0.0290425,6.2833,24.7198,-0.00667178,-0.00640108,-0.0161298
22.25,57.654,0.0289956,6.28323,24.7198,-0.00642692,-0.00614449,-0.0154832
22.26,57.9012,0.0289364,6.28317,24.7198,-0.00617369,-0.00588469,-0.0148286
22.27,58.1484,0.0288647,6.28312,24.7198,-0.00599921,-0.00572504,-0.0144263
22.28,58.3956,0.0287804,6.28306,24.7198,-0.00587796,-0.00562769,-0.014181
22.29,58.6428,0.0286836,6.283,24.7198,-0.0056698,-0.00541397,-0.0136424
22.3,58.89,0.028576,6.28295,24.7198,-0.00542523,-0.00516051,-0.0130037
22.31,59.1372,0.0284578,6.2829,24.7198,-0.00525663,-0.00500438,-0.0126103
22.32,59.3844,0.0283286,6.28285,24.7198,-0.00513932,-0.00490878,-0.0123694
22.33,59.6316,0.0281886,6.2828,24.7198,-0.00494293,-0.00470731,-0.0118617
22.34,59.8787,0.0280395,6.28276,24.7198,-0.00471376,-0.00447018,-0.0112642
22.35,60.1259,0.0278812,6.28271,24.7198,-0.00455549,-0.00432379,-0.0108953
22.36,60.3731,0.0277136,6.28267,24.7198,-0.00444508,-0.00423383,-0.0106687
22.37,60.6203,0.0275367,6.28263,24.7198,-0.00428143,-0.00407045,-0.010257
22.38,60.8675,0.027352,6.28259,24.7198,-0.00406203,-0.00384119,-0.00967924
22.39,61.1147,0.0271596,6.28255,24.7198,-0.00391045,-0.00369936,-0.00932187
22.4,61.3619,0.0269594,6.28251,24.7198,-0.00380459,-0.00361188,-0.00910142
22.41,61.6091,0.0267513,6.28248,24.7198,-0.00365111,-0.00345869,-0.00871541
22.42,61.8563,0.0265368,6.28245,24.7198,-0.00344733,-0.00324609,-0.00817969
22.43,62.1035,0.026316,6.28241,24.7198,-0.00330628,-0.00311429,-0.00784758
22.44,62.3507,0.0260887,6.28238,24.7198,-0.00320753,-0.00303271,-0.007642
22.45,62.5979,0.0258548,6.28235,24.7198,-0.00308251,-0.00291248,-0.00733903
22.46,62.8451,0.0256157,6.28233,24.7198,-0.0028892,-0.00270886,-0.00682595
22.47,63.0923,0.0253714,6.2823,24.7198,-0.00275537,-0.00258239,-0.00650727
22.48,63.3395,0.0251219,6.28227,24.7198,-0.00266157,-0.00250384,-0.00630933
22.49,63.5867,0.0248671,6.28225,24.7198,-0.00254498,-0.00239163,-0.00602657
22.5,63.8339,0.0246082,6.28223,24.7198,-0.0023671,-0.0022046,-0.00555529
22.51,64.0811,0.0243453,6.28221,24.7198,-0.00224372,-0.00208817,-0.00526191
22.52,64.3283,0.0240783,6.28218,24.7199,-0.00215703,-0.00201561,-0.00507905
22.53,64.5755,0.0238071,6.28216,24.7199,-0.00205011,-0.00191299,-0.00482048
22.54,64.8227,0.0235327,6.28215,24.7199,-0.0018881,-0.00174303,-0.00439219
22.55,65.0699,0.0232555,6.28213,24.7199,-0.0017755,-0.00163698,-0.00412498
22.56,65.3171,0.0229751,6.28211,24.7199,-0.00169617,-0.00157065,-0.00395782
22.57,65.5643,0.0226916,6.2821,24.7199,-0.00161185,-0.0014938,-0.00376418
22.58,65.8115,0.0224058,6.28208,24.7199,-0.00146073,-0.00133372,-0.0033608
22.59,66.0587,0.0221179,6.28207,24.7199,-0.00135566,-0.00123367,-0.00310867
22.6,66.3059,0.0218279,6.28206,24.7199,-0.00128156,-0.00117087,-0.00295044
22.61,66.5531,0.0215356,6.28205,24.7199,-0.00120384,-0.00109982,-0.00277139
22.62,66.8003,0.0212419,6.28204,24.7199,-0.00106703,-0.00095516,-0.00240687
22.63,67.0475,0.020947,6.28203,24.7199,-0.000971726,-0.000864518,-0.00217847
22.64,67.2947,0.0206508,6.28202,24.7199,-0.000904314,-0.00080741,-0.00203456
22.65,67.5419,0.0203531,6.28201,24.7199,-0.000844737,-0.000756886,-0.00190725
22.66,67.7891,0.0200547,6.28201,24.7199,-0.000718502,-0.000622214,-0.00156789
22.67,68.0363,0.0197557,6.282,24.7199,-0.000630509,-0.00053766,-0.00135483
22.68,68.2835,0.0194562,6.282,24.7199,-0.000568189,-0.000484206,-0.00122013
22.69,68.5307,0.0191561,6.28199,24.7199,-0.000513502,-0.00043753,-0.00110252
22.7,68.7779,0.0188558,6.28199,24.7199,-0.000400662,-0.000317422,-0.00079986
22.71,69.0251,0.0185557,6.28198,24.7199,-0.00032181,-0.000241797,-0.000609296
22.72,69.2723,0.0182557,6.28198,24.7199,-0.000265783,-0.000193777,-0.000488292
22.73,69.5195,0.0179556,6.28198,24.7199,-0.000225341,-0.000162984,-0.000410698
22.74,69.7667,0.017656,6.28198,24.7199,-0.000122722,-5.28563e-05,-0.000133191
22.75,70.0139,0.0173571,6.28198,24.7199,-5.09498e-05,1.6642e-05,4.19356e-05
22.76,70.2611,0.0170589,6.28198,24.7199,1.37815e-07,6.09394e-05,0.000153559
22.77,70.5083,0.0167612,6.28198,24.7199,3.71221e-05,8.95184e-05,0.000225574
22.78,70.7555,0.0164645,6.28198,24.7199,0.000127385,0.000186107,0.000468964
22.79,71.0027,0.016169,6.28198,24.7199,0.000190706,0.000247272,0.000623092
22.8,71.2499,0.0158747,6.28199,24.7199,0.000235955,0.000286464,0.000721852
22.81,71.4971,0.0155815,6.28199,24.7199,0.000268879,0.000311952,0.000786077
22.82,71.7443,0.0152896,6.28199,24.7199,0.00034276,0.000390197,0.000983245
22.83,71.9915,0.0149993,6.282,24.7199,0.000399352,0.000445338,0.00112219
22.84,72.2387,0.0147106,6.282,24.7199,0.000439895,0.000480834,0.00121164
22.85,72.4859,0.0144235,6.28201,24.7199,0.000469507,0.000504084,0.00127023
22.86,72.7331,0.0141381,6.28201,24.7199,0.000533232,0.000571315,0.00143964
22.87,72.9803,0.0138547,6.28202,24.7199,0.000582142,0.000618815,0.00155933
22.88,73.2275,0.0135732,6.28203,24.7199,0.00061736,0.000649602,0.00163691
22.89,73.4747,0.0132937,6.28203,24.7199,0.00064325,0.000669969,0.00168823
22.9,73.7219,0.0130162,6.28204,24.7199,0.000694007,0.000722774,0.00182129
22.91,73.9691,0.0127409,6.28205,24.7199,0.000736633,0.000764472,0.00192637
22.92,74.2163,0.012468,6.28205,24.7199,0.00076745,0.000791671,0.00199491
22.93,74.4635,0.0121972,6.28206,24.7199,0.00079023,0.000809836,0.00204068
22.94,74.7107,0.0119288,6.28207,24.7199,0.000832806,0.000853878,0.00215166
22.95,74.9579,0.0116629,6.28208,24.7199,0.000868571,0.000888695,0.00223939
22.96,75.2051,0.0113996,6.28209,24.7199,0.000894617,0.000911629,0.00229718
22.97,75.4523,0.0111387,6.2821,24.7199,0.000914045,0.000927158,0.00233632
22.98,75.6995,0.0108803,6.28211,24.7199,0.000948812,0.000962824,0.00242619
22.99,75.9467,0.0106247,6.28212,24.7199,0.000978072,0.000991115,0.00249748
23,76.1939,0.0103718,6.28213,24.7199,0.000999586,0.00100999,0.00254505
23.01,76.4411,0.0101216,6.28214,24.7199,0.00101582,0.001023,0.00257783
23.02,76.6883,0.00987411,6.28215,24.7199,0.00104181,0.00104907,0.00264353
23.03,76.9355,0.00962948,6.28216,24.7199,0.00106564,0.00107217,0.00270174
23.04,77.1827,0.00938772,6.28217,24.7199,0.00108333,0.00108781,0.00274113
23.05,77.4298,0.00914879,6.28218,24.7199,0.00109686,0.00109879,0.00276881
23.06,77.677,0.00891275,6.28219,24.7199,0.00111693,0.00111865,0.00281886
23.07,77.9242,0.00867968,6.2822,24.7199,0.00113527,0.00113622,0.00286311
23.08,78.1714,0.00844958,6.28221,24.7199,0.00114912,0.00114839,0.00289379
23.09,78.4186,0.00822244,6.28222,24.7199,0.00115992,0.0011572,0.002916
23.1,78.6658,0.00799828,6.28224,24.7199,0.00117377,0.00117039,0.00294922
23.11,78.913,0.00777716,6.28225,24.7199,0.00118728,0.0011832,0.00298151
23.12,79.1602,0.00755909,6.28226,24.7199,0.00119775,0.00119239,0.00300467
23.13,79.4074,0.00734406,6.28227,24.7199,0.00120614,0.00119933,0.00302215
23.14,79.6546,0.00713208,6.28228,24.7199,0.00121548,0.00120786,0.00304364
23.15,79.9018,0.00692318,6.2823,24.7199,0.00122434,0.00121593,0.003064
23.16,80.149,0.00671737,6.28231,24.7199,0.00123153,0.00122215,0.00307965
23.17,80.3962,0.00651465,6.28232,24.7199,0.00123759,0.0012272,0.00309239
23.18,80.6434,0.00631502,6.28233,24.7199,0.00124281,0.00123148,0.00310316
23.19,80.8906,0.00611848,6.28235,24.7199,0.00124744,0.00123526,0.0031127
23.2,81.1378,0.00592504,6.28236,24.7199,0.00125167,0.00123877,0.00312155
23.21,81.385,0.0057347,6.28237,24.7199,0.0012556,0.00124211,0.00312994
23.22,81.6322,0.00554747,6.28238,24.7199,0.00125746,0.00124299,0.00313216
23.23,81.8794,0.00536331,6.2824,24.7199,0.00125822,0.00124281,0.00313173
23.24,82.1266,0.00518224,6.28241,24.7199,0.00125972,0.00124382,0.00313427
23.25,82.3738,0.00500427,6.28242,24.7199,0.0012617,0.00124555,0.00313863
23.26,82.621,0.00482938,6.28243,24.7199,0.00126118,0.00124419,0.00313518
23.27,82.8682,0.00465755,6.28244,24.7199,0.00125829,0.00124021,0.00312516
23.28,83.1154,0.00448876,6.28246,24.7199,0.00125723,0.0012388,0.00312162
23.29,83.3626,0.00432303,6.28247,24.7199,0.00125738,0.00123899,0.00312209
23.3,83.6098,0.00416036,6.28248,24.7199,0.00125441,0.00123521,0.00311257
23.31,83.857,0.00400068,6.28249,24.7199,0.0012484,0.00122803,0.00309448
23.32,84.1042,0.00384399,6.28251,24.7199,0.00124513,0.00122458,0.00308579
23.33,84.3514,0.00369031,6.28252,24.7199,0.00124369,0.00122345,0.00308294
23.34,84.5986,0.00353963,6.28253,24.7199,0.00123974,0.00121903,0.0030718
23.35,84.8458,0.00339188,6.28254,24.7199,0.00123066,0.00120854,0.00304536
23.36,85.093,0.00324705,6.28256,24.7199,0.00122523,0.00120298,0.00303136
23.37,85.3402,0.00310516,6.28257,24.7199,0.00122223,0.00120049,0.00302508
23.38,85.5874,0.0029662,6.28258,24.7199,0.00121654,0.00119441,0.00300976
23.39,85.8346,0.00283008,6.28259,24.7199,0.00120504,0.00118142,0.00297703
23.4,86.0818,0.00269679,6.2826,24.7199,0.00119788,0.00117426,0.00295898
23.41,86.329,0.00256635,6.28261,24.7199,0.00119363,0.00117072,0.00295006
23.42,86.5762,0.00243876,6.28263,24.7199,0.00118651,0.00116331,0.00293138
23.43,86.8234,0.00231392,6.28264,24.7199,0.00117302,0.00114828,0.00289352
23.44,87.0706,0.0021918,6.28265,24.7199,0.00116443,0.0011398,0.00287216
23.45,87.3178,0.00207244,6.28266,24.7199,0.00115913,0.00113539,0.00286103
23.46,87.565,0.00195584,6.28267,24.7199,0.0011525,0.00112897,0.00284486
23.47,87.8122,0.00184189,6.28268,24.7199,0.00113679,0.00111144,0.0028007
23.48,88.0594,0.00173055,6.28269,24.7199,0.00112664,0.00110136,0.00277529
23.49,88.3066,0.00162187,6.28271,24.7199,0.00112021,0.00109589,0.00276151
23.5,88.5538,0.00151583,6.28272,24.7199,0.00111254,0.00108851,0.0027429
23.51,88.801,0.00141233,6.28273,24.7199,0.00109538,0.00106949,0.00269497
23.52,89.0482,0.00131133,6.28274,24.7199,0.00108417,0.00105842,0.00266709
23.53,89.2954,0.00121286,6.28275,24.7199,0.00107696,0.00105229,0.00265164
23.54,89.5426,0.00111693,6.28276,24.7199,0.00107045,0.00104668,0.00263749
23.55,89.7898,0.00102344,6.28277,24.7199,0.00105154,0.00102561,0.00258439
23.56,90.037,0.000932323,6.28278,24.7199,0.00103911,0.00101322,0.00255317
23.57,90.2842,0.000843613,6.28279,24.7199,0.001031,0.00100621,0.00253551
23.58,90.5314,0.000757323,6.2828,24.7199,0.00102378,0.000999929,0.00251969
23.59,90.7786,0.000673339,6.28281,24.7199,0.00100394,0.000977921,0.00246423
23.6,91.0258,0.000591611,6.28282,24.7199,0.000990814,0.000964895,0.00243141
23.61,91.273,0.000512162,6.28283,24.7199,0.000982178,0.00095744,0.00241262
23.62,91.5202,0.000435011,6.28284,24.7199,0.000976596,0.000953461,0.0024026
23.63,91.7674,0.000360056,6.28285,24.7199,0.000955452,0.000929834,0.00234306
23.64,92.0146,0.000287228,6.28286,24.7199,0.000941405,0.000915757,0.00230759
23.65,92.2618,0.000216549,6.28287,24.7199,0.000932096,0.000907599,0.00228703
23.66,92.509,0.000148038,6.28287,24.7199,0.000926007,0.000903131,0.00227577
23.67,92.7562,8.15957e-05,6.28288,24.7199,0.000904395,0.000879062,0.00221512
23.68,93.0034,1.71492e-05,6.28289,24.7199,0.000889978,0.000864659,0.00217883
23.69,93.2506,-4.52774e-05,6.2829,24.7199,0.000880369,0.000856248,0.00215763
23.7,93.4978,-0.000105665,6.28291,24.7199,0.000874025,0.000851572,0.00214585
23.71,93.745,-0.000164094,6.28292,24.7199,0.000853693,0.000829106,0.00208924
23.72,93.9922,-0.000220658,6.28293,24.7199,0.000838633,0.000813908,0.00205094
23.73,94.2394,-0.000275333,6.28293,24.7199,0.000828549,0.000804956,0.00202838
23.74,94.4866,-0.000328101,6.28294,24.7199,0.000821842,0.000799896,0.00201563
23.75,94.7338,-0.000379039,6.28295,24.7199,0.000801413,0.000777384,0.00195891
23.76,94.981,-0.000428241,6.28296,24.7199,0.000786262,0.000762131,0.00192047
23.77,95.2282,-0.000475683,6.28297,24.7199,0.000776074,0.000753098,0.00189771
23.78,95.4754,-0.000521346,6.28297,24.7199,0.000769253,0.000747941,0.00188471
23.79,95.7226,-0.000565308,6.28298,24.7199,0.000749005,0.000725692,0.00182865
23.8,95.9698,-0.000607661,6.28299,24.7199,0.000733964,0.000710589,0.00179059
23.81,96.217,-0.00064838,6.28299,24.7199,0.000723814,0.000701606,0.00176796
23.82,96.4642,-0.000687447,6.283,24.7199,0.000716983,0.000696435,0.00175493
23.83,96.7114,-0.000724922,6.28301,24.7199,0.000698488,0.000676296,0.00170418
23.84,96.9586,-0.000760909,6.28301,24.7199,0.000683186,0.000660764,0.00166504
23.85,97.2058,-0.000795389,6.28302,24.7199,0.000672836,0.000651475,0.00164163
23.86,97.453,-0.000828343,6.28303,24.7199,0.00066584,0.000646073,0.00162802
23.87,97.7002,-0.000859827,6.28303,24.7199,0.000647621,0.000626269,0.00157812
23.88,97.9474,-0.000889945,6.28304,24.7199,0.00063256,0.000611007,0.00153966
23.89,98.1946,-0.000918677,6.28305,24.7199,0.000622342,0.000601845,0.00151657
23.9,98.4418,-0.000946005,6.28305,24.7199,0.000615406,0.000596481,0.00150306
23.91,98.689,-0.000971968,6.28306,24.7199,0.000599054,0.000578917,0.0014588
23.92,98.9362,-0.00099668,6.28306,24.7199,0.000583906,0.000563407,0.00141971
23.93,99.1834,-0.00102012,6.28307,24.7199,0.000573612,0.000554055,0.00139615
23.94,99.4306,-0.00104228,6.28308,24.7199,0.000566602,0.000548536,0.00138224
23.95,99.6778,-0.00106319,6.28308,24.7199,0.00055064,0.00053142,0.00133911
23.96,99.925,-0.00108296,6.28309,24.7199,0.000535894,0.000516347,0.00130113
23.97,100.172,-0.00110158,6.28309,24.7199,0.000525848,0.000507231,0.00127815
23.98,100.419,-0.00111903,6.2831,24.7199,0.000518982,0.000501822,0.00126453
23.99,100.667,-0.00113532,6.2831,24.7199,0.000504919,0.000486973,0.00122711
24,100.914,-0.00115059,6.28311,24.7199,0.000490247,0.000471822,0.00118893
24.01,101.161,-0.0011648,6.28311,24.7199,0.00048024,0.000462627,0.00116576
24.02,101.408,-0.00117796,6.28311,24.7199,0.000473384,0.000457135,0.00115192
24.03,101.655,-0.00119008,6.28312,24.7199,0.000459765,0.000442776,0.00111574
24.04,101.903,-0.00120126,6.28312,24.7199,0.000445625,0.000428197,0.001079
24.05,102.15,-0.00121151,6.28313,24.7199,0.000435959,0.000419326,0.00105665
24.06,102.397,-0.0012208,6.28313,24.7199,0.000429316,0.000414005,0.00104324
24.07,102.644,-0.00122914,6.28314,24.7199,0.000417548,0.000401846,0.0010126
24.08,102.891,-0.00123664,6.28314,24.7199,0.000403615,0.000387336,0.000976037
24.09,103.139,-0.0012433,6.28314,24.7199,0.000394084,0.000378481,0.000953723
24.1,103.386,-0.00124911,6.28315,24.7199,0.000387521,0.000373142,0.000940268
24.11,103.633,-0.00125406,6.28315,24.7199,0.000376204,0.000361459,0.000910829
24.12,103.88,-0.00125827,6.28315,24.7199,0.000362898,0.000347624,0.000875967
24.13,104.127,-0.00126174,6.28316,24.7199,0.000353777,0.000339161,0.000854642
24.14,104.375,-0.00126444,6.28316,24.7199,0.00034748,0.000334038,0.000841733
24.15,104.622,-0.00126637,6.28317,24.7199,0.000337904,0.000324419,0.000817493
24.16,104.869,-0.00126765,6.28317,24.7199,0.000324913,0.000310776,0.000783114
24.17,105.116,-0.00126826,6.28317,24.7199,0.000316003,0.00030241,0.000762033
24.18,105.363,-0.0012682,6.28317,24.7199,0.000309842,0.000297323,0.000749216
24.19,105.611,-0.00126417,6.28318,24.7199,0.0015176,0.0018244,0.00459724
24.2,105.858,-0.00123242,6.28322,24.7199,0.00383193,0.00459002,0.0115662
24.21,106.105,-0.0011701,6.28327,24.7199,0.00542047,0.0063229,0.0159329
24.22,106.352,-0.00107885,6.28334,24.7199,0.00653184,0.00741937,0.0186958
24.23,106.599,-0.000959859,6.28342,24.7199,0.0073246,0.00812199,0.0204663
24.24,106.847,-0.000814033,6.2835,24.7199,0.0079011,0.0085796,0.0216195
24.25,107.094,-0.00064204,6.28359,24.7199,0.00832824,0.00888382,0.0223861
24.26,107.341,-0.000444381,6.28368,24.7199,0.00865044,0.00909125,0.0229088
24.27,107.588,-0.000216079,6.28378,24.7199,0.0114048,0.0124141,0.0312818
24.28,107.835,0.000105507,6.28395,24.7198,0.0181122,0.0203668,0.0513214
24.29,108.083,0.000533209,6.28418,24.7198,0.0227271,0.0253574,0.0638972
24.3,108.33,0.0010623,6.28446,24.7198,0.0259647,0.0285226,0.071873
24.31,108.577,0.00168931,6.28475,24.7198,0.0282817,0.030558,0.0770016
24.32,108.824,0.00241164,6.28507,24.7197,0.0299731,0.0318903,0.0803588
24.33,109.071,0.00322739,6.28539,24.7197,0.0312319,0.0327823,0.0826065
24.34,109.319,0.00413513,6.28572,24.7197,0.0321863,0.0333964,0.0841539
24.35,109.566,0.00513764,6.28606,24.7197,0.0353624,0.0369363,0.0930736
24.36,109.813,0.00631974,6.2865,24.7195,0.0456322,0.0490308,0.123549
24.37,110.06,0.00770854,6.28704,24.7194,0.0527182,0.0566379,0.142717
24.38,110.307,0.00929687,6.28763,24.7193,0.0577072,0.0614793,0.154916
24.39,110.554,0.0110795,6.28827,24.7192,0.0612931,0.0646088,0.162801
24.4,110.802,0.0130525,6.28892,24.7192,0.0639245,0.066673,0.168002
24.41,111.049,0.0152131,6.2896,24.7191,0.0658954,0.06807,0.171522
24.42,111.296,0.0175592,6.29029,24.719,0.0674012,0.0690458,0.17398
24.43,111.543,0.0200908,6.29098,24.719,0.070053,0.0716414,0.18052
24.44,111.79,0.0229,6.29179,24.7186,0.0829625,0.0868474,0.218833
24.45,112.038,0.0260315,6.29271,24.7184,0.0918857,0.0964307,0.242977
24.46,112.285,0.0294764,6.29371,24.7181,0.0981842,0.10255,0.258393
24.47,112.532,0.0332282,6.29476,24.718,0.102727,0.106525,0.268407
24.48,112.779,0.0372823,6.29584,24.7178,0.106077,0.109166,0.275061
24.49,113.026,0.0416353,6.29694,24.7177,0.108601,0.110973,0.279611
24.5,113.273,0.0462846,6.29806,24.7175,0.110544,0.112252,0.282834
24.51,113.52,0.0512286,6.29919,24.7174,0.11207,0.113197,0.285212
24.52,113.768,0.0565545,6.30042,24.7168,0.126795,0.130596,0.329043
24.53,114.015,0.0623259,6.30179,24.7164,0.136988,0.141583,0.35672
24.54,114.262,0.0685329,6.30325,24.716,0.144199,0.148621,0.374446
24.55,114.509,0.0751684,6.30476,24.7156,0.149418,0.153217,0.386019
24.56,114.756,0.0822273,6.30631,24.7153,0.153284,0.156293,0.393766
24.57,115.003,0.089706,6.30789,24.7151,0.156215,0.15842,0.39912
24.58,115.25,0.0976017,6.30948,24.7148,0.158489,0.159948,0.402965
24.59,115.497,0.105913,6.31109,24.7146,0.160292,0.161095,0.405852
24.6,115.744,0.114712,6.31279,24.7138,0.174412,0.177683,0.447627
24.61,115.991,0.124082,6.31463,24.7131,0.185383,0.189569,0.477558
24.62,116.238,0.134013,6.31657,24.7125,0.193165,0.197209,0.496793
24.63,116.485,0.144497,6.31858,24.712,0.198817,0.202225,0.509417
24.64,116.732,0.155528,6.32062,24.7116,0.203025,0.20561,0.517934
24.65,116.978,0.167104,6.32269,24.7111,0.206237,0.207975,0.523884
24.66,117.225,0.179221,6.32478,24.7108,0.208748,0.209699,0.528218
24.67,117.472,0.191878,6.32688,24.7104,0.21076,0.211015,0.531525
24.68,117.719,0.205133,6.32906,24.7094,0.223658,0.226058,0.569396
24.69,117.966,0.219079,6.3314,24.7085,0.234989,0.238401,0.600461
24.7,118.212,0.233708,6.33383,24.7076,0.243048,0.246365,0.620499
24.71,118.459,0.249014,6.33632,24.7069,0.248926,0.251624,0.633725
24.72,118.705,0.26499,6.33886,24.7063,0.253327,0.255203,0.642723
24.73,118.952,0.281634,6.34143,24.7057,0.256709,0.257733,0.649081
24.74,119.198,0.298943,6.34401,24.7052,0.259378,0.259604,0.653779
24.75,119.445,0.316916,6.34662,24.7047,0.261539,0.261057,0.657425
24.76,119.691,0.335594,6.34929,24.7035,0.272854,0.274129,0.690312
24.77,119.937,0.355077,6.3521,24.7023,0.284189,0.286543,0.721536
24.78,120.184,0.375361,6.35501,24.7013,0.292278,0.294587,0.741761
24.79,120.43,0.396439,6.35799,24.7004,0.298206,0.299934,0.755196
24.8,120.676,0.418306,6.36101,24.6995,0.302673,0.303607,0.764419
24.81,120.922,0.440958,6.36406,24.6988,0.306134,0.306237,0.771017
24.82,121.168,0.464413,6.36716,24.6976,0.315083,0.315997,0.795552
24.83,121.413,0.488769,6.37039,24.6961,0.326616,0.328525,0.827045
24.84,121.659,0.514027,6.37373,24.6949,0.334877,0.336671,0.847506
24.85,121.905,0.540183,6.37712,24.6938,0.340959,0.342112,0.861165
24.86,122.15,0.56723,6.38057,24.6928,0.345567,0.345877,0.870608
24.87,122.395,0.595166,6.38404,24.6918,0.34916,0.348599,0.877424
24.88,122.641,0.623987,6.38754,24.6909,0.352043,0.350665,0.882594
24.89,122.886,0.653694,6.39105,24.6901,0.354421,0.352317,0.886722
24.9,123.131,0.684287,6.39459,24.6892,0.357657,0.355268,0.894118
24.91,123.376,0.715841,6.39822,24.6875,0.369312,0.368615,0.927645
24.92,123.62,0.748394,6.40195,24.6861,0.377611,0.377273,0.949379
24.93,123.865,0.781939,6.40576,24.6848,0.383697,0.383048,0.96386
24.94,124.11,0.816472,6.40961,24.6837,0.388302,0.387041,0.973862
24.95,124.354,0.85199,6.4135,24.6826,0.391897,0.389929,0.981086
24.96,124.598,0.88849,6.41741,24.6816,0.394793,0.392127,0.986577
24.97,124.842,0.925973,6.42134,24.6806,0.397197,0.393892,0.990979
24.98,125.086,0.964437,6.42529,24.6797,0.39925,0.395383,0.994694
24.99,125.329,1.00391,6.42929,24.6782,0.407838,0.405174,1.01926
25,125.573,1.04447,6.4334,24.6765,0.416441,0.414491,1.04263
25.01,125.816,1.08611,6.43758,24.6751,0.422729,0.420694,1.05817
25.02,126.059,1.12882,6.44181,24.6738,0.427479,0.424977,1.06889
25.03,126.302,1.17261,6.44608,24.6726,0.43119,0.428073,1.07662
25.04,126.545,1.21746,6.45037,24.6715,0.434185,0.430431,1.0825
25.05,126.787,1.26339,6.45468,24.6704,0.436682,0.432327,1.08722
25.06,127.029,1.31038,6.45902,24.6694,0.438824,0.433932,1.09122
25.07,127.271,1.35845,6.46338,24.668,0.444257,0.439828,1.10598
25.08,127.513,1.40767,6.46783,24.6663,0.452728,0.4492,1.12947
25.09,127.755,1.45804,6.47236,24.6647,0.45893,0.455455,1.14512
25.1,127.996,1.50956,6.47694,24.6633,0.463628,0.459793,1.15596
25.11,128.237,1.56222,6.48155,24.662,0.467316,0.462947,1.16383
25.12,128.478,1.61604,6.4862,24.6608,0.470313,0.465367,1.16986
25.13,128.718,1.67099,6.49086,24.6596,0.47283,0.467329,1.17474
25.14,128.958,1.72709,6.49554,24.6585,0.475008,0.469005,1.17889
25.15,129.198,1.78434,6.50024,24.6574,0.476944,0.4705,1.1826
25.16,129.438,1.84277,6.505,24.6556,0.485334,0.480059,1.20654
25.17,129.677,1.90241,6.50984,24.654,0.491472,0.486444,1.22251
25.18,129.916,1.96327,6.51473,24.6525,0.496127,0.490879,1.23358
25.19,130.154,2.02534,6.51966,24.6511,0.499792,0.494114,1.24164
25.2,130.393,2.08861,6.52461,24.6498,0.502784,0.496606,1.24784
25.21,130.631,2.15309,6.52959,24.6486,0.505313,0.498637,1.25288
25.22,130.868,2.21878,6.53459,24.6474,0.507517,0.50038,1.2572
25.23,131.106,2.28567,6.5396,24.6463,0.509489,0.501943,1.26106
25.24,131.343,2.35378,6.54465,24.6447,0.515236,0.508308,1.27697
25.25,131.579,2.42316,6.54977,24.6431,0.520974,0.514382,1.29214
25.26,131.815,2.4938,6.55493,24.6416,0.525358,0.518639,1.30276
25.27,132.051,2.56569,6.56014,24.6402,0.528842,0.521779,1.31057
25.28,132.286,2.63884,6.56537,24.6389,0.531717,0.52423,1.31666
25.29,132.521,2.71325,6.57062,24.6376,0.534175,0.526255,1.32168
25.3,132.756,2.78891,6.5759,24.6364,0.536342,0.528015,1.32603
25.31,132.99,2.86582,6.58119,24.6352,0.538304,0.52961,1.32998
25.32,133.224,2.94399,6.58649,24.6339,0.541511,0.532867,1.33808
25.33,133.457,3.02344,6.59186,24.6323,0.54683,0.538631,1.35247
25.34,133.69,3.1042,6.59727,24.6308,0.550922,0.542707,1.36262
25.35,133.922,3.18624,6.60271,24.6294,0.554205,0.545746,1.37017
25.36,134.154,3.26958,6.60818,24.6281,0.556945,0.54815,1.37613
25.37,134.385,3.3542,6.61367,24.6268,0.559315,0.55016,1.38111
25.38,134.616,3.44012,6.61919,24.6256,0.56143,0.551928,1.38548
25.39,134.846,3.52732,6.62471,24.6244,0.563366,0.553546,1.38948
25.4,135.076,3.61581,6.63026,24.6233,0.565176,0.555073,1.39324
25.41,135.305,3.70561,6.63584,24.6218,0.569746,0.560057,1.40567
25.42,135.534,3.79672,6.64146,24.6203,0.573329,0.56366,1.41463
25.43,135.762,3.88914,6.64711,24.619,0.576262,0.566417,1.42147
25.44,135.99,3.98288,6.65279,24.6178,0.578762,0.568655,1.42701
25.45,136.217,4.07793,6.65848,24.6165,0.580969,0.570575,1.43176
25.46,136.444,4.17428,6.6642,24.6153,0.582976,0.572299,1.43602
25.47,136.67,4.27195,6.66993,24.6142,0.584843,0.573905,1.43998
25.48,136.895,4.37093,6.67568,24.613,0.586613,0.575438,1.44376
25.49,137.12,4.47121,6.68145,24.6118,0.589433,0.578329,1.45094
25.5,137.344,4.57282,6.68725,24.6105,0.592445,0.58138,1.45851
25.51,137.568,4.67575,6.69308,24.6092,0.594984,0.583802,1.46452
25.52,137.791,4.78001,6.69892,24.608,0.597211,0.58584,1.46956
25.53,138.013,4.88558,6.70479,24.6069,0.59923,0.587645,1.47402
25.54,138.235,4.99247,6.71068,24.6057,0.601107,0.589308,1.47812
25.55,138.456,5.10068,6.71658,24.6046,0.602887,0.590885,1.48201
25.56,138.677,5.2102,6.7225,24.6035,0.604601,0.592413,1.48577
25.57,138.896,5.32104,6.72843,24.6024,0.606433,0.59412,1.48999
25.58,139.115,5.4332,6.73438,24.6012,0.60871,0.596378,1.49558
25.59,139.334,5.54667,6.74036,24.6001,0.610747,0.598315,1.50037
25.6,139.551,5.66146,6.74635,24.599,0.612626,0.600058,1.50467
25.61,139.768,5.77757,6.75236,24.5979,0.614402,0.601686,1.50869
25.62,139.985,5.89499,6.75839,24.5969,0.61611,0.603245,1.51253
25.63,140.2,6.01373,6.76443,24.5958,0.617773,0.604766,1.51628
25.64,140.415,6.13378,6.77048,24.5948,0.619406,0.606267,1.51998
25.65,140.629,6.25513,6.77655,24.5938,0.621022,0.607758,1.52366
25.66,140.842,6.3778,6.78264,24.5928,0.622435,0.609008,1.52673
25.67,141.055,6.50176,6.78874,24.5918,0.623846,0.610282,1.52986
25.68,141.266,6.62703,6.79485,24.5908,0.625295,0.611618,1.53315
25.69,141.477,6.7536,6.80097,24.5899,0.626771,0.612996,1.53654
25.7,141.687,6.88147,6.80711,24.5889,0.628268,0.614406,1.54002
25.71,141.897,7.01064,6.81326,24.5879,0.629782,0.615838,1.54355
25.72,142.105,7.1411,6.81943,24.587,0.631311,0.617289,1.54712
25.73,142.313,7.27286,6.82561,24.586,0.632855,0.618756,1.55074
25.74,142.52,7.4059,6.8318,24.5851,0.634049,0.619779,1.55325
25.75,142.726,7.54023,6.838,24.5844,0.634663,0.620127,1.55407
25.76,142.931,7.67583,6.84421,24.5835,0.635568,0.620894,1.55594
25.77,143.135,7.81271,6.85042,24.5827,0.636667,0.621922,1.55846
25.78,143.338,7.95086,6.85665,24.5818,0.637899,0.623116,1.5614
25.79,143.541,8.09029,6.86288,24.581,0.639226,0.624417,1.56461
25.8,143.743,8.23098,6.86914,24.5801,0.640622,0.625789,1.56799
25.81,143.943,8.37294,6.8754,24.5792,0.64207,0.62721,1.57149
25.82,144.143,8.51617,6.88168,24.5784,0.643559,0.628667,1.57509
25.83,144.342,8.66064,6.88797,24.5778,0.643444,0.628128,1.5737
25.84,144.54,8.80637,6.89425,24.5771,0.643708,0.628175,1.57377
25.85,144.737,8.95333,6.90053,24.5764,0.644365,0.628759,1.57519
25.86,144.934,9.10153,6.90682,24.5757,0.645289,0.629678,1.57745
25.87,145.129,9.25097,6.91313,24.5749,0.646398,0.630809,1.58023
25.88,145.323,9.40164,6.91944,24.5742,0.647637,0.632076,1.58336
25.89,145.516,9.55354,6.92577,24.5734,0.648972,0.633433,1.58671
25.9,145.709,9.70667,6.93211,24.5726,0.650378,0.634852,1.59021
25.91,145.9,9.86103,6.93847,24.572,0.650764,0.634957,1.59043
25.92,146.09,10.0166,6.94481,24.5715,0.650194,0.633985,1.58797
25.93,146.279,10.1733,6.95115,24.571,0.650285,0.633941,1.58782
25.94,146.468,10.3313,6.95749,24.5704,0.650817,0.63447,1.58911
25.95,146.655,10.4904,6.96384,24.5698,0.65165,0.635358,1.59129
25.96,146.841,10.6508,6.9702,24.5691,0.652692,0.636473,1.59405
25.97,147.027,10.8123,6.97657,24.5685,0.653884,0.637735,1.59716
25.98,147.211,10.975,6.98296,24.5678,0.655185,0.639095,1.60052
25.99,147.394,11.1389,6.98935,24.5671,0.656569,0.64052,1.60405
26,147.576,11.3039,6.99575,24.5668,0.655086,0.638382,1.59868
26.01,147.757,11.4701,7.00212,24.5664,0.654561,0.637618,1.59674
26.02,147.937,11.6375,7.0085,24.566,0.654669,0.637701,1.59692
26.03,148.116,11.806,7.01488,24.5655,0.655205,0.638311,1.59841
26.04,148.294,11.9756,7.02127,24.565,0.656035,0.639251,1.60073
26.05,148.47,12.1464,7.02767,24.5644,0.657073,0.640403,1.60358
26.06,148.646,12.3183,7.03408,24.5638,0.658262,0.641691,1.60677
26.07,148.82,12.4913,7.0405,24.5632,0.659561,0.643071,1.61018
26.08,148.994,12.6655,7.04693,24.5628,0.6591,0.642196,1.60797
26.09,149.166,12.8407,7.05335,24.5627,0.65776,0.6404,1.60346
26.1,149.337,13.017,7.05975,24.5624,0.657316,0.639845,1.60205
26.11,149.507,13.1945,7.06614,24.562,0.657469,0.640058,1.60256
26.12,149.676,13.373,7.07255,24.5616,0.658031,0.640749,1.60426
26.13,149.844,13.5526,7.07896,24.5611,0.658875,0.641742,1.60672
26.14,150.01,13.7332,7.08539,24.5606,0.659922,0.642929,1.60966
26.15,150.176,13.915,7.09182,24.5601,0.661116,0.644243,1.61291
26.16,150.34,14.0978,7.09827,24.5596,0.662421,0.645642,1.61638
26.17,150.503,14.2816,7.10471,24.5596,0.660085,0.642513,1.60855
26.18,150.664,14.4665,7.11113,24.5594,0.658973,0.641136,1.60509
26.19,150.825,14.6524,7.11753,24.5592,0.65867,0.640838,1.60433
26.2,150.984,14.8394,7.12394,24.5589,0.658913,0.641209,1.60524
26.21,151.143,15.0273,7.13036,24.5585,0.659531,0.642,1.6072
26.22,151.3,15.2163,7.13679,24.5582,0.660413,0.643057,1.60982
26.23,151.455,15.4063,7.14322,24.5577,0.661485,0.644286,1.61286
26.24,151.61,15.5973,7.14967,24.5573,0.662697,0.645628,1.61619
26.25,151.763,15.7892,7.15613,24.5571,0.661821,0.644292,1.61284
26.26,151.915,15.9822,7.16256,24.5572,0.659905,0.641865,1.60677
26.27,152.066,16.1761,7.16897,24.5571,0.65906,0.640918,1.60439
26.28,152.216,16.371,7.17538,24.5569,0.658928,0.640884,1.60429
26.29,152.364,16.5668,7.18179,24.5566,0.659283,0.64142,1.60562
26.3,152.511,16.7636,7.18821,24.5563,0.659975,0.642313,1.60783
26.31,152.657,16.9613,7.19464,24.556,0.660908,0.643435,1.61062
26.32,152.801,17.1599,7.20108,24.5556,0.662015,0.644707,1.61378
26.33,152.945,17.3595,7.20753,24.5552,0.663252,0.646078,1.61718
26.34,153.086,17.56,7.21397,24.5554,0.66037,0.642322,1.6078
26.35,153.227,17.7614,7.22038,24.5555,0.658879,0.640554,1.60338
26.36,153.366,17.9637,7.22679,24.5554,0.658307,0.64001,1.60201
26.37,153.505,18.1668,7.23319,24.5553,0.658356,0.640225,1.60254
26.38,153.641,18.3709,7.23959,24.5551,0.65883,0.640915,1.60425
26.39,153.777,18.5758,7.24601,24.5548,0.659604,0.641905,1.60671
26.4,153.911,18.7816,7.25243,24.5545,0.660593,0.643089,1.60966
26.41,154.044,18.9883,7.25887,24.5542,0.66174,0.644401,1.61292
26.42,154.175,19.1958,7.26532,24.5541,0.661047,0.643326,1.61023
26.43,154.305,19.4041,7.27173,24.5543,0.658635,0.640308,1.60269
26.44,154.434,19.6133,7.27812,24.5544,0.657447,0.638991,1.59939
26.45,154.561,19.8232,7.28451,24.5544,0.657074,0.638725,1.59872
26.46,154.688,20.034,7.2909,24.5543,0.657253,0.639111,1.59968
26.47,154.812,20.2456,7.2973,24.5541,0.657816,0.639907,1.60166
26.48,154.936,20.458,7.3037,24.5539,0.658651,0.640964,1.6043
26.49,155.058,20.6711,7.31012,24.5536,0.659682,0.642191,1.60735
26.5,155.178,20.8851,7.31655,24.5533,0.660859,0.64353,1.61068
26.51,155.298,21.0998,7.32296,24.5536,0.658031,0.639857,1.60151
26.52,155.416,21.3153,7.32935,24.5538,0.656199,0.637698,1.59612
26.53,155.532,21.5315,7.33572,24.5539,0.655389,0.636908,1.59415
26.54,155.647,21.7484,7.34209,24.5539,0.655266,0.636966,1.59429
26.55,155.761,21.9661,7.34846,24.5538,0.655614,0.637552,1.59575
26.56,155.873,22.1845,7.35484,24.5536,0.656292,0.638473,1.59805
26.57,155.984,22.4036,7.36123,24.5534,0.657207,0.639609,1.60088
26.58,156.094,22.6234,7.36764,24.5532,0.658295,0.640886,1.60406
26.59,156.202,22.844,7.37405,24.5532,0.65748,0.639692,1.60107
26.6,156.309,23.0652,7.38042,24.5536,0.654887,0.636485,1.59306
26.61,156.414,23.287,7.38678,24.5537,0.653568,0.635046,1.58947
26.62,156.518,23.5096,7.39313,24.5538,0.653097,0.634699,1.58861
26.63,156.621,23.7327,7.39947,24.5538,0.653202,0.635029,1.58944
26.64,156.722,23.9566,7.40583,24.5537,0.653705,0.635786,1.59132
26.65,156.822,24.1811,7.41219,24.5535,0.654492,0.636813,1.59389
26.66,156.92,24.4062,7.41857,24.5534,0.655483,0.638016,1.59688
26.67,157.017,24.6319,7.42495,24.5532,0.656626,0.639335,1.60017
26.68,157.112,24.8582,7.43133,24.5535,0.654074,0.636005,1.59186
26.69,157.206,25.0852,7.43768,24.5538,0.652021,0.633573,1.58579
26.7,157.299,25.3127,7.44401,24.5539,0.651056,0.632609,1.58339
26.71,157.39,25.5408,7.45033,24.554,0.650822,0.632554,1.58325
26.72,157.48,25.7695,7.45666,24.554,0.651087,0.633066,1.58453
26.73,157.568,25.9987,7.463,24.5539,0.651702,0.633935,1.58671
26.74,157.654,26.2285,7.46934,24.5538,0.652566,0.635033,1.58945
26.75,157.74,26.4589,7.4757,24.5536,0.653613,0.636281,1.59256
26.76,157.824,26.6898,7.48206,24.5536,0.653228,0.635643,1.59096
26.77,157.906,26.9212,7.4884,24.5541,0.650422,0.632154,1.58226
26.78,157.987,27.1531,7.49471,24.5543,0.648955,0.630537,1.57823
26.79,158.066,27.3855,7.50101,24.5544,0.648379,0.630074,1.57708
26.8,158.144,27.6184,7.50731,24.5545,0.648406,0.630328,1.57771
26.81,158.221,27.8518,7.51362,24.5544,0.648851,0.631032,1.57947
26.82,158.296,28.0857,7.51994,24.5544,0.649591,0.632021,1.58194
26.83,158.369,28.3201,7.52626,24.5543,0.650543,0.633194,1.58487
26.84,158.441,28.5549,7.5326,24.5541,0.651653,0.63449,1.58811
26.85,158.512,28.7902,7.53894,24.5544,0.649498,0.631651,1.58102
26.86,158.581,29.0259,7.54524,24.5548,0.647304,0.629029,1.57448
26.87,158.649,29.262,7.55152,24.555,0.64624,0.627945,1.57178
26.88,158.715,29.4986,7.5578,24.5551,0.645935,0.62781,1.57145
26.89,158.78,29.7355,7.56408,24.5551,0.646146,0.628267,1.5726
26.9,158.843,29.9729,7.57037,24.5551,0.646718,0.629097,1.57467
26.91,158.904,30.2107,7.57666,24.555,0.647548,0.630166,1.57734
26.92,158.965,30.4488,7.58297,24.5549,0.648565,0.631389,1.5804
26.93,159.023,30.6874,7.58929,24.5549,0.648669,0.631379,1.58037
26.94,159.08,30.9263,7.59558,24.5554,0.645733,0.627697,1.57119
26.95,159.136,31.1655,7.60185,24.5556,0.644177,0.625958,1.56685
26.96,159.19,31.4051,7.6081,24.5558,0.643538,0.625416,1.5655
26.97,159.243,31.645,7.61436,24.5559,0.643519,0.625616,1.56601
26.98,159.294,31.8853,7.62062,24.5559,0.643927,0.626282,1.56768
26.99,159.344,32.1258,7.62689,24.5559,0.644636,0.627242,1.57008
27,159.392,32.3667,7.63317,24.5558,0.645563,0.628392,1.57295
27.01,159.439,32.6079,7.63946,24.5557,0.646651,0.629668,1.57614
27.02,159.484,32.8493,7.64575,24.5559,0.64496,0.627403,1.57049
27.03,159.527,33.0911,7.652,24.5563,0.642683,0.624652,1.56362
27.04,159.57,33.3331,7.65824,24.5566,0.641562,0.623484,1.56072
27.05,159.61,33.5753,7.66448,24.5567,0.641215,0.623293,1.56025
27.06,159.649,33.8179,7.67071,24.5568,0.641395,0.623712,1.5613
27.07,159.687,34.0606,7.67695,24.5568,0.641942,0.624513,1.5633
27.08,159.723,34.3036,7.6832,24.5567,0.642749,0.625559,1.56592
27.09,159.758,34.5468,7.68947,24.5566,0.643747,0.626764,1.56893
27.1,159.791,34.7902,7.69574,24.5566,0.644362,0.627406,1.57053
27.11,159.822,35.0338,7.70199,24.557,0.64135,0.623592,1.56102
27.12,159.852,35.2777,7.70822,24.5574,0.639744,0.621768,1.55647
27.13,159.881,35.5217,7.71443,24.5575,0.63907,0.62117,1.55498
27.14,159.908,35.7658,7.72064,24.5576,0.639024,0.621332,1.5554
27.15,159.933,36.0102,7.72686,24.5577,0.639411,0.621969,1.55699
27.16,159.957,36.2546,7.73308,24.5576,0.640102,0.622908,1.55934
27.17,159.98,36.4993,7.73932,24.5576,0.641014,0.62404,1.56217
27.18,160,36.7441,7.74556,24.5575,0.642086,0.6253,1.56532
27.19,160.02,36.9889,7.75182,24.5577,0.640887,0.623641,1.56118
27.2,160.038,37.234,7.75803,24.5581,0.638561,0.620797,1.55409
27.21,160.054,37.4791,7.76423,24.5583,0.637409,0.619568,1.55103
27.22,160.069,37.7243,7.77043,24.5585,0.637039,0.619337,1.55046
27.23,160.082,37.9696,7.77662,24.5585,0.637201,0.619727,1.55144
27.24,160.094,38.215,7.78282,24.5586,0.637733,0.620507,1.55339
27.25,160.104,38.4604,7.78904,24.5585,0.638528,0.621536,1.55596
27.26,160.113,38.706,7.79526,24.5584,0.639513,0.622726,1.55894
27.27,160.12,38.9515,7.80149,24.5583,0.64064,0.624023,1.56218
27.28,160.126,39.1971,7.80771,24.5588,0.637581,0.620106,1.5524
27.29,160.13,39.4428,7.8139,24.5591,0.635946,0.618217,1.54769
27.3,160.133,39.6884,7.82008,24.5593,0.635251,0.617576,1.5461
27.31,160.134,39.9341,7.82625,24.5594,0.63519,0.617709,1.54644
27.32,160.133,40.1798,7.83243,24.5594,0.635565,0.618324,1.54798
27.33,160.131,40.4254,7.83862,24.5594,0.636247,0.619246,1.55029
27.34,160.128,40.6711,7.84482,24.5594,0.637148,0.620365,1.55308
27.35,160.123,40.9167,7.85103,24.5593,0.638211,0.621612,1.5562
27.36,160.117,41.1623,7.85725,24.5594,0.637504,0.620563,1.55358
27.37,160.109,41.4079,7.86343,24.5598,0.635146,0.617641,1.54629
27.38,160.099,41.6533,7.8696,24.5601,0.633974,0.616363,1.54311
27.39,160.088,41.8988,7.87576,24.5602,0.63359,0.616098,1.54246
27.4,160.075,42.1442,7.88193,24.5603,0.633742,0.616465,1.54338
27.41,160.061,42.3894,7.88809,24.5603,0.634265,0.617227,1.54529
27.42,160.046,42.6346,7.89427,24.5602,0.635052,0.618242,1.54783
27.43,160.029,42.8797,7.90046,24.5602,0.636029,0.61942,1.55077
27.44,160.01,43.1247,7.90666,24.56,0.637148,0.620706,1.55398
27.45,159.99,43.3696,7.91285,24.5605,0.634563,0.617355,1.54562
27.46,159.968,43.6143,7.91901,24.5608,0.632904,0.615406,1.54076
27.47,159.945,43.8589,7.92516,24.561,0.632195,0.614727,1.53907
27.48,159.921,44.1033,7.93131,24.561,0.632125,0.614833,1.53934
27.49,159.895,44.3476,7.93746,24.5611,0.632492,0.61543,1.54084
27.5,159.867,44.5918,7.94362,24.5611,0.633166,0.616338,1.54311
27.51,159.838,44.8357,7.94979,24.561,0.634061,0.617445,1.54588
27.52,159.807,45.0795,7.95597,24.5609,0.635117,0.618682,1.54897
27.53,159.775,45.3231,7.96216,24.561,0.634894,0.618233,1.54785
27.54,159.742,45.5665,7.96833,24.5614,0.632505,0.615233,1.54036
27.55,159.706,45.8096,7.97447,24.5616,0.631313,0.613905,1.53705
27.56,159.67,46.0526,7.98061,24.5617,0.630917,0.613609,1.53632
27.57,159.632,46.2953,7.98674,24.5618,0.63106,0.613953,1.53719
27.58,159.592,46.5378,7.99289,24.5618,0.631577,0.614699,1.53905
27.59,159.551,46.7801,7.99904,24.5618,0.632358,0.615702,1.54156
27.6,159.508,47.022,8.0052,24.5617,0.63333,0.61687,1.54448
27.61,159.464,47.2637,8.01138,24.5615,0.634443,0.618147,1.54767
27.62,159.419,47.5052,8.01755,24.5618,0.63267,0.615769,1.54174
27.63,159.372,47.7463,8.0237,24.5621,0.630863,0.613583,1.53628
27.64,159.323,47.9872,8.02983,24.5623,0.630056,0.612755,1.53422
27.65,159.273,48.2278,8.03595,24.5624,0.629921,0.612769,1.53426
27.66,159.222,48.468,8.04208,24.5625,0.630244,0.613306,1.53561
27.67,159.169,48.708,8.04822,24.5624,0.630887,0.614175,1.53778
27.68,159.114,48.9476,8.05437,24.5624,0.631758,0.615255,1.54048
27.69,159.059,49.1868,8.06053,24.5623,0.632796,0.616473,1.54352
27.7,159.001,49.4257,8.0667,24.5622,0.633033,0.616608,1.54386
27.71,158.942,49.6643,8.07285,24.5626,0.630597,0.613514,1.53614
27.72,158.882,49.9025,8.07897,24.5629,0.629376,0.612127,1.53268
27.73,158.82,50.1403,8.08509,24.563,0.62896,0.611793,1.53185
27.74,158.757,50.3778,8.09121,24.5631,0.629091,0.612113,1.53266
27.75,158.692,50.6148,8.09733,24.563,0.629598,0.612842,1.53448
27.76,158.626,50.8515,8.10347,24.563,0.630371,0.613832,1.53696
27.77,158.559,51.0877,8.10961,24.5629,0.631336,0.61499,1.53985
27.78,158.49,51.3235,8.11577,24.5628,0.632444,0.616259,1.54302
27.79,158.419,51.5589,8.12193,24.563,0.631113,0.61442,1.53843
27.8,158.347,51.7939,8.12806,24.5633,0.629267,0.612153,1.53277
27.81,158.274,52.0284,8.13417,24.5635,0.628437,0.611276,1.53059
27.82,158.199,52.2624,8.14029,24.5636,0.628286,0.611257,1.53055
27.83,158.123,52.4961,8.1464,24.5636,0.628598,0.611774,1.53184
27.84,158.046,52.7292,8.15252,24.5635,0.629233,0.612628,1.53398
27.85,157.966,52.9618,8.15866,24.5635,0.630099,0.613697,1.53665
27.86,157.886,53.194,8.1648,24.5633,0.631131,0.614907,1.53967
27.87,157.804,53.4257,8.17096,24.5633,0.631829,0.615624,1.54146
27.88,157.721,53.6568,8.17709,24.5636,0.629336,0.612419,1.53346
27.89,157.636,53.8875,8.18321,24.5639,0.628079,0.610964,1.52983
27.9,157.55,54.1176,8.18931,24.564,0.627641,0.610588,1.5289
27.91,157.462,54.3472,8.19542,24.564,0.627757,0.61088,1.52963
27.92,157.373,54.5762,8.20153,24.564,0.628254,0.611591,1.53141
27.93,157.283,54.8048,8.20765,24.564,0.62902,0.612568,1.53385
27.94,157.191,55.0327,8.21379,24.5639,0.629979,0.613717,1.53672
27.95,157.098,55.2601,8.21993,24.5637,0.631082,0.614979,1.53988
27.96,157.004,55.4869,8.22608,24.5639,0.630177,0.613662,1.53659
27.97,156.908,55.7131,8.2322,24.5642,0.628277,0.611297,1.53068
27.98,156.81,55.9387,8.23831,24.5643,0.627412,0.610358,1.52834
27.99,156.712,56.1638,8.24441,24.5644,0.627239,0.610301,1.5282
28,156.612,56.3882,8.25052,24.5644,0.627537,0.610793,1.52944
28.01,156.51,56.612,8.25663,24.5644,0.628162,0.611631,1.53153
28.02,156.407,56.8352,8.26275,24.5643,0.62902,0.612689,1.53418
28.03,156.303,57.0578,8.26888,24.5642,0.630047,0.613891,1.53718
28.04,156.198,57.2797,8.27503,24.564,0.6312,0.615189,1.54042
28.05,156.091,57.5009,8.28116,24.5644,0.628629,0.611848,1.53208
28.06,155.983,57.7215,8.28727,24.5646,0.627324,0.61031,1.52824
28.07,155.873,57.9415,8.29337,24.5647,0.626855,0.609881,1.52717
28.08,155.762,58.1608,8.29947,24.5648,0.62695,0.61014,1.52782
28.09,155.65,58.3793,8.30558,24.5647,0.627433,0.610831,1.52955
28.1,155.536,58.5972,8.31169,24.5647,0.628189,0.611794,1.53196
28.11,155.421,58.8144,8.31781,24.5645,0.629141,0.612933,1.5348
28.12,155.305,59.0309,8.32395,24.5644,0.630238,0.614189,1.53794
28.13,155.188,59.2467,8.33009,24.5645,0.629369,0.612917,1.53476
28.14,155.069,59.4617,8.33621,24.5648,0.627527,0.61062,1.52903
28.15,154.948,59.6761,8.34231,24.565,0.626702,0.609723,1.52679
28.16,154.827,59.8897,8.3484,24.565,0.626556,0.609692,1.52672
28.17,154.704,60.1025,8.3545,24.565,0.626872,0.610199,1.52799
28.18,154.58,60.3146,8.36061,24.565,0.62751,0.611045,1.5301
28.19,154.455,60.5259,8.36672,24.5649,0.628377,0.612109,1.53276
28.2,154.328,60.7365,8.37285,24.5647,0.62941,0.613313,1.53577
28.21,154.2,60.9462,8.37899,24.5646,0.630567,0.614612,1.53901
28.22,154.071,61.1552,8.38512,24.5649,0.628366,0.611706,1.53175
28.23,153.94,61.3634,8.39123,24.5651,0.627001,0.610069,1.52767
28.24,153.808,61.5708,8.39733,24.5652,0.626494,0.609579,1.52645
28.25,153.675,61.7774,8.40342,24.5652,0.626565,0.609801,1.527
28.26,153.541,61.9831,8.40952,24.5652,0.627032,0.610468,1.52867
28.27,153.405,62.1881,8.41563,24.5651,0.627776,0.611416,1.53104
28.28,153.269,62.3922,8.42175,24.565,0.628721,0.612545,1.53386
28.29,153.13,62.5955,8.42789,24.5649,0.629811,0.613793,1.53698
28.3,152.991,62.7979,8.43403,24.5649,0.629341,0.613014,1.53503
28.31,152.851,62.9994,8.44014,24.5652,0.627411,0.610579,1.52895
28.32,152.709,63.2001,8.44624,24.5654,0.62653,0.609597,1.5265
28.33,152.566,63.4,8.45234,24.5654,0.626347,0.609513,1.5263
28.34,152.422,63.5989,8.45843,24.5654,0.626638,0.609988,1.52748
28.35,152.276,63.797,8.46454,24.5654,0.627259,0.610814,1.52955
28.36,152.129,63.9942,8.47065,24.5653,0.628114,0.611864,1.53217
28.37,151.982,64.1905,8.47678,24.5651,0.629139,0.613059,1.53516
28.38,151.833,64.3858,8.48291,24.5649,0.630289,0.614352,1.53838
28.39,151.682,64.5802,8.48905,24.5652,0.628439,0.611867,1.53217
28.4,151.531,64.7738,8.49515,24.5654,0.626994,0.61011,1.52779
28.41,151.378,64.9664,8.50125,24.5655,0.626436,0.609547,1.52638
28.42,151.224,65.1581,8.50735,24.5655,0.626472,0.609723,1.52683
28.43,151.07,65.3488,8.51345,24.5655,0.626915,0.610361,1.52842
28.44,150.913,65.5386,8.51956,24.5654,0.627643,0.611291,1.53075
28.45,150.756,65.7274,8.52568,24.5653,0.628576,0.612408,1.53354
28.46,150.598,65.9152,8.53181,24.5651,0.629659,0.613649,1.53663
28.47,150.438,66.1021,8.53795,24.5651,0.629584,0.613365,1.53592
28.48,150.277,66.288,8.54407,24.5654,0.62755,0.610771,1.52945
28.49,150.116,66.4729,8.55017,24.5656,0.6266,0.609692,1.52675
28.5,149.953,66.6568,8.55626,24.5656,0.626371,0.609548,1.52639
28.51,149.789,66.8397,8.56236,24.5656,0.626633,0.609985,1.52749
28.52,149.623,67.0217,8.56846,24.5656,0.627233,0.610787,1.52949
28.53,149.457,67.2026,8.57458,24.5655,0.628073,0.611822,1.53208
28.54,149.29,67.3824,8.5807,24.5653,0.629087,0.613008,1.53504
28.55,149.121,67.5613,8.58684,24.5651,0.63023,0.614294,1.53825
28.56,148.951,67.7391,8.59297,24.5653,0.628725,0.612227,1.53308
28.57,148.781,67.9159,8.59908,24.5656,0.627187,0.610334,1.52836
28.58,148.609,68.0916,8.60518,24.5657,0.626567,0.609687,1.52674
28.59,148.436,68.2663,8.61128,24.5657,0.626562,0.609811,1.52706
28.6,148.262,68.4399,8.61738,24.5657,0.626978,0.610417,1.52857
28.61,148.087,68.6125,8.62349,24.5656,0.627687,0.611326,1.53084
28.62,147.911,68.7839,8.62961,24.5654,0.628606,0.612431,1.5336
28.63,147.734,68.9543,8.63574,24.5653,0.629679,0.613663,1.53668
28.64,147.556,69.1236,8.64188,24.5652,0.630007,0.613888,1.53724
28.65,147.377,69.2918,8.64801,24.5655,0.627851,0.611114,1.53031
28.66,147.197,69.459,8.65411,24.5657,0.626822,0.609925,1.52734
28.67,147.016,69.625,8.66021,24.5657,0.626542,0.609712,1.52681
28.68,146.834,69.7899,8.66631,24.5657,0.626767,0.610107,1.5278
28.69,146.65,69.9537,8.67241,24.5657,0.627343,0.610883,1.52974
28.7,146.466,70.1164,8.67852,24.5655,0.628166,0.611901,1.53228
28.71,146.281,70.2779,8.68465,24.5654,0.629168,0.613076,1.53522
28.72,146.095,70.4383,8.69079,24.5652,0.630302,0.614355,1.53841
28.73,145.908,70.5975,8.69693,24.5654,0.629144,0.612713,1.5343
28.74,145.72,70.7556,8.70304,24.5656,0.627501,0.610668,1.5292
28.75,145.53,70.9126,8.70914,24.5657,0.626811,0.609927,1.52735
28.76,145.34,71.0684,8.71524,24.5657,0.62676,0.609994,1.52752
28.77,145.149,71.2231,8.72135,24.5657,0.627143,0.610564,1.52894
28.78,144.958,71.3765,8.72746,24.5656,0.62783,0.611451,1.53116
28.79,144.765,71.5288,8.73358,24.5655,0.628734,0.612541,1.53388
28.8,144.571,71.6799,8.73971,24.5653,0.629795,0.613763,1.53693
28.81,144.376,71.8298,8.74585,24.5652,0.630536,0.614516,1.53881
28.82,144.18,71.9785,8.75198,24.5655,0.628246,0.611544,1.53138
28.83,143.984,72.126,8.75809,24.5657,0.627128,0.610232,1.52811
28.84,143.787,72.2723,8.76419,24.5657,0.626789,0.609945,1.52739
28.85,143.588,72.4175,8.77029,24.5657,0.626975,0.610293,1.52827
28.86,143.389,72.5614,8.77639,24.5657,0.627523,0.61104,1.53013
28.87,143.189,72.704,8.78251,24.5655,0.628327,0.612039,1.53263
28.88,142.988,72.8455,8.78864,24.5654,0.629315,0.613203,1.53553
28.89,142.786,72.9857,8.79478,24.5652,0.630439,0.614474,1.5387
28.9,142.584,73.1246,8.80092,24.5654,0.629282,0.612837,1.53461
28.91,142.38,73.2623,8.80703,24.5656,0.627643,0.610801,1.52953
28.92,142.176,73.3988,8.81314,24.5657,0.626957,0.610066,1.5277
28.93,141.97,73.5341,8.81924,24.5657,0.626907,0.610135,1.52787
28.94,141.764,73.668,8.82534,24.5657,0.627292,0.610707,1.5293
28.95,141.558,73.8008,8.83145,24.5656,0.627979,0.611595,1.53152
28.96,141.35,73.9322,8.83757,24.5655,0.628883,0.612685,1.53424
28.97,141.142,74.0624,8.84371,24.5653,0.629945,0.613908,1.53729
28.98,140.932,74.1912,8.84985,24.5651,0.631123,0.61522,1.54057
28.99,140.722,74.3188,8.85599,24.5654,0.628691,0.612034,1.53261
29,140.512,74.4451,8.8621,24.5656,0.627481,0.610592,1.52901
29.01,140.3,74.5702,8.8682,24.5657,0.627081,0.610224,1.52809
29.02,140.088,74.6939,8.87431,24.5657,0.627226,0.610522,1.52884
29.03,139.875,74.8163,8.88041,24.5656,0.627746,0.611238,1.53062
29.04,139.661,74.9375,8.88653,24.5655,0.62853,0.612218,1.53307
29.05,139.446,75.0573,8.89266,24.5654,0.629504,0.613369,1.53595
29.06,139.231,75.1757,8.8988,24.5652,0.630618,0.614633,1.5391
29.07,139.015,75.2929,8.90495,24.5653,0.629811,0.613427,1.53609
29.08,138.798,75.4087,8.91107,24.5655,0.628051,0.611219,1.53057
29.09,138.581,75.5233,8.91717,24.5656,0.627284,0.610378,1.52847
29.1,138.363,75.6365,8.92328,24.5657,0.62718,0.610382,1.52848
29.11,138.144,75.7483,8.92938,24.5656,0.627528,0.610913,1.52981
29.12,137.924,75.8588,8.9355,24.5655,0.62819,0.611775,1.53196
29.13,137.704,75.968,8.94162,24.5654,0.629076,0.612849,1.53465
29.14,137.483,76.0758,8.94776,24.5652,0.630124,0.614062,1.53767
29.15,137.262,76.1822,8.9539,24.565,0.631293,0.615367,1.54093
29.16,137.04,76.2873,8.96004,24.5653,0.629157,0.612534,1.53385
29.17,136.817,76.391,8.96616,24.5655,0.627843,0.610949,1.52989
29.18,136.594,76.4934,8.97226,24.5656,0.627373,0.610493,1.52876
29.19,136.37,76.5944,8.97837,24.5656,0.627471,0.610736,1.52937
29.2,136.145,76.6941,8.98448,24.5655,0.627959,0.611418,1.53107
29.21,135.92,76.7923,8.9906,24.5654,0.62872,0.612377,1.53347
29.22,135.694,76.8892,8.99673,24.5653,0.629677,0.613514,1.5363
29.23,135.468,76.9847,9.00287,24.5651,0.630779,0.614769,1.53943
29.24,135.241,77.0787,9.00902,24.5651,0.630868,0.614688,1.53923
29.25,135.013,77.1714,9.01516,24.5652,0.630005,0.613516,1.5363
29.26,134.785,77.2627,9.0213,24.5652,0.629868,0.613333,1.53584
29.27,134.556,77.3526,9.02743,24.5651,0.630218,0.613765,1.53692
29.28,134.327,77.4411,9.03357,24.565,0.630901,0.61458,1.53896
29.29,134.097,77.5281,9.03972,24.5648,0.631818,0.615639,1.5416
29.3,133.867,77.6137,9.04589,24.5646,0.632903,0.616855,1.54463
29.31,133.636,77.6979,9.05206,24.5644,0.63411,0.618174,1.54792
29.32,133.405,77.7807,9.05825,24.5642,0.63541,0.619563,1.55138
29.33,133.173,77.862,9.0644,24.5651,0.628669,0.610971,1.52992
29.34,132.94,77.942,9.07048,24.5658,0.623794,0.605306,1.51578
29.35,132.707,78.0206,9.07651,24.5663,0.620859,0.602302,1.50829
29.36,132.474,78.0979,9.08253,24.5666,0.619219,0.600942,1.5049
29.37,132.24,78.1737,9.08853,24.5668,0.61846,0.600603,1.50407
29.38,132.006,78.2482,9.09454,24.5669,0.618312,0.600905,1.50483
29.39,131.772,78.3212,9.10055,24.567,0.618595,0.601613,1.50661
29.4,131.537,78.3928,9.10658,24.567,0.61919,0.602582,1.50904
29.41,131.301,78.463,9.1126,24.5676,0.615718,0.598282,1.4983
29.42,131.065,78.5319,9.11851,24.5691,0.605512,0.586105,1.4679
29.43,130.829,78.5995,9.12433,24.5702,0.598913,0.579028,1.45024
29.44,130.592,78.6658,9.13009,24.5711,0.594701,0.575091,1.44043
29.45,130.355,78.7307,9.13583,24.5718,0.592097,0.573098,1.43548
29.46,130.118,78.7943,9.14156,24.5723,0.590595,0.572316,1.43355
29.47,129.88,78.8566,9.14728,24.5728,0.589865,0.572297,1.43353
29.48,129.642,78.9175,9.15301,24.5731,0.589683,0.572762,1.43471
29.49,129.403,78.977,9.15874,24.5734,0.5899,0.573539,1.43668
29.5,129.164,79.0352,9.1644,24.5753,0.577835,0.558907,1.40013
29.51,128.925,79.0922,9.16992,24.577,0.567384,0.547227,1.37097
29.52,128.686,79.148,9.17536,24.5784,0.5605,0.540388,1.35391
29.53,128.446,79.2026,9.18074,24.5796,0.555999,0.536538,1.34433
29.54,128.206,79.2559,9.18609,24.5805,0.553119,0.534545,1.33939
29.55,127.966,79.3079,9.19143,24.5814,0.551361,0.533713,1.33735
29.56,127.725,79.3587,9.19677,24.5821,0.550395,0.533616,1.33715
29.57,127.484,79.4082,9.2021,24.5827,0.549998,0.533988,1.33811
29.58,127.243,79.4564,9.20744,24.5837,0.546101,0.529683,1.32738
29.59,127.002,79.5035,9.21263,24.5861,0.530828,0.51167,1.28236
29.6,126.76,79.5495,9.21768,24.588,0.520667,0.50087,1.25539
29.61,126.519,79.5943,9.22265,24.5896,0.513888,0.494513,1.23954
29.62,126.276,79.638,9.22758,24.591,0.509386,0.490905,1.23056
29.63,126.034,79.6806,9.23247,24.5921,0.506443,0.48901,1.22587
29.64,125.792,79.722,9.23736,24.5932,0.504588,0.48819,1.22387
29.65,125.549,79.7622,9.24224,24.5941,0.503506,0.488052,1.22357
29.66,125.306,79.8012,9.24712,24.595,0.502983,0.488352,1.22436
29.67,125.063,79.8392,9.25194,24.5972,0.489776,0.472609,1.185
29.68,124.82,79.8761,9.25658,24.5995,0.476422,0.457705,1.14774
29.69,124.576,79.912,9.2611,24.6014,0.467451,0.448758,1.12539
29.7,124.333,79.9469,9.26556,24.603,0.461405,0.443488,1.11225
29.71,124.089,79.9808,9.26997,24.6044,0.457345,0.440502,1.10482
29.72,123.845,80.0137,9.27437,24.6057,0.454658,0.438944,1.10097
29.73,123.601,80.0455,9.27876,24.6069,0.452938,0.438287,1.09938
29.74,123.357,80.0762,9.28314,24.608,0.451911,0.438205,1.09922
29.75,123.113,80.1059,9.28752,24.6092,0.44926,0.435776,1.09318
29.76,122.868,80.1346,9.29175,24.6118,0.431838,0.415194,1.04166
29.77,122.624,80.1625,9.29583,24.614,0.420134,0.402697,1.01039
29.78,122.379,80.1895,9.29981,24.6158,0.412209,0.395179,0.991605
29.79,122.134,80.2156,9.30374,24.6175,0.406824,0.390743,0.980539
29.8,121.889,80.2408,9.30763,24.6189,0.403175,0.388226,0.974282
29.81,121.644,80.2651,9.31151,24.6203,0.400735,0.386914,0.971042
29.82,121.399,80.2884,9.31537,24.6215,0.399151,0.386364,0.969712
29.83,121.154,80.3108,9.31924,24.6227,0.398185,0.386303,0.969606
29.84,120.908,80.3323,9.32305,24.6247,0.386294,0.372313,0.934568
29.85,120.663,80.353,9.32668,24.627,0.372128,0.356419,0.894752
29.86,120.418,80.373,9.33018,24.6289,0.362532,0.346755,0.870561
29.87,120.172,80.3923,9.33362,24.6306,0.355981,0.340939,0.85602
29.88,119.926,80.4107,9.33701,24.6322,0.351495,0.337513,0.847472
29.89,119.681,80.4284,9.34037,24.6336,0.348432,0.335581,0.842669
29.9,119.435,80.4452,9.34372,24.6351,0.344389,0.332072,0.833908
29.91,119.189,80.4614,9.34698,24.637,0.335156,0.322121,0.808978
29.92,118.943,80.4768,9.35016,24.6386,0.328915,0.316131,0.793987
29.93,118.697,80.4915,9.3533,24.6401,0.324682,0.312595,0.785154
29.94,118.451,80.5054,9.35642,24.6415,0.320843,0.30934,0.777024
29.95,118.205,80.5187,9.35945,24.6433,0.311,0.298588,0.750072
29.96,117.959,80.5313,9.36239,24.645,0.304332,0.292079,0.733769
29.97,117.713,80.5433,9.36529,24.6464,0.299791,0.288197,0.724059
29.98,117.466,80.5546,9.36816,24.6479,0.295759,0.284751,0.715444
29.99,117.22,80.5652,9.37094,24.6496,0.286053,0.274211,0.689011
